customerID,gender,SeniorCitizen,Partner,Dependents,tenure,PhoneService,MultipleLines,InternetService,OnlineSecurity,OnlineBackup,DeviceProtection,TechSupport,StreamingTV,StreamingMovies,Contract,PaperlessBilling,PaymentMethod,MonthlyCharges,TotalCharges,Churn,Churn_Probability,Risk,Recommendation,Top_Churn_Drivers,Monthly_Revenue_At_Risk
4376-KFVRS,Male,0,Yes,Yes,72,Yes,Yes,Fiber optic,Yes,Yes,Yes,Yes,Yes,Yes,Two year,Yes,Credit card (automatic),114.05,8468.2,No,0.045871415600404225,Low,Continue regular customer engagement,"num__TotalCharges, cat__InternetService_Fiber optic, cat__InternetService_DSL",0.0
2754-SDJRD,Female,1,No,No,8,Yes,Yes,Fiber optic,No,No,No,Yes,Yes,Yes,Month-to-month,Yes,Credit card (automatic),100.15,908.55,No,0.6820899868742315,Medium,Targeted engagement and personalized offer,"num__tenure, cat__Contract_Month-to-month, cat__InternetService_Fiber optic",0.0
9917-KWRBE,Female,0,Yes,Yes,41,Yes,Yes,DSL,Yes,Yes,Yes,No,Yes,No,One year,Yes,Credit card (automatic),78.35,3211.2,No,0.06261312683237048,Low,Continue regular customer engagement,"num__TotalCharges, cat__Contract_Two year, cat__MultipleLines_No",0.0
0365-GXEZS,Male,0,Yes,No,18,Yes,No,Fiber optic,No,No,Yes,Yes,No,No,Month-to-month,No,Electronic check,78.2,1468.75,No,0.39277855296431224,Low,Continue regular customer engagement,"num__tenure, cat__Contract_Month-to-month, cat__InternetService_Fiber optic",0.0
9385-NXKDA,Female,0,Yes,No,72,Yes,Yes,DSL,Yes,Yes,Yes,No,Yes,Yes,Two year,Yes,Credit card (automatic),82.65,5919.35,No,0.02010912688430943,Low,Continue regular customer engagement,"num__TotalCharges, cat__MultipleLines_No, cat__PaperlessBilling_No",0.0
4686-UXDML,Female,0,No,No,21,Yes,Yes,Fiber optic,No,Yes,No,No,Yes,Yes,Month-to-month,Yes,Credit card (automatic),99.85,1992.55,No,0.6004201073346404,Medium,Targeted engagement and personalized offer,"num__tenure, cat__Contract_Month-to-month, cat__InternetService_Fiber optic",0.0
2227-JRSJX,Female,0,No,No,21,Yes,No,Fiber optic,No,Yes,No,Yes,Yes,Yes,Month-to-month,Yes,Bank transfer (automatic),99.15,1956.4,No,0.44154309403609987,Medium,Targeted engagement and personalized offer,"num__tenure, cat__Contract_Month-to-month, cat__InternetService_Fiber optic",0.0
4830-FAXFM,Male,0,No,Yes,19,Yes,Yes,No,No internet service,No internet service,No internet service,No internet service,No internet service,No internet service,Month-to-month,Yes,Credit card (automatic),24.1,439.2,No,0.12566844890547874,Low,Continue regular customer engagement,"num__tenure, cat__Contract_Month-to-month, cat__Contract_Two year",0.0
1830-IPXVJ,Female,0,Yes,Yes,61,Yes,No,No,No internet service,No internet service,No internet service,No internet service,No internet service,No internet service,Two year,No,Credit card (automatic),19.75,1311.6,No,0.002543335779266509,Low,Continue regular customer engagement,"cat__InternetService_DSL, cat__OnlineSecurity_Yes, cat__Partner_No",0.0
4690-LLKUA,Male,1,No,No,17,Yes,No,DSL,No,No,No,No,No,No,Month-to-month,Yes,Electronic check,45.05,770.6,Yes,0.39625179397215693,Low,Continue regular customer engagement,"num__tenure, cat__Contract_Month-to-month, cat__PaymentMethod_Electronic check",0.0
5804-HYIEZ,Male,0,Yes,Yes,70,Yes,Yes,Fiber optic,Yes,Yes,No,No,Yes,Yes,Month-to-month,Yes,Electronic check,106.05,7554.05,No,0.2765988247171067,Low,Continue regular customer engagement,"num__TotalCharges, cat__Contract_Month-to-month, cat__InternetService_Fiber optic",0.0
2388-LAESQ,Female,1,Yes,No,72,Yes,Yes,Fiber optic,Yes,Yes,Yes,Yes,Yes,Yes,Two year,Yes,Bank transfer (automatic),114.85,8317.95,No,0.06360534755984414,Low,Continue regular customer engagement,"num__TotalCharges, cat__InternetService_Fiber optic, cat__InternetService_DSL",0.0
5533-RJFTJ,Male,0,No,No,49,No,No phone service,DSL,No,No,Yes,No,No,No,Month-to-month,Yes,Bank transfer (automatic),30.2,1453.1,No,0.1250421980611533,Low,Continue regular customer engagement,"cat__Contract_Month-to-month, cat__PhoneService_Yes, cat__Contract_Two year",0.0
4706-AXVKM,Female,1,No,No,11,Yes,Yes,Fiber optic,No,No,No,No,No,Yes,Month-to-month,Yes,Credit card (automatic),84.8,906.85,Yes,0.6837683094406075,Medium,Targeted engagement and personalized offer,"num__tenure, cat__Contract_Month-to-month, cat__InternetService_Fiber optic",0.0
0997-YTLNY,Female,0,No,Yes,19,Yes,No,DSL,No,No,No,Yes,No,No,Month-to-month,No,Mailed check,48.8,953.65,No,0.12552634954395173,Low,Continue regular customer engagement,"num__tenure, cat__Contract_Month-to-month, cat__Contract_Two year",0.0
7971-HLVXI,Male,0,Yes,Yes,72,Yes,Yes,Fiber optic,No,No,No,No,No,Yes,Two year,Yes,Credit card (automatic),84.5,6130.85,No,0.056105932358449864,Low,Continue regular customer engagement,"num__TotalCharges, cat__InternetService_Fiber optic, cat__InternetService_DSL",0.0
7337-CINUD,Female,0,Yes,Yes,8,Yes,No,No,No internet service,No internet service,No internet service,No internet service,No internet service,No internet service,Two year,No,Bank transfer (automatic),19.5,159.35,No,0.031910994219108146,Low,Continue regular customer engagement,"num__tenure, cat__InternetService_DSL, cat__OnlineSecurity_Yes",0.0
1379-FRVEB,Male,0,No,Yes,15,Yes,Yes,Fiber optic,No,Yes,No,No,Yes,No,Month-to-month,Yes,Electronic check,91.0,1430.05,No,0.6391900301447512,Medium,Targeted engagement and personalized offer,"num__tenure, cat__Contract_Month-to-month, cat__InternetService_Fiber optic",0.0
4753-PADAS,Female,0,Yes,No,67,Yes,Yes,Fiber optic,No,Yes,Yes,No,Yes,Yes,One year,Yes,Bank transfer (automatic),105.7,6816.95,No,0.1855510834345713,Low,Continue regular customer engagement,"num__TotalCharges, cat__InternetService_Fiber optic, cat__Contract_Two year",0.0
5701-GUXDC,Female,0,Yes,No,26,No,No phone service,DSL,Yes,No,Yes,No,No,No,One year,No,Credit card (automatic),35.4,978.6,No,0.08596228108462454,Low,Continue regular customer engagement,"num__tenure, cat__PhoneService_Yes, cat__Contract_Two year",0.0
7235-NXZCP,Male,1,No,No,2,Yes,Yes,Fiber optic,No,No,No,No,No,No,Month-to-month,Yes,Mailed check,74.85,156.4,Yes,0.7231692539186715,High,Immediate retention offer and customer support follow-up,"num__tenure, cat__Contract_Month-to-month, cat__InternetService_Fiber optic",74.85
0668-OGMHD,Female,0,Yes,No,21,No,No phone service,DSL,Yes,No,No,No,No,No,Month-to-month,No,Electronic check,28.5,629.35,No,0.262142329637478,Low,Continue regular customer engagement,"num__tenure, cat__Contract_Month-to-month, cat__PhoneService_Yes",0.0
2812-REYAT,Female,0,Yes,No,49,Yes,No,No,No internet service,No internet service,No internet service,No internet service,No internet service,No internet service,One year,Yes,Bank transfer (automatic),20.05,923.1,No,0.01577999166110316,Low,Continue regular customer engagement,"cat__Contract_Two year, cat__InternetService_DSL, cat__PaperlessBilling_No",0.0
8779-YIQQA,Male,0,Yes,Yes,21,Yes,No,No,No internet service,No internet service,No internet service,No internet service,No internet service,No internet service,One year,No,Mailed check,19.8,350.1,No,0.03560446985712445,Low,Continue regular customer engagement,"num__tenure, cat__Contract_Two year, cat__InternetService_DSL",0.0
9701-CDXHR,Female,0,Yes,No,51,Yes,No,Fiber optic,No,No,No,No,No,No,Month-to-month,No,Mailed check,69.15,3649.6,No,0.17657895893456454,Low,Continue regular customer engagement,"num__TotalCharges, cat__Contract_Month-to-month, cat__InternetService_Fiber optic",0.0
7130-CTCUS,Male,1,Yes,No,16,Yes,No,DSL,Yes,Yes,No,No,No,No,Month-to-month,Yes,Bank transfer (automatic),54.55,825.1,No,0.2107524732345895,Low,Continue regular customer engagement,"num__tenure, cat__Contract_Month-to-month, cat__Contract_Two year",0.0
1894-IGFSG,Female,0,No,No,22,Yes,No,Fiber optic,No,No,No,No,Yes,Yes,Month-to-month,No,Electronic check,89.25,1907.85,Yes,0.5671235622055835,Medium,Targeted engagement and personalized offer,"num__tenure, cat__Contract_Month-to-month, cat__InternetService_Fiber optic",0.0
0871-URUWO,Male,0,Yes,No,13,Yes,Yes,Fiber optic,No,No,Yes,No,Yes,Yes,Month-to-month,Yes,Credit card (automatic),102.25,1359,Yes,0.6999216725390597,Medium,Targeted engagement and personalized offer,"num__tenure, cat__Contract_Month-to-month, cat__InternetService_Fiber optic",0.0
0057-QBUQH,Female,0,No,Yes,43,Yes,Yes,No,No internet service,No internet service,No internet service,No internet service,No internet service,No internet service,Two year,Yes,Electronic check,25.1,1070.15,No,0.017395454003836342,Low,Continue regular customer engagement,"cat__PaymentMethod_Electronic check, cat__InternetService_DSL, cat__MultipleLines_No",0.0
9611-CTWIH,Female,0,No,No,3,Yes,No,Fiber optic,No,No,No,No,Yes,Yes,Month-to-month,Yes,Electronic check,89.45,240.45,Yes,0.7717976295235002,High,Immediate retention offer and customer support follow-up,"num__tenure, cat__Contract_Month-to-month, cat__InternetService_Fiber optic",89.45
8058-DMYRU,Male,1,No,No,54,Yes,Yes,Fiber optic,No,Yes,No,No,No,Yes,Month-to-month,Yes,Electronic check,90.05,4931.8,No,0.4450009561855189,Medium,Targeted engagement and personalized offer,"num__TotalCharges, cat__Contract_Month-to-month, cat__InternetService_Fiber optic",0.0
5351-QESIO,Male,0,No,Yes,1,No,No phone service,DSL,No,No,No,No,No,No,Month-to-month,No,Mailed check,24.2,24.2,No,0.4397103406189138,Medium,Targeted engagement and personalized offer,"num__tenure, cat__Contract_Month-to-month, cat__PhoneService_Yes",0.0
4302-ZYFEL,Male,0,Yes,Yes,69,Yes,No,No,No internet service,No internet service,No internet service,No internet service,No internet service,No internet service,One year,Yes,Credit card (automatic),20.55,1403.1,No,0.00489706426917756,Low,Continue regular customer engagement,"cat__Contract_Two year, cat__InternetService_DSL, cat__PaperlessBilling_No",0.0
6134-KWTBV,Male,0,No,No,62,Yes,Yes,No,No internet service,No internet service,No internet service,No internet service,No internet service,No internet service,Two year,No,Bank transfer (automatic),23.4,1429.65,No,0.004252752713550298,Low,Continue regular customer engagement,"cat__InternetService_DSL, cat__MultipleLines_No, cat__OnlineSecurity_Yes",0.0
2034-GDRCN,Female,0,No,No,2,Yes,No,Fiber optic,No,No,No,No,Yes,Yes,Month-to-month,Yes,Electronic check,90.4,168.2,Yes,0.7778768368072646,High,Immediate retention offer and customer support follow-up,"num__tenure, cat__Contract_Month-to-month, cat__InternetService_Fiber optic",90.4
9544-PYPSJ,Female,1,Yes,Yes,62,Yes,Yes,Fiber optic,No,Yes,Yes,No,No,Yes,Month-to-month,Yes,Credit card (automatic),96.1,6019.35,No,0.25973240097915573,Low,Continue regular customer engagement,"num__TotalCharges, cat__Contract_Month-to-month, cat__InternetService_Fiber optic",0.0
4208-UFFGW,Male,1,No,No,2,Yes,No,DSL,No,No,No,No,No,No,Month-to-month,No,Mailed check,44.95,85.15,Yes,0.3814062396266833,Low,Continue regular customer engagement,"num__tenure, cat__Contract_Month-to-month, cat__Contract_Two year",0.0
9537-JALFH,Male,0,Yes,Yes,69,Yes,No,No,No internet service,No internet service,No internet service,No internet service,No internet service,No internet service,Two year,No,Bank transfer (automatic),19.9,1356.7,No,0.0017668468202329942,Low,Continue regular customer engagement,"cat__InternetService_DSL, cat__OnlineSecurity_Yes, cat__Partner_No",0.0
4415-IJZTP,Female,0,No,No,1,Yes,Yes,Fiber optic,No,No,No,No,No,No,Month-to-month,Yes,Electronic check,74.5,74.5,Yes,0.7578795896959923,High,Immediate retention offer and customer support follow-up,"num__tenure, cat__Contract_Month-to-month, cat__InternetService_Fiber optic",74.5
4701-MLJPN,Male,0,No,No,31,Yes,No,DSL,No,No,Yes,Yes,No,No,Month-to-month,Yes,Electronic check,55.25,1715.65,Yes,0.18343053200970674,Low,Continue regular customer engagement,"cat__Contract_Month-to-month, cat__PaymentMethod_Electronic check, cat__Contract_Two year",0.0
7515-LODFU,Male,1,No,No,69,Yes,No,No,No internet service,No internet service,No internet service,No internet service,No internet service,No internet service,Two year,No,Credit card (automatic),20.3,1356.3,No,0.0024376894947291845,Low,Continue regular customer engagement,"cat__InternetService_DSL, num__SeniorCitizen, cat__OnlineSecurity_Yes",0.0
4927-WWOOZ,Male,0,Yes,No,2,Yes,Yes,Fiber optic,No,No,Yes,No,Yes,No,Month-to-month,Yes,Electronic check,91.45,171.45,No,0.7897686022582151,High,Immediate retention offer and customer support follow-up,"num__tenure, cat__Contract_Month-to-month, cat__InternetService_Fiber optic",91.45
4067-HLYQI,Female,0,No,No,33,Yes,No,Fiber optic,No,No,No,No,No,No,Month-to-month,Yes,Bank transfer (automatic),70.4,2406.1,No,0.34909484102977567,Low,Continue regular customer engagement,"cat__Contract_Month-to-month, cat__InternetService_Fiber optic, cat__Contract_Two year",0.0
6184-DYUOB,Female,0,Yes,No,3,Yes,No,No,No internet service,No internet service,No internet service,No internet service,No internet service,No internet service,Month-to-month,Yes,Mailed check,19.6,55.25,No,0.24231249737886143,Low,Continue regular customer engagement,"num__tenure, cat__Contract_Month-to-month, cat__Contract_Two year",0.0
9209-NWPGU,Male,0,No,No,44,Yes,No,DSL,Yes,No,No,Yes,Yes,No,One year,No,Electronic check,65.4,2774.55,No,0.04107565249204719,Low,Continue regular customer engagement,"num__TotalCharges, cat__PaymentMethod_Electronic check, cat__Contract_Two year",0.0
9851-KIELU,Male,0,No,No,10,Yes,No,Fiber optic,Yes,Yes,Yes,Yes,Yes,Yes,Month-to-month,Yes,Electronic check,110.1,1043.3,Yes,0.5104000952596656,Medium,Targeted engagement and personalized offer,"num__tenure, cat__Contract_Month-to-month, cat__InternetService_Fiber optic",0.0
3199-XGZCY,Female,0,No,No,8,Yes,Yes,Fiber optic,No,No,No,No,No,No,Month-to-month,Yes,Electronic check,75.25,576.7,No,0.7106587849025839,High,Immediate retention offer and customer support follow-up,"num__tenure, cat__Contract_Month-to-month, cat__InternetService_Fiber optic",75.25
4226-KKDON,Male,0,No,No,8,Yes,No,DSL,No,Yes,No,Yes,Yes,No,Month-to-month,Yes,Electronic check,66.65,520.95,No,0.37795815529547355,Low,Continue regular customer engagement,"num__tenure, cat__Contract_Month-to-month, cat__PaymentMethod_Electronic check",0.0
1085-LDWAM,Female,0,Yes,Yes,69,Yes,No,No,No internet service,No internet service,No internet service,No internet service,No internet service,No internet service,One year,Yes,Credit card (automatic),20.35,1442.65,No,0.004846676759246309,Low,Continue regular customer engagement,"cat__Contract_Two year, cat__InternetService_DSL, cat__PaperlessBilling_No",0.0
6825-UYPFK,Female,0,No,No,23,Yes,Yes,Fiber optic,No,No,No,No,No,No,Month-to-month,No,Bank transfer (automatic),75.6,1758.6,Yes,0.4147364770954087,Medium,Targeted engagement and personalized offer,"num__tenure, cat__Contract_Month-to-month, cat__InternetService_Fiber optic",0.0
1767-CJKBA,Male,0,No,No,66,Yes,Yes,No,No internet service,No internet service,No internet service,No internet service,No internet service,No internet service,Two year,No,Mailed check,25.1,1697.7,No,0.003938260387058718,Low,Continue regular customer engagement,"cat__InternetService_DSL, cat__MultipleLines_No, cat__OnlineSecurity_Yes",0.0
7181-BQYBV,Female,0,Yes,Yes,1,Yes,Yes,Fiber optic,Yes,No,Yes,No,Yes,Yes,Month-to-month,Yes,Electronic check,102.45,102.45,Yes,0.7088265254817648,High,Immediate retention offer and customer support follow-up,"num__tenure, cat__Contract_Month-to-month, cat__InternetService_Fiber optic",102.45
0178-CIIKR,Female,0,No,No,3,Yes,No,No,No internet service,No internet service,No internet service,No internet service,No internet service,No internet service,Month-to-month,No,Mailed check,19.95,58,No,0.17779098028076207,Low,Continue regular customer engagement,"num__tenure, cat__Contract_Month-to-month, cat__Contract_Two year",0.0
4256-ZWTZI,Female,0,No,Yes,5,Yes,No,DSL,No,No,No,Yes,No,No,Month-to-month,Yes,Mailed check,51.0,286.8,No,0.2693464858381475,Low,Continue regular customer engagement,"num__tenure, cat__Contract_Month-to-month, cat__Contract_Two year",0.0
9537-VHDTA,Female,0,No,Yes,1,Yes,No,DSL,Yes,No,No,No,No,No,Month-to-month,No,Mailed check,51.2,51.2,No,0.220156986883694,Low,Continue regular customer engagement,"num__tenure, cat__Contract_Month-to-month, cat__Contract_Two year",0.0
2754-XBHTB,Female,0,No,No,9,Yes,No,Fiber optic,No,No,No,No,Yes,No,Month-to-month,Yes,Bank transfer (automatic),77.65,714.15,Yes,0.6052619316328189,Medium,Targeted engagement and personalized offer,"num__tenure, cat__Contract_Month-to-month, cat__InternetService_Fiber optic",0.0
5975-BAICR,Male,0,Yes,Yes,36,Yes,No,DSL,Yes,No,Yes,No,No,Yes,One year,Yes,Credit card (automatic),63.7,2188.5,No,0.05786198217334706,Low,Continue regular customer engagement,"cat__Contract_Two year, cat__PaperlessBilling_No, cat__TechSupport_No",0.0
3301-VKTGC,Male,0,Yes,Yes,68,Yes,Yes,Fiber optic,Yes,Yes,No,No,No,No,One year,Yes,Bank transfer (automatic),85.5,5696.6,No,0.05510957254433836,Low,Continue regular customer engagement,"num__TotalCharges, cat__InternetService_Fiber optic, cat__Contract_Two year",0.0
2877-VDUER,Female,0,Yes,Yes,35,No,No phone service,DSL,No,No,No,Yes,Yes,No,One year,No,Mailed check,40.9,1383.6,No,0.07137769693903045,Low,Continue regular customer engagement,"cat__PhoneService_Yes, cat__Contract_Two year, cat__MultipleLines_No",0.0
7717-BICXI,Male,0,Yes,Yes,60,Yes,No,No,No internet service,No internet service,No internet service,No internet service,No internet service,No internet service,Two year,No,Mailed check,20.55,1205.05,No,0.0029307790255916344,Low,Continue regular customer engagement,"cat__InternetService_DSL, cat__OnlineSecurity_Yes, cat__Partner_No",0.0
0562-FGDCR,Female,0,Yes,Yes,72,Yes,Yes,DSL,Yes,Yes,No,Yes,Yes,No,Two year,No,Mailed check,74.55,5430.65,No,0.006291158384106988,Low,Continue regular customer engagement,"num__TotalCharges, cat__MultipleLines_No, cat__StreamingTV_Yes",0.0
3705-PSNGL,Male,0,No,No,45,Yes,No,No,No internet service,No internet service,No internet service,No internet service,No internet service,No internet service,One year,Yes,Electronic check,20.4,930.45,Yes,0.02823896034892732,Low,Continue regular customer engagement,"cat__PaymentMethod_Electronic check, cat__Contract_Two year, cat__InternetService_DSL",0.0
0048-LUMLS,Male,0,Yes,Yes,37,Yes,No,Fiber optic,No,No,No,No,Yes,Yes,One year,No,Credit card (automatic),91.2,3247.55,No,0.18624927775658162,Low,Continue regular customer engagement,"num__TotalCharges, cat__InternetService_Fiber optic, cat__Contract_Two year",0.0
6497-TILVL,Female,0,Yes,Yes,7,Yes,No,DSL,Yes,No,No,No,No,No,Month-to-month,No,Mailed check,50.7,350.35,No,0.18483212945177993,Low,Continue regular customer engagement,"num__tenure, cat__Contract_Month-to-month, cat__Contract_Two year",0.0
2108-YKQTY,Female,0,No,No,4,Yes,No,DSL,No,Yes,No,No,No,No,Month-to-month,No,Credit card (automatic),50.7,151.3,Yes,0.26623531534581873,Low,Continue regular customer engagement,"num__tenure, cat__Contract_Month-to-month, cat__Contract_Two year",0.0
3658-KIBGF,Female,0,No,No,1,Yes,No,DSL,Yes,Yes,No,No,No,No,Month-to-month,Yes,Electronic check,54.9,54.9,Yes,0.37082958270451394,Low,Continue regular customer engagement,"num__tenure, cat__Contract_Month-to-month, cat__PaymentMethod_Electronic check",0.0
5482-NUPNA,Female,0,No,No,4,Yes,No,DSL,Yes,Yes,No,Yes,No,No,Month-to-month,Yes,Mailed check,60.4,272.15,Yes,0.20956727266250189,Low,Continue regular customer engagement,"num__tenure, cat__Contract_Month-to-month, cat__Contract_Two year",0.0
7410-KTVFV,Male,0,Yes,No,18,Yes,No,DSL,No,No,Yes,No,No,No,Month-to-month,Yes,Mailed check,49.55,878.35,Yes,0.2828385707023385,Low,Continue regular customer engagement,"num__tenure, cat__Contract_Month-to-month, cat__Contract_Two year",0.0
9033-EOXWV,Female,0,No,No,12,Yes,Yes,DSL,No,No,No,Yes,Yes,Yes,One year,No,Mailed check,74.05,872.65,Yes,0.20580414461923063,Low,Continue regular customer engagement,"num__tenure, cat__Contract_Two year, cat__MultipleLines_No",0.0
8821-XNHVZ,Female,0,Yes,Yes,1,Yes,No,Fiber optic,No,No,No,No,Yes,No,Month-to-month,Yes,Mailed check,80.05,80.05,Yes,0.6340898569747001,Medium,Targeted engagement and personalized offer,"num__tenure, cat__Contract_Month-to-month, cat__InternetService_Fiber optic",0.0
8224-KDLKN,Male,0,Yes,Yes,72,Yes,Yes,No,No internet service,No internet service,No internet service,No internet service,No internet service,No internet service,Two year,No,Bank transfer (automatic),25.0,1738.9,No,0.002204982803315035,Low,Continue regular customer engagement,"cat__InternetService_DSL, cat__MultipleLines_No, cat__OnlineSecurity_Yes",0.0
4825-FUREZ,Male,0,Yes,No,42,Yes,No,No,No internet service,No internet service,No internet service,No internet service,No internet service,No internet service,Two year,No,Electronic check,20.25,835.5,No,0.011894745286461924,Low,Continue regular customer engagement,"cat__PaymentMethod_Electronic check, cat__InternetService_DSL, cat__OnlineSecurity_Yes",0.0
7534-BFESC,Male,1,No,No,24,Yes,Yes,Fiber optic,No,No,No,No,No,No,Month-to-month,Yes,Electronic check,76.1,1712.7,Yes,0.624269136430559,Medium,Targeted engagement and personalized offer,"num__tenure, cat__Contract_Month-to-month, cat__InternetService_Fiber optic",0.0
9138-EFSMO,Male,0,Yes,Yes,26,Yes,No,Fiber optic,No,No,No,No,No,Yes,One year,No,Bank transfer (automatic),78.95,2034.25,No,0.20002928559641256,Low,Continue regular customer engagement,"num__tenure, cat__InternetService_Fiber optic, cat__Contract_Two year",0.0
4227-OJHAL,Female,0,Yes,Yes,68,Yes,Yes,DSL,Yes,Yes,Yes,No,Yes,No,One year,Yes,Credit card (automatic),73.0,5163,No,0.025574289962916958,Low,Continue regular customer engagement,"num__TotalCharges, cat__Contract_Two year, cat__MultipleLines_No",0.0
7279-NMVJC,Female,0,No,No,17,Yes,No,No,No internet service,No internet service,No internet service,No internet service,No internet service,No internet service,One year,No,Bank transfer (automatic),19.9,323.15,No,0.04866291923713761,Low,Continue regular customer engagement,"num__tenure, cat__Contract_Two year, cat__InternetService_DSL",0.0
8591-TKMZH,Male,0,Yes,Yes,59,Yes,Yes,Fiber optic,Yes,Yes,No,Yes,Yes,Yes,Two year,Yes,Mailed check,111.1,6555.2,No,0.06306648295196236,Low,Continue regular customer engagement,"num__TotalCharges, cat__InternetService_Fiber optic, cat__InternetService_DSL",0.0
9283-LZQOH,Male,0,Yes,Yes,13,Yes,Yes,Fiber optic,No,No,No,No,No,No,Month-to-month,Yes,Credit card (automatic),74.4,896.75,Yes,0.5294653761419356,Medium,Targeted engagement and personalized offer,"num__tenure, cat__Contract_Month-to-month, cat__InternetService_Fiber optic",0.0
3594-IVHJZ,Female,0,No,No,2,Yes,No,No,No internet service,No internet service,No internet service,No internet service,No internet service,No internet service,Month-to-month,Yes,Mailed check,20.45,42.45,No,0.24730917776045422,Low,Continue regular customer engagement,"num__tenure, cat__Contract_Month-to-month, cat__Contract_Two year",0.0
1945-XISKS,Female,0,Yes,No,67,Yes,No,No,No internet service,No internet service,No internet service,No internet service,No internet service,No internet service,Two year,No,Mailed check,19.65,1335.2,No,0.002570778292712566,Low,Continue regular customer engagement,"cat__InternetService_DSL, cat__OnlineSecurity_Yes, cat__Partner_No",0.0
4359-INNWN,Female,0,No,No,17,Yes,No,No,No internet service,No internet service,No internet service,No internet service,No internet service,No internet service,One year,No,Credit card (automatic),20.05,337.9,No,0.047481571709555984,Low,Continue regular customer engagement,"num__tenure, cat__Contract_Two year, cat__InternetService_DSL",0.0
7649-SIJJF,Male,0,Yes,No,71,Yes,Yes,DSL,Yes,Yes,Yes,Yes,No,Yes,Two year,Yes,Mailed check,80.1,5585.4,No,0.01220052630747413,Low,Continue regular customer engagement,"num__TotalCharges, cat__MultipleLines_No, cat__PaperlessBilling_No",0.0
9254-RBFON,Female,0,Yes,Yes,17,Yes,No,Fiber optic,No,No,Yes,Yes,Yes,Yes,One year,No,Bank transfer (automatic),98.6,1704.95,Yes,0.22687746242061302,Low,Continue regular customer engagement,"num__tenure, cat__InternetService_Fiber optic, cat__Contract_Two year",0.0
0970-ETWGE,Male,0,No,No,1,Yes,No,Fiber optic,No,No,No,No,Yes,Yes,Month-to-month,Yes,Electronic check,89.55,89.55,Yes,0.7869428131288798,High,Immediate retention offer and customer support follow-up,"num__tenure, cat__Contract_Month-to-month, cat__InternetService_Fiber optic",89.55
7762-ONLJY,Female,0,Yes,Yes,6,Yes,No,No,No internet service,No internet service,No internet service,No internet service,No internet service,No internet service,One year,No,Mailed check,19.7,94.45,No,0.07008635101658338,Low,Continue regular customer engagement,"num__tenure, cat__Contract_Two year, cat__InternetService_DSL",0.0
6710-HSJRD,Male,0,Yes,No,61,Yes,Yes,Fiber optic,No,Yes,Yes,Yes,Yes,Yes,Month-to-month,Yes,Electronic check,114.1,7132.15,No,0.4119979109538905,Medium,Targeted engagement and personalized offer,"num__TotalCharges, cat__Contract_Month-to-month, cat__InternetService_Fiber optic",0.0
8873-GLDMH,Female,0,No,No,6,Yes,Yes,Fiber optic,No,No,No,No,No,No,Month-to-month,Yes,Mailed check,73.85,401.3,No,0.6555291088358739,Medium,Targeted engagement and personalized offer,"num__tenure, cat__Contract_Month-to-month, cat__InternetService_Fiber optic",0.0
9907-SWKKF,Female,1,No,No,1,No,No phone service,DSL,No,No,No,No,No,No,Month-to-month,No,Mailed check,25.05,25.05,Yes,0.5282262644339163,Medium,Targeted engagement and personalized offer,"num__tenure, cat__Contract_Month-to-month, cat__PhoneService_Yes",0.0
4658-HCOHW,Female,0,Yes,Yes,21,Yes,No,Fiber optic,No,Yes,Yes,Yes,Yes,Yes,Month-to-month,Yes,Electronic check,102.8,2110.15,Yes,0.48378277526904295,Medium,Targeted engagement and personalized offer,"num__tenure, cat__Contract_Month-to-month, cat__InternetService_Fiber optic",0.0
9330-VOFSZ,Female,0,Yes,No,60,Yes,Yes,Fiber optic,No,Yes,Yes,Yes,Yes,Yes,Two year,Yes,Credit card (automatic),110.8,6640.7,No,0.0969185436603054,Low,Continue regular customer engagement,"num__TotalCharges, cat__InternetService_Fiber optic, cat__InternetService_DSL",0.0
2860-RANUS,Female,1,No,No,20,Yes,Yes,Fiber optic,No,No,No,No,No,Yes,Month-to-month,Yes,Credit card (automatic),85.8,1727.5,Yes,0.6236429874693238,Medium,Targeted engagement and personalized offer,"num__tenure, cat__Contract_Month-to-month, cat__InternetService_Fiber optic",0.0
6234-PFPXL,Male,0,Yes,No,22,Yes,Yes,Fiber optic,Yes,No,No,Yes,Yes,No,Month-to-month,No,Credit card (automatic),95.9,2234.95,No,0.32065337759868695,Low,Continue regular customer engagement,"num__tenure, cat__Contract_Month-to-month, cat__InternetService_Fiber optic",0.0
7205-BAIAD,Female,0,No,No,40,Yes,No,No,No internet service,No internet service,No internet service,No internet service,No internet service,No internet service,Two year,Yes,Bank transfer (automatic),20.6,827.3,No,0.012472186760111083,Low,Continue regular customer engagement,"cat__InternetService_DSL, cat__PaperlessBilling_No, cat__OnlineSecurity_Yes",0.0
3858-VOBET,Male,0,No,No,23,Yes,Yes,Fiber optic,No,No,No,No,No,No,Month-to-month,Yes,Electronic check,74.95,1710.45,Yes,0.6020520065763063,Medium,Targeted engagement and personalized offer,"num__tenure, cat__Contract_Month-to-month, cat__InternetService_Fiber optic",0.0
5103-MHMHY,Female,0,No,Yes,1,Yes,No,DSL,No,No,No,No,No,No,Month-to-month,No,Mailed check,45.95,45.95,Yes,0.30232023487993337,Low,Continue regular customer engagement,"num__tenure, cat__Contract_Month-to-month, cat__Contract_Two year",0.0
6119-SPUDB,Male,0,No,No,46,No,No phone service,DSL,Yes,No,Yes,Yes,No,No,Two year,No,Mailed check,38.25,1755.35,No,0.014951559831749542,Low,Continue regular customer engagement,"cat__PhoneService_Yes, cat__MultipleLines_No, cat__MultipleLines_No phone service",0.0
9389-ACWBI,Female,0,Yes,Yes,5,Yes,No,Fiber optic,No,No,No,No,No,No,Month-to-month,No,Credit card (automatic),69.95,320.4,No,0.43120648242779946,Medium,Targeted engagement and personalized offer,"num__tenure, cat__Contract_Month-to-month, cat__InternetService_Fiber optic",0.0
3454-JFUBC,Male,1,No,No,68,Yes,No,No,No internet service,No internet service,No internet service,No internet service,No internet service,No internet service,Two year,Yes,Credit card (automatic),20.0,1396,No,0.003751937157684821,Low,Continue regular customer engagement,"cat__InternetService_DSL, num__SeniorCitizen, cat__PaperlessBilling_No",0.0
1768-ZAIFU,Female,1,No,No,1,No,No phone service,DSL,No,No,No,No,No,No,Month-to-month,Yes,Electronic check,25.2,25.2,Yes,0.6894841867270496,Medium,Targeted engagement and personalized offer,"num__tenure, cat__Contract_Month-to-month, cat__PhoneService_Yes",0.0
7017-VFULY,Female,0,Yes,No,2,Yes,No,No,No internet service,No internet service,No internet service,No internet service,No internet service,No internet service,Month-to-month,No,Bank transfer (automatic),20.1,43.15,No,0.17880449144319857,Low,Continue regular customer engagement,"num__tenure, cat__Contract_Month-to-month, cat__Contract_Two year",0.0
9221-OTIVJ,Female,1,No,No,14,Yes,Yes,Fiber optic,No,Yes,Yes,No,Yes,Yes,Month-to-month,Yes,Electronic check,104.85,1531.4,Yes,0.7636704717253445,High,Immediate retention offer and customer support follow-up,"num__tenure, cat__Contract_Month-to-month, cat__InternetService_Fiber optic",104.85
2482-CZGBB,Male,0,No,No,10,Yes,No,Fiber optic,No,No,No,No,No,No,Month-to-month,Yes,Electronic check,70.0,740,Yes,0.6393638771229597,Medium,Targeted engagement and personalized offer,"num__tenure, cat__Contract_Month-to-month, cat__InternetService_Fiber optic",0.0
7018-WBJNK,Male,0,No,Yes,13,Yes,No,Fiber optic,No,No,No,No,Yes,No,Month-to-month,Yes,Credit card (automatic),78.3,1033.95,No,0.5147605228169744,Medium,Targeted engagement and personalized offer,"num__tenure, cat__Contract_Month-to-month, cat__InternetService_Fiber optic",0.0
3331-HQDTW,Female,0,No,No,34,Yes,Yes,Fiber optic,Yes,Yes,Yes,No,Yes,Yes,Month-to-month,Yes,Mailed check,109.8,3587.25,Yes,0.4377393218624123,Medium,Targeted engagement and personalized offer,"num__TotalCharges, cat__Contract_Month-to-month, cat__InternetService_Fiber optic",0.0
4695-VADHF,Male,0,Yes,Yes,18,Yes,No,DSL,No,No,Yes,No,No,Yes,Month-to-month,No,Electronic check,57.45,990.85,Yes,0.2744348436819018,Low,Continue regular customer engagement,"num__tenure, cat__Contract_Month-to-month, cat__PaymentMethod_Electronic check",0.0
4086-WITJG,Male,0,Yes,Yes,71,Yes,No,No,No internet service,No internet service,No internet service,No internet service,No internet service,No internet service,Two year,No,Credit card (automatic),19.7,1301.1,No,0.0015194361925492184,Low,Continue regular customer engagement,"cat__InternetService_DSL, cat__OnlineSecurity_Yes, cat__Partner_No",0.0
6297-NOOPG,Female,0,Yes,No,70,Yes,Yes,Fiber optic,No,Yes,Yes,Yes,Yes,Yes,Two year,Yes,Electronic check,110.5,7752.05,No,0.11258899660659415,Low,Continue regular customer engagement,"num__TotalCharges, cat__InternetService_Fiber optic, cat__PaymentMethod_Electronic check",0.0
8777-PVYGU,Female,0,Yes,No,52,Yes,No,DSL,Yes,No,Yes,No,Yes,No,One year,Yes,Mailed check,64.3,3410.6,No,0.04645585174082418,Low,Continue regular customer engagement,"num__TotalCharges, cat__Contract_Two year, cat__PaperlessBilling_No",0.0
4378-MYPGO,Male,0,Yes,Yes,68,Yes,No,Fiber optic,Yes,Yes,Yes,No,Yes,Yes,Two year,Yes,Bank transfer (automatic),105.25,7173.15,No,0.04600589461213644,Low,Continue regular customer engagement,"num__TotalCharges, cat__InternetService_Fiber optic, cat__InternetService_DSL",0.0
9313-CDOGY,Male,0,Yes,Yes,38,Yes,No,No,No internet service,No internet service,No internet service,No internet service,No internet service,No internet service,Month-to-month,No,Electronic check,19.6,717.3,No,0.04317782770874795,Low,Continue regular customer engagement,"cat__Contract_Month-to-month, cat__PaymentMethod_Electronic check, cat__Contract_Two year",0.0
4121-AGSIN,Female,0,Yes,Yes,58,Yes,Yes,No,No internet service,No internet service,No internet service,No internet service,No internet service,No internet service,One year,Yes,Credit card (automatic),24.5,1497.9,No,0.01165139818418358,Low,Continue regular customer engagement,"cat__Contract_Two year, cat__InternetService_DSL, cat__MultipleLines_No",0.0
0432-CAJZV,Male,0,No,No,3,Yes,No,Fiber optic,No,No,No,No,Yes,Yes,Month-to-month,No,Mailed check,90.7,237.65,No,0.6351124780445158,Medium,Targeted engagement and personalized offer,"num__tenure, cat__Contract_Month-to-month, cat__InternetService_Fiber optic",0.0
9097-ZUBYC,Male,0,Yes,No,14,Yes,No,DSL,No,No,No,Yes,No,No,Month-to-month,No,Bank transfer (automatic),48.8,664.4,No,0.17621503572769065,Low,Continue regular customer engagement,"num__tenure, cat__Contract_Month-to-month, cat__Contract_Two year",0.0
9638-JIQYA,Male,0,No,No,2,No,No phone service,DSL,No,No,No,No,No,No,Month-to-month,Yes,Credit card (automatic),24.9,49.7,No,0.5532240247477709,Medium,Targeted engagement and personalized offer,"num__tenure, cat__Contract_Month-to-month, cat__PhoneService_Yes",0.0
1024-GUALD,Female,0,Yes,No,1,No,No phone service,DSL,No,No,No,No,No,No,Month-to-month,Yes,Electronic check,24.8,24.8,Yes,0.6625424422172993,Medium,Targeted engagement and personalized offer,"num__tenure, cat__Contract_Month-to-month, cat__PhoneService_Yes",0.0
8024-XNAFQ,Female,1,No,No,72,Yes,Yes,Fiber optic,Yes,Yes,Yes,Yes,No,Yes,Two year,Yes,Bank transfer (automatic),107.4,7748.75,No,0.044289686687763175,Low,Continue regular customer engagement,"num__TotalCharges, cat__InternetService_Fiber optic, cat__InternetService_DSL",0.0
7587-RZNME,Male,0,No,No,3,Yes,No,DSL,No,No,No,No,No,No,Month-to-month,Yes,Electronic check,43.3,123.65,Yes,0.5027485326771868,Medium,Targeted engagement and personalized offer,"num__tenure, cat__Contract_Month-to-month, cat__PaymentMethod_Electronic check",0.0
1346-UFHAX,Female,0,No,No,13,Yes,Yes,Fiber optic,Yes,No,No,No,No,No,Month-to-month,Yes,Credit card (automatic),80.0,1029.35,No,0.47709123614328713,Medium,Targeted engagement and personalized offer,"num__tenure, cat__Contract_Month-to-month, cat__InternetService_Fiber optic",0.0
6374-NTQLP,Male,1,Yes,Yes,72,Yes,No,Fiber optic,Yes,No,Yes,Yes,Yes,Yes,Two year,Yes,Credit card (automatic),104.1,7447.7,No,0.036999994785072925,Low,Continue regular customer engagement,"num__TotalCharges, cat__InternetService_Fiber optic, cat__InternetService_DSL",0.0
6625-FLENO,Male,0,Yes,No,58,Yes,No,No,No internet service,No internet service,No internet service,No internet service,No internet service,No internet service,Two year,No,Mailed check,20.75,1185.95,No,0.004077130446730709,Low,Continue regular customer engagement,"cat__InternetService_DSL, cat__OnlineSecurity_Yes, cat__Partner_No",0.0
7375-WMVMT,Male,1,Yes,No,71,Yes,No,Fiber optic,No,Yes,Yes,Yes,No,Yes,Two year,Yes,Credit card (automatic),95.5,6707.15,No,0.041926264745836196,Low,Continue regular customer engagement,"num__TotalCharges, cat__InternetService_Fiber optic, cat__InternetService_DSL",0.0
6910-HADCM,Female,0,No,No,1,Yes,No,Fiber optic,No,No,Yes,No,No,No,Month-to-month,No,Electronic check,76.35,76.35,Yes,0.6095933946182832,Medium,Targeted engagement and personalized offer,"num__tenure, cat__Contract_Month-to-month, cat__InternetService_Fiber optic",0.0
7401-JIXNM,Female,0,Yes,Yes,54,Yes,Yes,DSL,Yes,Yes,Yes,Yes,Yes,Yes,Two year,No,Credit card (automatic),91.3,4965,No,0.015504708788014077,Low,Continue regular customer engagement,"num__TotalCharges, cat__MultipleLines_No, cat__StreamingTV_Yes",0.0
7338-ERIVA,Male,0,No,Yes,39,No,No phone service,DSL,Yes,No,No,Yes,Yes,No,One year,No,Bank transfer (automatic),45.05,1790.6,No,0.04023662023861464,Low,Continue regular customer engagement,"cat__PhoneService_Yes, cat__Contract_Two year, cat__MultipleLines_No",0.0
5376-DEQCP,Female,0,No,No,1,Yes,No,Fiber optic,No,No,No,No,No,No,Month-to-month,Yes,Electronic check,70.6,70.6,Yes,0.702252291472202,High,Immediate retention offer and customer support follow-up,"num__tenure, cat__Contract_Month-to-month, cat__InternetService_Fiber optic",70.6
0909-SELIE,Male,0,Yes,No,61,Yes,Yes,DSL,Yes,Yes,Yes,Yes,No,Yes,Two year,Yes,Bank transfer (automatic),80.8,4860.85,No,0.016066378299672966,Low,Continue regular customer engagement,"num__TotalCharges, cat__MultipleLines_No, cat__PaperlessBilling_No",0.0
5419-KLXBN,Female,0,Yes,Yes,25,Yes,No,Fiber optic,No,Yes,Yes,No,Yes,No,Month-to-month,Yes,Bank transfer (automatic),89.15,2257.75,Yes,0.38853832826038764,Low,Continue regular customer engagement,"num__tenure, cat__Contract_Month-to-month, cat__InternetService_Fiber optic",0.0
0365-TRTPY,Female,0,No,No,37,Yes,Yes,Fiber optic,Yes,Yes,Yes,No,No,No,Month-to-month,No,Bank transfer (automatic),91.2,3382.3,No,0.21053049187338752,Low,Continue regular customer engagement,"num__TotalCharges, cat__Contract_Month-to-month, cat__InternetService_Fiber optic",0.0
6712-OAWRH,Female,1,No,No,26,Yes,No,Fiber optic,No,No,No,No,Yes,Yes,Month-to-month,Yes,Electronic check,91.25,2351.8,Yes,0.6655296375299813,Medium,Targeted engagement and personalized offer,"cat__Contract_Month-to-month, num__tenure, cat__InternetService_Fiber optic",0.0
2428-ZMCTB,Male,0,No,No,10,Yes,No,No,No internet service,No internet service,No internet service,No internet service,No internet service,No internet service,Month-to-month,No,Credit card (automatic),19.75,208.25,No,0.12552756731562295,Low,Continue regular customer engagement,"num__tenure, cat__Contract_Month-to-month, cat__Contract_Two year",0.0
1963-VAUKV,Female,0,No,No,1,Yes,No,No,No internet service,No internet service,No internet service,No internet service,No internet service,No internet service,Month-to-month,No,Mailed check,20.4,20.4,Yes,0.19243787219015968,Low,Continue regular customer engagement,"num__tenure, cat__Contract_Month-to-month, cat__Contract_Two year",0.0
9381-NDKME,Female,1,Yes,No,24,No,No phone service,DSL,No,No,Yes,No,No,Yes,Month-to-month,Yes,Credit card (automatic),40.65,933.3,Yes,0.39775162649762297,Low,Continue regular customer engagement,"num__tenure, cat__Contract_Month-to-month, cat__PhoneService_Yes",0.0
3729-OWRVL,Male,1,No,No,65,Yes,Yes,Fiber optic,Yes,No,Yes,Yes,Yes,Yes,Two year,Yes,Electronic check,110.35,7246.15,No,0.11530669350396858,Low,Continue regular customer engagement,"num__TotalCharges, cat__InternetService_Fiber optic, cat__PaymentMethod_Electronic check",0.0
0895-LMRSF,Male,0,No,No,23,Yes,No,DSL,No,No,No,No,Yes,Yes,One year,Yes,Bank transfer (automatic),64.9,1509.8,No,0.20582231562261769,Low,Continue regular customer engagement,"num__tenure, cat__Contract_Two year, cat__PaperlessBilling_No",0.0
2676-SSLTO,Male,0,No,No,49,Yes,Yes,DSL,No,No,No,Yes,Yes,No,Two year,Yes,Bank transfer (automatic),66.15,3199,No,0.03633279993429151,Low,Continue regular customer engagement,"num__TotalCharges, cat__MultipleLines_No, cat__PaperlessBilling_No",0.0
8495-PRWFH,Female,1,No,No,42,Yes,Yes,DSL,No,No,Yes,No,No,No,Month-to-month,No,Electronic check,55.65,2421.75,No,0.18580633879369696,Low,Continue regular customer engagement,"cat__Contract_Month-to-month, cat__PaymentMethod_Electronic check, cat__Contract_Two year",0.0
9030-QGZNL,Female,0,No,No,8,Yes,No,No,No internet service,No internet service,No internet service,No internet service,No internet service,No internet service,Two year,No,Mailed check,20.85,161.65,No,0.041514999197252364,Low,Continue regular customer engagement,"num__tenure, cat__InternetService_DSL, cat__OnlineSecurity_Yes",0.0
9972-NKTFD,Female,0,No,No,28,Yes,No,DSL,No,Yes,No,Yes,No,No,Month-to-month,No,Bank transfer (automatic),54.65,1517.5,No,0.09201130038132885,Low,Continue regular customer engagement,"cat__Contract_Month-to-month, cat__Contract_Two year, num__tenure",0.0
7998-WNZEM,Male,0,No,No,71,Yes,Yes,DSL,Yes,Yes,Yes,Yes,No,Yes,Two year,No,Bank transfer (automatic),80.6,5708.2,No,0.008002846265605622,Low,Continue regular customer engagement,"num__TotalCharges, cat__MultipleLines_No, cat__StreamingMovies_Yes",0.0
0979-PHULV,Male,0,Yes,Yes,69,Yes,Yes,Fiber optic,No,No,Yes,No,Yes,Yes,Month-to-month,Yes,Credit card (automatic),99.45,7007.6,Yes,0.28915180705306776,Low,Continue regular customer engagement,"num__TotalCharges, cat__Contract_Month-to-month, cat__InternetService_Fiber optic",0.0
6445-TNRXS,Male,0,Yes,Yes,68,Yes,Yes,Fiber optic,Yes,Yes,Yes,Yes,Yes,Yes,Two year,Yes,Bank transfer (automatic),114.7,7849.85,No,0.049602796085942785,Low,Continue regular customer engagement,"num__TotalCharges, cat__InternetService_Fiber optic, cat__InternetService_DSL",0.0
9586-JGQKH,Female,0,Yes,No,64,Yes,Yes,Fiber optic,No,Yes,No,Yes,Yes,Yes,Two year,Yes,Bank transfer (automatic),105.4,6794.75,No,0.08863259105757146,Low,Continue regular customer engagement,"num__TotalCharges, cat__InternetService_Fiber optic, cat__InternetService_DSL",0.0
3966-HRMZA,Female,1,No,No,3,Yes,No,Fiber optic,No,No,Yes,No,No,No,Month-to-month,No,Mailed check,75.05,202.9,No,0.5502851029926055,Medium,Targeted engagement and personalized offer,"num__tenure, cat__Contract_Month-to-month, cat__InternetService_Fiber optic",0.0
5498-IBWPI,Female,0,Yes,Yes,66,Yes,No,DSL,No,No,No,Yes,No,No,One year,Yes,Credit card (automatic),49.4,3251.85,No,0.014040427528321183,Low,Continue regular customer engagement,"num__TotalCharges, cat__Contract_Two year, cat__PaperlessBilling_No",0.0
6823-SIDFQ,Male,0,No,No,28,Yes,No,No,No internet service,No internet service,No internet service,No internet service,No internet service,No internet service,One year,No,Credit card (automatic),18.25,534.7,No,0.028894708691451144,Low,Continue regular customer engagement,"cat__Contract_Two year, num__tenure, cat__InternetService_DSL",0.0
2323-ARSVR,Male,0,Yes,No,67,Yes,No,Fiber optic,Yes,Yes,Yes,Yes,Yes,Yes,Two year,Yes,Electronic check,111.05,7321.05,No,0.062483410869421316,Low,Continue regular customer engagement,"num__TotalCharges, cat__InternetService_Fiber optic, cat__PaymentMethod_Electronic check",0.0
5468-BPMMO,Male,0,Yes,No,46,Yes,No,No,No internet service,No internet service,No internet service,No internet service,No internet service,No internet service,Month-to-month,No,Electronic check,19.6,851.2,No,0.03692658231526421,Low,Continue regular customer engagement,"cat__Contract_Month-to-month, cat__PaymentMethod_Electronic check, cat__Contract_Two year",0.0
0486-HECZI,Male,0,Yes,No,55,Yes,Yes,Fiber optic,Yes,Yes,No,No,Yes,No,Month-to-month,Yes,Electronic check,96.75,5238.9,Yes,0.32145819250495783,Low,Continue regular customer engagement,"num__TotalCharges, cat__Contract_Month-to-month, cat__InternetService_Fiber optic",0.0
2178-PMGCJ,Male,0,No,No,22,Yes,No,Fiber optic,No,No,No,No,No,No,Month-to-month,Yes,Mailed check,69.7,1490.4,No,0.4530880501802739,Medium,Targeted engagement and personalized offer,"num__tenure, cat__Contract_Month-to-month, cat__InternetService_Fiber optic",0.0
4660-IRIBM,Male,0,Yes,Yes,18,Yes,No,Fiber optic,Yes,No,Yes,No,Yes,No,Month-to-month,Yes,Mailed check,87.9,1500.5,No,0.3911309024329175,Low,Continue regular customer engagement,"num__tenure, cat__Contract_Month-to-month, cat__InternetService_Fiber optic",0.0
9674-EHPPG,Male,0,Yes,No,46,No,No phone service,DSL,Yes,No,Yes,Yes,No,No,Two year,No,Credit card (automatic),40.4,1842.7,No,0.014248345750450269,Low,Continue regular customer engagement,"cat__PhoneService_Yes, cat__MultipleLines_No, cat__Partner_No",0.0
5606-AMZBO,Female,0,Yes,No,10,Yes,Yes,Fiber optic,Yes,No,No,No,No,No,Month-to-month,Yes,Credit card (automatic),78.15,765.15,No,0.5055668462568366,Medium,Targeted engagement and personalized offer,"num__tenure, cat__Contract_Month-to-month, cat__InternetService_Fiber optic",0.0
0665-XHDJU,Male,0,Yes,No,72,Yes,Yes,Fiber optic,No,Yes,No,No,Yes,Yes,Two year,Yes,Electronic check,99.4,7285.7,No,0.13614344964616615,Low,Continue regular customer engagement,"num__TotalCharges, cat__InternetService_Fiber optic, cat__PaymentMethod_Electronic check",0.0
5402-HTOTQ,Male,0,No,No,16,Yes,Yes,DSL,No,Yes,No,No,No,No,Month-to-month,No,Electronic check,55.3,875.35,No,0.3205269732094653,Low,Continue regular customer engagement,"num__tenure, cat__Contract_Month-to-month, cat__PaymentMethod_Electronic check",0.0
8258-GSTJK,Male,1,No,No,3,Yes,Yes,Fiber optic,No,No,No,No,No,No,Month-to-month,Yes,Electronic check,77.0,237.75,Yes,0.776343173390469,High,Immediate retention offer and customer support follow-up,"num__tenure, cat__Contract_Month-to-month, cat__InternetService_Fiber optic",77.0
3787-TRIAL,Male,0,Yes,Yes,21,No,No phone service,DSL,No,No,No,No,No,No,Month-to-month,Yes,Electronic check,26.05,565.75,No,0.38684477013661384,Low,Continue regular customer engagement,"num__tenure, cat__Contract_Month-to-month, cat__PhoneService_Yes",0.0
6175-IRFIT,Male,0,No,No,5,Yes,No,Fiber optic,No,No,No,No,No,Yes,Month-to-month,No,Mailed check,78.75,426.35,No,0.5707146052354111,Medium,Targeted engagement and personalized offer,"num__tenure, cat__Contract_Month-to-month, cat__InternetService_Fiber optic",0.0
6317-YPKDH,Female,0,No,No,1,No,No phone service,DSL,No,Yes,No,No,No,No,Month-to-month,No,Bank transfer (automatic),29.95,29.95,Yes,0.4313667799859043,Medium,Targeted engagement and personalized offer,"num__tenure, cat__Contract_Month-to-month, cat__PhoneService_Yes",0.0
5692-FPTAH,Female,0,No,No,1,Yes,No,DSL,No,No,No,No,No,No,Month-to-month,Yes,Mailed check,45.4,45.4,Yes,0.44069541676196444,Medium,Targeted engagement and personalized offer,"num__tenure, cat__Contract_Month-to-month, cat__Contract_Two year",0.0
5373-SFODM,Male,1,Yes,No,36,Yes,Yes,Fiber optic,No,No,No,No,No,Yes,Month-to-month,Yes,Credit card (automatic),85.25,3132.75,Yes,0.5152887141704533,Medium,Targeted engagement and personalized offer,"num__TotalCharges, cat__Contract_Month-to-month, cat__InternetService_Fiber optic",0.0
0868-VJRDR,Male,0,Yes,No,64,Yes,No,Fiber optic,Yes,Yes,No,Yes,Yes,Yes,Two year,Yes,Credit card (automatic),104.05,6605.55,No,0.04304009760804578,Low,Continue regular customer engagement,"num__TotalCharges, cat__InternetService_Fiber optic, cat__InternetService_DSL",0.0
4079-VTGLK,Male,1,Yes,No,30,Yes,Yes,DSL,No,No,Yes,No,Yes,Yes,Two year,No,Electronic check,74.85,2181.75,No,0.1417887798452617,Low,Continue regular customer engagement,"cat__PaymentMethod_Electronic check, num__SeniorCitizen, cat__MultipleLines_No",0.0
1166-PQLGG,Female,0,Yes,Yes,72,Yes,No,No,No internet service,No internet service,No internet service,No internet service,No internet service,No internet service,Two year,No,Bank transfer (automatic),19.55,1463.45,No,0.0015163877638909068,Low,Continue regular customer engagement,"cat__InternetService_DSL, cat__OnlineSecurity_Yes, cat__Partner_No",0.0
5296-BFCYD,Male,0,Yes,Yes,46,Yes,No,No,No internet service,No internet service,No internet service,No internet service,No internet service,No internet service,Two year,Yes,Mailed check,20.1,936.85,No,0.008300051003927156,Low,Continue regular customer engagement,"cat__InternetService_DSL, cat__PaperlessBilling_No, cat__OnlineSecurity_Yes",0.0
6568-POCUI,Female,0,Yes,No,45,Yes,No,Fiber optic,No,No,No,Yes,Yes,Yes,Two year,Yes,Credit card (automatic),95.2,4285.8,No,0.10866908929354924,Low,Continue regular customer engagement,"num__TotalCharges, cat__InternetService_Fiber optic, cat__InternetService_DSL",0.0
2839-RFSQE,Female,0,No,No,2,Yes,No,No,No internet service,No internet service,No internet service,No internet service,No internet service,No internet service,Month-to-month,No,Mailed check,20.65,38.7,Yes,0.18500546364376358,Low,Continue regular customer engagement,"num__tenure, cat__Contract_Month-to-month, cat__Contract_Two year",0.0
2188-SXWVT,Female,0,No,No,34,Yes,No,DSL,Yes,Yes,No,No,No,No,One year,No,Mailed check,55.0,1885.15,No,0.03935623275565449,Low,Continue regular customer engagement,"cat__Contract_Two year, cat__TechSupport_No, cat__Dependents_Yes",0.0
8849-GYOKR,Female,0,Yes,No,54,Yes,Yes,Fiber optic,Yes,Yes,No,No,Yes,Yes,One year,No,Bank transfer (automatic),106.55,5763.3,Yes,0.14025568086198578,Low,Continue regular customer engagement,"num__TotalCharges, cat__InternetService_Fiber optic, cat__Contract_Two year",0.0
3623-FQBOX,Male,0,No,No,21,Yes,No,No,No internet service,No internet service,No internet service,No internet service,No internet service,No internet service,Month-to-month,Yes,Mailed check,19.95,416.4,No,0.1181971887668682,Low,Continue regular customer engagement,"num__tenure, cat__Contract_Month-to-month, cat__Contract_Two year",0.0
2649-HWLYB,Male,0,Yes,No,65,Yes,Yes,DSL,Yes,No,Yes,Yes,No,Yes,Two year,No,Bank transfer (automatic),76.15,4929.55,No,0.010977927897796143,Low,Continue regular customer engagement,"num__TotalCharges, cat__MultipleLines_No, cat__StreamingMovies_Yes",0.0
0599-XNYDO,Female,0,Yes,No,20,Yes,No,Fiber optic,No,No,No,No,No,No,Month-to-month,Yes,Bank transfer (automatic),69.8,1540.35,No,0.46713955444883143,Medium,Targeted engagement and personalized offer,"num__tenure, cat__Contract_Month-to-month, cat__InternetService_Fiber optic",0.0
2514-GINMM,Male,0,No,No,1,Yes,No,Fiber optic,No,No,No,No,Yes,No,Month-to-month,Yes,Electronic check,79.5,79.5,Yes,0.7487486975425627,High,Immediate retention offer and customer support follow-up,"num__tenure, cat__Contract_Month-to-month, cat__InternetService_Fiber optic",79.5
8401-EMUWF,Male,0,Yes,Yes,42,Yes,Yes,DSL,Yes,Yes,No,No,Yes,No,Month-to-month,Yes,Bank transfer (automatic),69.4,3058.3,No,0.11837657697387105,Low,Continue regular customer engagement,"cat__Contract_Month-to-month, num__TotalCharges, cat__Contract_Two year",0.0
5766-ZJYBB,Male,0,No,No,1,Yes,No,No,No internet service,No internet service,No internet service,No internet service,No internet service,No internet service,Month-to-month,No,Mailed check,19.4,19.4,Yes,0.19557704635424664,Low,Continue regular customer engagement,"num__tenure, cat__Contract_Month-to-month, cat__Contract_Two year",0.0
2604-IJPDU,Female,0,Yes,No,20,Yes,No,Fiber optic,Yes,Yes,No,Yes,Yes,No,Month-to-month,Yes,Electronic check,96.55,1901.65,No,0.3936593999328944,Low,Continue regular customer engagement,"num__tenure, cat__Contract_Month-to-month, cat__InternetService_Fiber optic",0.0
2501-XWWTZ,Male,0,No,No,11,Yes,No,Fiber optic,No,No,No,No,No,No,Month-to-month,No,Electronic check,70.2,760.05,No,0.5388292744790355,Medium,Targeted engagement and personalized offer,"num__tenure, cat__Contract_Month-to-month, cat__InternetService_Fiber optic",0.0
6370-ZVHDV,Female,0,Yes,No,61,Yes,Yes,No,No internet service,No internet service,No internet service,No internet service,No internet service,No internet service,Two year,No,Bank transfer (automatic),25.3,1554.9,No,0.004648421608968405,Low,Continue regular customer engagement,"cat__InternetService_DSL, cat__MultipleLines_No, cat__OnlineSecurity_Yes",0.0
3027-YNWZU,Female,0,Yes,No,64,Yes,Yes,No,No internet service,No internet service,No internet service,No internet service,No internet service,No internet service,Two year,No,Credit card (automatic),25.0,1584.8,No,0.0038770695436609005,Low,Continue regular customer engagement,"cat__InternetService_DSL, cat__MultipleLines_No, cat__OnlineSecurity_Yes",0.0
4526-ZJJTM,Female,1,Yes,No,25,Yes,No,Fiber optic,No,Yes,Yes,No,No,Yes,Month-to-month,No,Bank transfer (automatic),88.4,2191.15,No,0.38610992382697157,Low,Continue regular customer engagement,"num__tenure, cat__Contract_Month-to-month, cat__InternetService_Fiber optic",0.0
0440-QEXBZ,Female,0,No,No,44,Yes,Yes,DSL,No,No,No,No,No,No,Month-to-month,Yes,Mailed check,50.15,2139.1,No,0.15369107547524322,Low,Continue regular customer engagement,"cat__Contract_Month-to-month, cat__Contract_Two year, cat__MultipleLines_No",0.0
0330-IVZHA,Female,0,Yes,No,5,Yes,No,Fiber optic,No,No,No,No,No,No,Month-to-month,No,Electronic check,69.95,330.15,Yes,0.5905920430234655,Medium,Targeted engagement and personalized offer,"num__tenure, cat__Contract_Month-to-month, cat__InternetService_Fiber optic",0.0
9758-MFWGD,Female,1,Yes,Yes,48,No,No phone service,DSL,No,Yes,No,No,No,No,One year,No,Bank transfer (automatic),29.9,1388.75,No,0.039592607809991236,Low,Continue regular customer engagement,"cat__PhoneService_Yes, cat__Contract_Two year, num__SeniorCitizen",0.0
4229-CZMLL,Male,0,No,No,6,Yes,Yes,Fiber optic,No,No,No,No,No,No,Month-to-month,Yes,Electronic check,74.9,469.8,Yes,0.7306719816887712,High,Immediate retention offer and customer support follow-up,"num__tenure, cat__Contract_Month-to-month, cat__InternetService_Fiber optic",74.9
0742-MOABM,Male,0,Yes,No,4,Yes,No,DSL,No,No,No,Yes,No,No,Month-to-month,No,Mailed check,50.05,179.35,Yes,0.25570662827091806,Low,Continue regular customer engagement,"num__tenure, cat__Contract_Month-to-month, cat__Contract_Two year",0.0
4277-BWBML,Male,0,Yes,Yes,72,Yes,No,No,No internet service,No internet service,No internet service,No internet service,No internet service,No internet service,Two year,No,Bank transfer (automatic),19.95,1322.85,No,0.0014924698646105942,Low,Continue regular customer engagement,"cat__InternetService_DSL, cat__OnlineSecurity_Yes, cat__Partner_No",0.0
5136-GFPMB,Male,0,No,No,54,Yes,Yes,Fiber optic,No,No,Yes,No,No,Yes,Month-to-month,No,Credit card (automatic),89.4,4869.5,No,0.2629580758145741,Low,Continue regular customer engagement,"num__TotalCharges, cat__Contract_Month-to-month, cat__InternetService_Fiber optic",0.0
7520-HQWJU,Female,0,Yes,Yes,66,Yes,Yes,DSL,Yes,Yes,Yes,No,No,No,Month-to-month,Yes,Bank transfer (automatic),67.45,4508.65,No,0.039646472923110763,Low,Continue regular customer engagement,"num__TotalCharges, cat__Contract_Month-to-month, cat__Contract_Two year",0.0
6304-IJFSQ,Male,0,No,No,3,Yes,No,DSL,No,Yes,No,No,No,No,Month-to-month,Yes,Mailed check,49.9,130.1,Yes,0.3820185235056651,Low,Continue regular customer engagement,"num__tenure, cat__Contract_Month-to-month, cat__Contract_Two year",0.0
0297-RBCSG,Male,0,No,No,19,Yes,No,DSL,No,Yes,No,Yes,No,Yes,One year,Yes,Bank transfer (automatic),65.35,1231.85,No,0.12146770473584559,Low,Continue regular customer engagement,"num__tenure, cat__Contract_Two year, cat__PaperlessBilling_No",0.0
6013-BHCAW,Male,0,Yes,Yes,61,Yes,Yes,DSL,No,No,Yes,Yes,Yes,Yes,Two year,Yes,Bank transfer (automatic),81.0,4976.15,No,0.02947182828449877,Low,Continue regular customer engagement,"num__TotalCharges, cat__MultipleLines_No, cat__PaperlessBilling_No",0.0
4402-FTBXC,Male,0,No,No,54,Yes,No,Fiber optic,Yes,No,Yes,No,Yes,No,Month-to-month,No,Mailed check,89.8,4667,No,0.15436881338132008,Low,Continue regular customer engagement,"num__TotalCharges, cat__Contract_Month-to-month, cat__InternetService_Fiber optic",0.0
1471-GIQKQ,Female,0,No,No,1,Yes,No,DSL,No,Yes,No,No,No,No,Month-to-month,No,Electronic check,49.95,49.95,No,0.3848830422893761,Low,Continue regular customer engagement,"num__tenure, cat__Contract_Month-to-month, cat__PaymentMethod_Electronic check",0.0
4283-FUTGF,Male,1,No,No,19,Yes,Yes,Fiber optic,No,No,Yes,No,No,No,Month-to-month,Yes,Electronic check,79.85,1471.75,Yes,0.6606348474520497,Medium,Targeted engagement and personalized offer,"num__tenure, cat__Contract_Month-to-month, cat__InternetService_Fiber optic",0.0
9548-LERKT,Male,0,Yes,No,24,Yes,No,No,No internet service,No internet service,No internet service,No internet service,No internet service,No internet service,Two year,No,Mailed check,19.75,483.15,No,0.02050726449704055,Low,Continue regular customer engagement,"num__tenure, cat__InternetService_DSL, cat__OnlineSecurity_Yes",0.0
8059-UDZFY,Female,1,No,Yes,33,Yes,Yes,Fiber optic,No,Yes,Yes,No,Yes,Yes,Month-to-month,Yes,Bank transfer (automatic),105.35,3465.05,No,0.5130104935295987,Medium,Targeted engagement and personalized offer,"num__TotalCharges, cat__Contract_Month-to-month, cat__InternetService_Fiber optic",0.0
0410-IPFTY,Female,0,Yes,No,31,Yes,No,Fiber optic,No,Yes,No,No,No,Yes,Month-to-month,Yes,Bank transfer (automatic),83.85,2674.15,No,0.40375188699596193,Medium,Targeted engagement and personalized offer,"cat__Contract_Month-to-month, cat__InternetService_Fiber optic, num__TotalCharges",0.0
2478-EEWWM,Male,0,Yes,No,59,No,No phone service,DSL,No,No,No,No,Yes,Yes,Month-to-month,Yes,Electronic check,44.3,2666.75,No,0.2159472684396425,Low,Continue regular customer engagement,"cat__Contract_Month-to-month, num__TotalCharges, cat__PhoneService_Yes",0.0
4619-EVPHY,Female,1,Yes,No,20,Yes,No,Fiber optic,No,No,No,No,Yes,Yes,One year,Yes,Bank transfer (automatic),91.0,1859.5,No,0.45620464522890447,Medium,Targeted engagement and personalized offer,"num__tenure, cat__InternetService_Fiber optic, cat__Contract_Two year",0.0
2277-DJJDL,Male,1,Yes,No,60,Yes,Yes,Fiber optic,No,No,No,Yes,Yes,Yes,Month-to-month,Yes,Electronic check,99.0,6017.9,No,0.44400994781487213,Medium,Targeted engagement and personalized offer,"num__TotalCharges, cat__Contract_Month-to-month, cat__InternetService_Fiber optic",0.0
2911-WDXMV,Male,0,No,Yes,18,Yes,Yes,Fiber optic,No,No,Yes,No,No,No,Month-to-month,Yes,Credit card (automatic),80.55,1406.65,No,0.4789674887732005,Medium,Targeted engagement and personalized offer,"num__tenure, cat__Contract_Month-to-month, cat__InternetService_Fiber optic",0.0
3639-XJHKQ,Female,0,No,Yes,19,Yes,No,DSL,Yes,Yes,Yes,No,No,No,Month-to-month,Yes,Electronic check,60.6,1297.8,No,0.19154741915929638,Low,Continue regular customer engagement,"num__tenure, cat__Contract_Month-to-month, cat__PaymentMethod_Electronic check",0.0
8173-RXAYP,Female,0,Yes,Yes,24,Yes,No,No,No internet service,No internet service,No internet service,No internet service,No internet service,No internet service,Two year,No,Mailed check,19.7,452.55,No,0.015917350659260983,Low,Continue regular customer engagement,"num__tenure, cat__InternetService_DSL, cat__OnlineSecurity_Yes",0.0
4537-CIBHB,Female,0,Yes,Yes,9,Yes,No,No,No internet service,No internet service,No internet service,No internet service,No internet service,No internet service,One year,No,Mailed check,20.25,172.35,No,0.06151007064020641,Low,Continue regular customer engagement,"num__tenure, cat__Contract_Two year, cat__InternetService_DSL",0.0
5442-BXVND,Female,0,Yes,Yes,33,Yes,Yes,No,No internet service,No internet service,No internet service,No internet service,No internet service,No internet service,Month-to-month,No,Bank transfer (automatic),24.25,838.5,No,0.05118780857589245,Low,Continue regular customer engagement,"cat__Contract_Month-to-month, cat__Contract_Two year, cat__InternetService_DSL",0.0
2308-STERM,Female,0,No,No,2,Yes,No,No,No internet service,No internet service,No internet service,No internet service,No internet service,No internet service,Month-to-month,No,Mailed check,19.4,61.05,No,0.18582674778004526,Low,Continue regular customer engagement,"num__tenure, cat__Contract_Month-to-month, cat__Contract_Two year",0.0
7159-NOKYQ,Male,0,Yes,No,67,Yes,Yes,Fiber optic,No,Yes,Yes,No,No,Yes,Two year,Yes,Electronic check,93.15,6368.2,No,0.11133548117720364,Low,Continue regular customer engagement,"num__TotalCharges, cat__InternetService_Fiber optic, cat__PaymentMethod_Electronic check",0.0
6075-QMNRR,Female,0,No,No,52,Yes,No,DSL,Yes,No,No,No,No,No,Month-to-month,Yes,Bank transfer (automatic),49.75,2535.55,No,0.0568885839219001,Low,Continue regular customer engagement,"cat__Contract_Month-to-month, cat__Contract_Two year, num__TotalCharges",0.0
3694-GLTJM,Female,0,No,No,5,Yes,No,No,No internet service,No internet service,No internet service,No internet service,No internet service,No internet service,Month-to-month,Yes,Credit card (automatic),19.65,92.05,No,0.20485530572982458,Low,Continue regular customer engagement,"num__tenure, cat__Contract_Month-to-month, cat__Contract_Two year",0.0
9629-NHXFW,Female,0,Yes,Yes,1,Yes,No,No,No internet service,No internet service,No internet service,No internet service,No internet service,No internet service,Month-to-month,Yes,Mailed check,19.4,19.4,No,0.21890841536307,Low,Continue regular customer engagement,"num__tenure, cat__Contract_Month-to-month, cat__Contract_Two year",0.0
7167-PCEYD,Male,0,No,No,67,Yes,No,No,No internet service,No internet service,No internet service,No internet service,No internet service,No internet service,Two year,Yes,Mailed check,19.8,1311.3,No,0.0036807500273968842,Low,Continue regular customer engagement,"cat__InternetService_DSL, cat__PaperlessBilling_No, cat__OnlineSecurity_Yes",0.0
2748-MYRVK,Female,0,No,No,63,Yes,Yes,Fiber optic,No,Yes,No,No,Yes,Yes,One year,No,Bank transfer (automatic),99.9,6137,Yes,0.14305192632633776,Low,Continue regular customer engagement,"num__TotalCharges, cat__InternetService_Fiber optic, cat__Contract_Two year",0.0
4223-WOZCM,Male,1,No,No,2,Yes,No,DSL,No,No,Yes,No,No,No,Month-to-month,No,Mailed check,49.95,107.1,No,0.3721112161951577,Low,Continue regular customer engagement,"num__tenure, cat__Contract_Month-to-month, cat__Contract_Two year",0.0
6946-LMSQS,Male,1,Yes,No,25,Yes,Yes,Fiber optic,Yes,No,No,No,No,Yes,One year,Yes,Electronic check,89.05,2177.45,Yes,0.4214665007254213,Medium,Targeted engagement and personalized offer,"num__tenure, cat__InternetService_Fiber optic, cat__PaymentMethod_Electronic check",0.0
5469-NUJUR,Male,0,No,No,19,Yes,No,No,No internet service,No internet service,No internet service,No internet service,No internet service,No internet service,Two year,Yes,Mailed check,19.95,373.5,No,0.0361859378060143,Low,Continue regular customer engagement,"num__tenure, cat__InternetService_DSL, cat__PaperlessBilling_No",0.0
6388-TABGU,Male,0,No,Yes,62,Yes,No,DSL,Yes,Yes,No,No,No,No,One year,No,Bank transfer (automatic),56.15,3487.95,No,0.010495722206174396,Low,Continue regular customer engagement,"num__TotalCharges, cat__Contract_Two year, cat__TechSupport_No",0.0
1261-FWTTE,Male,1,No,No,23,No,No phone service,DSL,No,No,No,No,No,Yes,Month-to-month,Yes,Bank transfer (automatic),34.65,768.45,No,0.41765454370796945,Medium,Targeted engagement and personalized offer,"num__tenure, cat__Contract_Month-to-month, cat__PhoneService_Yes",0.0
8590-YFFQO,Male,0,Yes,No,70,Yes,No,DSL,Yes,Yes,Yes,Yes,No,No,Two year,No,Credit card (automatic),64.95,4523.25,No,0.0037702157387071752,Low,Continue regular customer engagement,"num__TotalCharges, cat__Partner_No, cat__Dependents_Yes",0.0
0082-OQIQY,Male,0,No,No,29,Yes,No,Fiber optic,No,No,No,Yes,Yes,Yes,Month-to-month,Yes,Electronic check,94.2,2607.6,No,0.5221502590862204,Medium,Targeted engagement and personalized offer,"cat__Contract_Month-to-month, cat__InternetService_Fiber optic, num__TotalCharges",0.0
9465-RWMXL,Male,0,Yes,No,32,Yes,Yes,Fiber optic,No,No,Yes,No,No,No,Month-to-month,Yes,Electronic check,78.9,2447.95,Yes,0.5258646921624668,Medium,Targeted engagement and personalized offer,"cat__Contract_Month-to-month, cat__InternetService_Fiber optic, cat__PaymentMethod_Electronic check",0.0
2930-UOTMB,Female,0,No,No,31,Yes,Yes,DSL,Yes,No,Yes,Yes,No,No,Month-to-month,No,Credit card (automatic),65.25,1994.3,Yes,0.08556579552419477,Low,Continue regular customer engagement,"cat__Contract_Month-to-month, cat__Contract_Two year, cat__MultipleLines_No",0.0
9128-CPXKI,Female,0,No,No,59,Yes,No,Fiber optic,No,No,Yes,No,Yes,Yes,Two year,No,Electronic check,95.8,5655.45,No,0.10521013204367843,Low,Continue regular customer engagement,"num__TotalCharges, cat__InternetService_Fiber optic, cat__PaymentMethod_Electronic check",0.0
0484-FFVBJ,Male,0,No,No,32,Yes,No,DSL,No,No,No,No,Yes,Yes,One year,Yes,Bank transfer (automatic),64.85,2010.95,No,0.15444726542861972,Low,Continue regular customer engagement,"cat__Contract_Two year, cat__PaperlessBilling_No, cat__OnlineSecurity_No",0.0
1100-DDVRV,Male,0,Yes,No,17,No,No phone service,DSL,No,Yes,No,No,Yes,Yes,Month-to-month,Yes,Mailed check,49.8,836.35,No,0.49544137184097253,Medium,Targeted engagement and personalized offer,"num__tenure, cat__Contract_Month-to-month, cat__PhoneService_Yes",0.0
9313-QOLTZ,Male,0,No,No,26,Yes,No,No,No internet service,No internet service,No internet service,No internet service,No internet service,No internet service,Month-to-month,No,Mailed check,20.9,518.3,No,0.06795047065012633,Low,Continue regular customer engagement,"cat__Contract_Month-to-month, num__tenure, cat__Contract_Two year",0.0
3338-CVVEH,Male,0,No,No,12,Yes,Yes,Fiber optic,No,No,No,No,Yes,Yes,Month-to-month,No,Electronic check,94.55,1173.55,No,0.7141484867524396,High,Immediate retention offer and customer support follow-up,"num__tenure, cat__Contract_Month-to-month, cat__InternetService_Fiber optic",94.55
1131-SUEKT,Male,0,Yes,Yes,61,Yes,No,Fiber optic,No,Yes,No,Yes,Yes,Yes,One year,Yes,Bank transfer (automatic),98.45,6145.2,No,0.1033624623605432,Low,Continue regular customer engagement,"num__TotalCharges, cat__InternetService_Fiber optic, cat__Contract_Two year",0.0
7602-DBTOU,Female,0,Yes,No,71,Yes,No,No,No internet service,No internet service,No internet service,No internet service,No internet service,No internet service,Two year,No,Mailed check,19.6,1416.5,No,0.002121752151059603,Low,Continue regular customer engagement,"cat__InternetService_DSL, cat__OnlineSecurity_Yes, cat__Partner_No",0.0
1385-TQOZW,Female,0,No,No,9,Yes,No,No,No internet service,No internet service,No internet service,No internet service,No internet service,No internet service,Month-to-month,Yes,Credit card (automatic),20.45,147.55,No,0.1743505994616149,Low,Continue regular customer engagement,"num__tenure, cat__Contract_Month-to-month, cat__Contract_Two year",0.0
6892-XPFPU,Male,1,Yes,No,24,Yes,Yes,Fiber optic,No,Yes,Yes,No,Yes,Yes,Month-to-month,Yes,Electronic check,104.25,2433.9,Yes,0.7146791818152397,High,Immediate retention offer and customer support follow-up,"num__tenure, cat__Contract_Month-to-month, cat__InternetService_Fiber optic",104.25
4115-NZRKS,Female,1,No,No,7,Yes,No,Fiber optic,No,No,No,No,Yes,Yes,Month-to-month,Yes,Electronic check,89.15,574.35,No,0.77522878058742,High,Immediate retention offer and customer support follow-up,"num__tenure, cat__Contract_Month-to-month, cat__InternetService_Fiber optic",89.15
5514-YQENT,Male,0,No,Yes,41,Yes,No,Fiber optic,Yes,Yes,Yes,Yes,Yes,Yes,Two year,Yes,Electronic check,111.15,4507.15,No,0.0905437907011712,Low,Continue regular customer engagement,"num__TotalCharges, cat__InternetService_Fiber optic, cat__PaymentMethod_Electronic check",0.0
6319-IEJWJ,Male,0,Yes,Yes,20,Yes,No,Fiber optic,No,No,No,No,Yes,Yes,Month-to-month,Yes,Electronic check,90.2,1776.55,Yes,0.6286437885506357,Medium,Targeted engagement and personalized offer,"num__tenure, cat__Contract_Month-to-month, cat__InternetService_Fiber optic",0.0
8849-AYPTR,Male,0,Yes,No,33,Yes,No,Fiber optic,No,No,No,No,Yes,Yes,Month-to-month,No,Electronic check,91.25,2964.05,No,0.5007446063314138,Medium,Targeted engagement and personalized offer,"cat__Contract_Month-to-month, num__TotalCharges, cat__InternetService_Fiber optic",0.0
5893-PYOLZ,Male,0,No,No,56,Yes,No,DSL,No,Yes,Yes,Yes,Yes,Yes,Two year,Yes,Credit card (automatic),81.8,4534.45,No,0.02590981283303007,Low,Continue regular customer engagement,"num__TotalCharges, cat__PaperlessBilling_No, cat__OnlineSecurity_No",0.0
7180-PISOG,Male,0,Yes,Yes,1,Yes,Yes,Fiber optic,No,No,No,No,No,No,Month-to-month,Yes,Electronic check,74.5,74.5,Yes,0.7222529554529687,High,Immediate retention offer and customer support follow-up,"num__tenure, cat__Contract_Month-to-month, cat__InternetService_Fiber optic",74.5
8443-ZRDBZ,Male,0,No,No,4,Yes,Yes,Fiber optic,No,No,No,No,No,No,Month-to-month,Yes,Electronic check,76.05,318.9,Yes,0.7438009919932019,High,Immediate retention offer and customer support follow-up,"num__tenure, cat__Contract_Month-to-month, cat__InternetService_Fiber optic",76.05
9079-YEXQJ,Female,0,No,No,54,Yes,Yes,Fiber optic,No,Yes,Yes,Yes,Yes,Yes,Month-to-month,No,Electronic check,111.1,6014.85,Yes,0.3346288054327375,Low,Continue regular customer engagement,"num__TotalCharges, cat__Contract_Month-to-month, cat__InternetService_Fiber optic",0.0
3780-YVMFA,Female,0,Yes,Yes,8,Yes,No,DSL,No,No,No,Yes,Yes,Yes,Month-to-month,Yes,Electronic check,68.55,564.35,No,0.41966168072808047,Medium,Targeted engagement and personalized offer,"num__tenure, cat__Contract_Month-to-month, cat__PaymentMethod_Electronic check",0.0
6968-MHOMU,Male,0,Yes,No,58,No,No phone service,DSL,No,No,No,No,Yes,Yes,One year,Yes,Credit card (automatic),45.0,2689.35,No,0.0879887981806662,Low,Continue regular customer engagement,"num__TotalCharges, cat__PhoneService_Yes, cat__Contract_Two year",0.0
0899-LIIBW,Male,0,Yes,No,34,Yes,Yes,Fiber optic,No,No,Yes,No,Yes,Yes,Month-to-month,No,Electronic check,100.85,3527.3,No,0.5826206954739064,Medium,Targeted engagement and personalized offer,"num__TotalCharges, cat__Contract_Month-to-month, cat__InternetService_Fiber optic",0.0
3677-IYRBF,Female,1,No,No,2,No,No phone service,DSL,No,No,Yes,No,No,No,Month-to-month,Yes,Electronic check,30.4,78.65,Yes,0.6710643683062817,Medium,Targeted engagement and personalized offer,"num__tenure, cat__Contract_Month-to-month, cat__PhoneService_Yes",0.0
8393-DLHGA,Male,0,No,Yes,25,Yes,No,Fiber optic,No,Yes,No,No,Yes,Yes,Month-to-month,Yes,Electronic check,95.9,2448.75,Yes,0.5580677779947643,Medium,Targeted engagement and personalized offer,"num__tenure, cat__Contract_Month-to-month, cat__InternetService_Fiber optic",0.0
7691-XVTZH,Female,0,Yes,No,68,Yes,Yes,Fiber optic,No,No,Yes,No,Yes,No,Two year,Yes,Bank transfer (automatic),89.95,5974.3,No,0.0788937044944933,Low,Continue regular customer engagement,"num__TotalCharges, cat__InternetService_Fiber optic, cat__InternetService_DSL",0.0
5360-LJCNJ,Female,0,Yes,No,71,Yes,Yes,Fiber optic,No,Yes,Yes,No,Yes,Yes,Two year,Yes,Bank transfer (automatic),105.15,7555,No,0.10234643746211754,Low,Continue regular customer engagement,"num__TotalCharges, cat__InternetService_Fiber optic, cat__InternetService_DSL",0.0
3891-PUQOD,Female,0,No,Yes,1,Yes,No,DSL,No,No,Yes,No,No,Yes,Month-to-month,No,Electronic check,59.2,59.2,Yes,0.4131522131364974,Medium,Targeted engagement and personalized offer,"num__tenure, cat__Contract_Month-to-month, cat__PaymentMethod_Electronic check",0.0
0952-KMEEH,Male,0,No,No,13,Yes,Yes,Fiber optic,Yes,No,No,No,Yes,Yes,Month-to-month,No,Mailed check,98.15,1230.25,Yes,0.5326807544041503,Medium,Targeted engagement and personalized offer,"num__tenure, cat__Contract_Month-to-month, cat__InternetService_Fiber optic",0.0
4919-IKATY,Male,0,Yes,Yes,5,Yes,Yes,Fiber optic,Yes,No,Yes,No,No,No,Month-to-month,Yes,Electronic check,84.5,453.75,Yes,0.5904436463810004,Medium,Targeted engagement and personalized offer,"num__tenure, cat__Contract_Month-to-month, cat__InternetService_Fiber optic",0.0
9746-UGFAC,Female,0,No,No,22,Yes,No,No,No internet service,No internet service,No internet service,No internet service,No internet service,No internet service,One year,No,Bank transfer (automatic),20.85,450.65,No,0.03892575400179006,Low,Continue regular customer engagement,"num__tenure, cat__Contract_Two year, cat__InternetService_DSL",0.0
9108-EQPNQ,Female,0,Yes,Yes,10,Yes,Yes,No,No internet service,No internet service,No internet service,No internet service,No internet service,No internet service,Two year,No,Credit card (automatic),26.1,225.55,No,0.037372320312532556,Low,Continue regular customer engagement,"num__tenure, cat__InternetService_DSL, cat__MultipleLines_No",0.0
0531-ZZJWQ,Male,1,Yes,No,55,Yes,Yes,Fiber optic,No,No,No,No,No,No,Month-to-month,Yes,Electronic check,74.0,4052.4,No,0.37414993922772993,Low,Continue regular customer engagement,"num__TotalCharges, cat__Contract_Month-to-month, cat__InternetService_Fiber optic",0.0
8763-KIAFH,Female,0,Yes,Yes,27,Yes,No,No,No internet service,No internet service,No internet service,No internet service,No internet service,No internet service,One year,Yes,Mailed check,20.55,583.3,No,0.03878590998980119,Low,Continue regular customer engagement,"num__tenure, cat__Contract_Two year, cat__InternetService_DSL",0.0
5863-OOKCL,Female,0,No,No,10,Yes,No,No,No internet service,No internet service,No internet service,No internet service,No internet service,No internet service,Month-to-month,No,Mailed check,18.85,163.2,No,0.13260553810133102,Low,Continue regular customer engagement,"num__tenure, cat__Contract_Month-to-month, cat__Contract_Two year",0.0
2958-NHPPS,Male,0,No,No,23,Yes,No,No,No internet service,No internet service,No internet service,No internet service,No internet service,No internet service,Month-to-month,No,Electronic check,20.85,473.9,No,0.10393346474793097,Low,Continue regular customer engagement,"num__tenure, cat__Contract_Month-to-month, cat__PaymentMethod_Electronic check",0.0
9530-GRMJG,Male,0,Yes,Yes,70,Yes,Yes,DSL,No,Yes,Yes,Yes,Yes,Yes,Two year,Yes,Electronic check,84.1,5979.7,No,0.02901691640328957,Low,Continue regular customer engagement,"num__TotalCharges, cat__PaymentMethod_Electronic check, cat__MultipleLines_No",0.0
1809-DMJHQ,Female,0,No,Yes,5,Yes,No,DSL,No,No,No,No,No,No,Month-to-month,No,Mailed check,46.0,221.7,Yes,0.26815536186885874,Low,Continue regular customer engagement,"num__tenure, cat__Contract_Month-to-month, cat__Contract_Two year",0.0
0164-XAIRP,Female,0,No,No,24,Yes,No,No,No internet service,No internet service,No internet service,No internet service,No internet service,No internet service,Two year,Yes,Bank transfer (automatic),19.55,470.2,No,0.02631978815429936,Low,Continue regular customer engagement,"num__tenure, cat__InternetService_DSL, cat__PaperlessBilling_No",0.0
2926-JEJJC,Female,0,No,No,8,Yes,No,No,No internet service,No internet service,No internet service,No internet service,No internet service,No internet service,One year,Yes,Bank transfer (automatic),20.2,140.95,No,0.10239430634412162,Low,Continue regular customer engagement,"num__tenure, cat__Contract_Two year, cat__InternetService_DSL",0.0
1169-WCVAK,Male,0,Yes,No,19,Yes,Yes,Fiber optic,Yes,Yes,No,Yes,No,No,Month-to-month,Yes,Credit card (automatic),88.8,1672.35,No,0.31887619278523915,Low,Continue regular customer engagement,"num__tenure, cat__Contract_Month-to-month, cat__InternetService_Fiber optic",0.0
1217-VASWC,Male,1,Yes,No,43,Yes,No,Fiber optic,No,Yes,Yes,No,Yes,Yes,One year,Yes,Bank transfer (automatic),100.55,4304,No,0.27506461890430584,Low,Continue regular customer engagement,"num__TotalCharges, cat__InternetService_Fiber optic, cat__Contract_Two year",0.0
2452-KDRRH,Male,1,No,No,67,Yes,Yes,Fiber optic,No,No,Yes,No,Yes,Yes,Month-to-month,Yes,Credit card (automatic),101.4,6841.05,No,0.3814648106021614,Low,Continue regular customer engagement,"num__TotalCharges, cat__Contract_Month-to-month, cat__InternetService_Fiber optic",0.0
6402-EJMWF,Male,0,No,No,4,Yes,No,DSL,No,No,No,No,No,Yes,Month-to-month,Yes,Mailed check,55.3,238.5,No,0.4711518918133888,Medium,Targeted engagement and personalized offer,"num__tenure, cat__Contract_Month-to-month, cat__Contract_Two year",0.0
7663-CUXZB,Male,0,Yes,No,59,Yes,Yes,Fiber optic,Yes,Yes,Yes,Yes,Yes,Yes,Two year,No,Electronic check,113.75,6561.25,No,0.0713155871107913,Low,Continue regular customer engagement,"num__TotalCharges, cat__InternetService_Fiber optic, cat__PaymentMethod_Electronic check",0.0
4312-KFRXN,Male,0,Yes,No,72,Yes,Yes,No,No internet service,No internet service,No internet service,No internet service,No internet service,No internet service,Two year,No,Mailed check,25.4,1710.9,No,0.0029392464326934973,Low,Continue regular customer engagement,"cat__InternetService_DSL, cat__MultipleLines_No, cat__OnlineSecurity_Yes",0.0
3011-WQKSZ,Male,0,No,Yes,19,Yes,No,No,No internet service,No internet service,No internet service,No internet service,No internet service,No internet service,Month-to-month,Yes,Electronic check,20.0,377.55,No,0.13864590174746397,Low,Continue regular customer engagement,"num__tenure, cat__Contract_Month-to-month, cat__PaymentMethod_Electronic check",0.0
9747-DDZOS,Female,0,No,No,1,Yes,No,Fiber optic,No,No,Yes,No,No,No,Month-to-month,No,Bank transfer (automatic),73.5,73.5,Yes,0.5155591683238351,Medium,Targeted engagement and personalized offer,"num__tenure, cat__Contract_Month-to-month, cat__InternetService_Fiber optic",0.0
2091-MJTFX,Female,0,Yes,Yes,30,No,No phone service,DSL,No,No,No,Yes,Yes,Yes,Month-to-month,No,Credit card (automatic),51.2,1561.5,Yes,0.1917453950339323,Low,Continue regular customer engagement,"cat__Contract_Month-to-month, cat__PhoneService_Yes, cat__Contract_Two year",0.0
0388-EOPEX,Female,0,Yes,No,2,Yes,No,Fiber optic,Yes,No,No,No,No,No,Month-to-month,Yes,Electronic check,74.4,139.4,Yes,0.6024294544034602,Medium,Targeted engagement and personalized offer,"num__tenure, cat__Contract_Month-to-month, cat__InternetService_Fiber optic",0.0
3161-ONRWK,Male,0,Yes,Yes,60,Yes,No,DSL,Yes,Yes,Yes,Yes,No,No,One year,Yes,Bank transfer (automatic),65.85,3928.3,No,0.012648241283880332,Low,Continue regular customer engagement,"num__TotalCharges, cat__Contract_Two year, cat__PaperlessBilling_No",0.0
2587-EKXTS,Male,0,No,No,44,Yes,Yes,Fiber optic,Yes,Yes,Yes,No,Yes,Yes,Month-to-month,Yes,Electronic check,111.5,4915.15,No,0.474815098613649,Medium,Targeted engagement and personalized offer,"num__TotalCharges, cat__Contract_Month-to-month, cat__InternetService_Fiber optic",0.0
9752-ZNQUT,Female,0,No,No,1,Yes,No,DSL,No,Yes,No,No,No,No,Month-to-month,Yes,Electronic check,48.6,48.6,No,0.47482414888616736,Medium,Targeted engagement and personalized offer,"num__tenure, cat__Contract_Month-to-month, cat__PaymentMethod_Electronic check",0.0
9572-WUKSB,Male,0,Yes,No,3,No,No phone service,DSL,No,No,No,Yes,No,No,Month-to-month,Yes,Electronic check,29.9,92.25,No,0.5563416992430014,Medium,Targeted engagement and personalized offer,"num__tenure, cat__Contract_Month-to-month, cat__PhoneService_Yes",0.0
3836-FZSDJ,Male,1,Yes,No,71,Yes,Yes,No,No internet service,No internet service,No internet service,No internet service,No internet service,No internet service,Two year,No,Bank transfer (automatic),24.85,1901,No,0.0035275162768568066,Low,Continue regular customer engagement,"cat__InternetService_DSL, num__SeniorCitizen, cat__MultipleLines_No",0.0
8805-JNRAZ,Female,0,No,No,2,Yes,No,DSL,No,Yes,No,No,No,No,Month-to-month,No,Mailed check,49.2,103.7,No,0.304869217775075,Low,Continue regular customer engagement,"num__tenure, cat__Contract_Month-to-month, cat__Contract_Two year",0.0
3069-SSVSN,Female,0,No,No,1,No,No phone service,DSL,No,No,No,No,No,No,One year,No,Mailed check,25.85,25.85,No,0.3252456904423204,Low,Continue regular customer engagement,"num__tenure, cat__PhoneService_Yes, cat__Contract_Two year",0.0
8015-IHCGW,Female,0,Yes,Yes,72,Yes,Yes,Fiber optic,Yes,Yes,Yes,Yes,Yes,Yes,Two year,Yes,Electronic check,115.5,8425.15,No,0.06568297342701208,Low,Continue regular customer engagement,"num__TotalCharges, cat__InternetService_Fiber optic, cat__PaymentMethod_Electronic check",0.0
8132-YPVBX,Female,0,No,No,6,Yes,No,Fiber optic,No,Yes,No,No,No,Yes,Month-to-month,Yes,Mailed check,85.95,514.6,No,0.6046467584699065,Medium,Targeted engagement and personalized offer,"num__tenure, cat__Contract_Month-to-month, cat__InternetService_Fiber optic",0.0
0235-KGSLC,Female,0,No,No,1,Yes,No,Fiber optic,No,No,Yes,No,Yes,No,Month-to-month,Yes,Credit card (automatic),85.55,85.55,Yes,0.649417310265461,Medium,Targeted engagement and personalized offer,"num__tenure, cat__Contract_Month-to-month, cat__InternetService_Fiber optic",0.0
1302-UHBDD,Male,1,No,No,20,Yes,No,Fiber optic,No,No,No,No,Yes,Yes,Month-to-month,No,Electronic check,89.95,1648.45,No,0.6168586953199916,Medium,Targeted engagement and personalized offer,"num__tenure, cat__Contract_Month-to-month, cat__InternetService_Fiber optic",0.0
3722-WPXTK,Male,0,No,No,1,Yes,No,Fiber optic,No,No,No,No,Yes,Yes,Month-to-month,Yes,Electronic check,88.35,88.35,Yes,0.7868263854061794,High,Immediate retention offer and customer support follow-up,"num__tenure, cat__Contract_Month-to-month, cat__InternetService_Fiber optic",88.35
7531-GQHME,Male,0,No,No,12,Yes,No,No,No internet service,No internet service,No internet service,No internet service,No internet service,No internet service,Month-to-month,No,Credit card (automatic),20.05,265.45,No,0.11579372197767956,Low,Continue regular customer engagement,"num__tenure, cat__Contract_Month-to-month, cat__Contract_Two year",0.0
1335-NTIUC,Male,0,No,No,9,No,No phone service,DSL,No,No,No,No,No,No,Month-to-month,Yes,Electronic check,24.95,190.25,No,0.5715021851436428,Medium,Targeted engagement and personalized offer,"num__tenure, cat__Contract_Month-to-month, cat__PhoneService_Yes",0.0
9367-TCUYN,Female,0,No,No,12,Yes,No,No,No internet service,No internet service,No internet service,No internet service,No internet service,No internet service,Month-to-month,No,Mailed check,20.1,223.6,No,0.12252185157549467,Low,Continue regular customer engagement,"num__tenure, cat__Contract_Month-to-month, cat__Contract_Two year",0.0
1536-HBSWP,Female,0,No,No,1,Yes,No,DSL,No,No,No,Yes,No,No,Month-to-month,Yes,Electronic check,49.9,49.9,No,0.42521733872079104,Medium,Targeted engagement and personalized offer,"num__tenure, cat__Contract_Month-to-month, cat__PaymentMethod_Electronic check",0.0
8573-JGCZW,Male,0,No,No,17,Yes,No,No,No internet service,No internet service,No internet service,No internet service,No internet service,No internet service,One year,Yes,Bank transfer (automatic),19.65,351.55,No,0.07069271962834976,Low,Continue regular customer engagement,"num__tenure, cat__Contract_Two year, cat__InternetService_DSL",0.0
2694-CIUMO,Female,0,No,No,12,Yes,Yes,Fiber optic,No,No,No,Yes,No,No,Month-to-month,Yes,Credit card (automatic),79.55,958.25,No,0.49828312351055837,Medium,Targeted engagement and personalized offer,"num__tenure, cat__Contract_Month-to-month, cat__InternetService_Fiber optic",0.0
2027-FECZV,Male,0,No,No,12,Yes,Yes,Fiber optic,No,Yes,Yes,No,Yes,Yes,Month-to-month,Yes,Electronic check,106.7,1253.9,Yes,0.7469443907182325,High,Immediate retention offer and customer support follow-up,"num__tenure, cat__Contract_Month-to-month, cat__InternetService_Fiber optic",106.7
9103-TCIHJ,Female,0,No,No,15,Yes,Yes,DSL,Yes,No,No,No,No,No,Month-to-month,Yes,Mailed check,55.7,899.8,Yes,0.286909729167407,Low,Continue regular customer engagement,"num__tenure, cat__Contract_Month-to-month, cat__Contract_Two year",0.0
1545-JFUML,Male,0,Yes,No,71,Yes,Yes,Fiber optic,Yes,Yes,Yes,No,Yes,No,Two year,Yes,Electronic check,99.0,6994.6,No,0.07191344702368484,Low,Continue regular customer engagement,"num__TotalCharges, cat__InternetService_Fiber optic, cat__PaymentMethod_Electronic check",0.0
0524-IAVZO,Female,0,Yes,No,30,Yes,Yes,Fiber optic,No,No,No,No,No,Yes,Month-to-month,Yes,Electronic check,85.0,2624.25,Yes,0.6209080458823364,Medium,Targeted engagement and personalized offer,"cat__Contract_Month-to-month, cat__InternetService_Fiber optic, num__TotalCharges",0.0
5519-TEEUH,Male,0,No,Yes,33,Yes,No,No,No internet service,No internet service,No internet service,No internet service,No internet service,No internet service,One year,Yes,Mailed check,20.15,682.15,No,0.029098145384579083,Low,Continue regular customer engagement,"cat__Contract_Two year, cat__InternetService_DSL, cat__PaperlessBilling_No",0.0
6654-QGBZZ,Female,0,No,No,1,Yes,No,No,No internet service,No internet service,No internet service,No internet service,No internet service,No internet service,Month-to-month,No,Mailed check,19.9,19.9,No,0.1923929203848715,Low,Continue regular customer engagement,"num__tenure, cat__Contract_Month-to-month, cat__Contract_Two year",0.0
2294-DMMUS,Female,0,Yes,Yes,62,Yes,Yes,DSL,No,No,No,No,Yes,Yes,Month-to-month,Yes,Credit card (automatic),70.45,4300.45,No,0.12116896770635255,Low,Continue regular customer engagement,"num__TotalCharges, cat__Contract_Month-to-month, cat__Contract_Two year",0.0
0017-IUDMW,Female,0,Yes,Yes,72,Yes,Yes,Fiber optic,Yes,Yes,Yes,Yes,Yes,Yes,Two year,Yes,Credit card (automatic),116.8,8456.75,No,0.04488506452554836,Low,Continue regular customer engagement,"num__TotalCharges, cat__InternetService_Fiber optic, cat__InternetService_DSL",0.0
5018-LXQQG,Female,0,Yes,Yes,30,Yes,No,DSL,Yes,No,No,Yes,No,Yes,Month-to-month,No,Bank transfer (automatic),66.3,1923.5,No,0.07342849371225574,Low,Continue regular customer engagement,"cat__Contract_Month-to-month, cat__Contract_Two year, cat__StreamingMovies_Yes",0.0
5808-TOTXO,Female,0,No,Yes,3,Yes,No,No,No internet service,No internet service,No internet service,No internet service,No internet service,No internet service,One year,Yes,Credit card (automatic),20.55,57.4,No,0.10113558952577312,Low,Continue regular customer engagement,"num__tenure, cat__Contract_Two year, cat__InternetService_DSL",0.0
1174-FGIFN,Female,0,Yes,Yes,28,Yes,Yes,Fiber optic,No,No,No,Yes,No,Yes,One year,Yes,Electronic check,90.45,2509.25,No,0.3238875348435053,Low,Continue regular customer engagement,"cat__InternetService_Fiber optic, cat__PaymentMethod_Electronic check, cat__Contract_Two year",0.0
0730-KOAVE,Male,0,No,No,30,Yes,Yes,Fiber optic,Yes,Yes,No,No,No,Yes,Month-to-month,Yes,Credit card (automatic),94.3,2679.7,No,0.37407368274466807,Low,Continue regular customer engagement,"cat__Contract_Month-to-month, cat__InternetService_Fiber optic, num__TotalCharges",0.0
1218-VKFPE,Female,0,Yes,Yes,12,Yes,No,No,No internet service,No internet service,No internet service,No internet service,No internet service,No internet service,Month-to-month,No,Mailed check,19.0,233.55,Yes,0.10223873583198154,Low,Continue regular customer engagement,"num__tenure, cat__Contract_Month-to-month, cat__Contract_Two year",0.0
5313-FPXWG,Male,0,No,No,51,Yes,Yes,No,No internet service,No internet service,No internet service,No internet service,No internet service,No internet service,One year,Yes,Bank transfer (automatic),24.6,1266.4,No,0.02041777219694506,Low,Continue regular customer engagement,"cat__Contract_Two year, cat__InternetService_DSL, cat__MultipleLines_No",0.0
2834-JKOOW,Female,0,No,No,15,No,No phone service,DSL,Yes,Yes,Yes,Yes,No,No,One year,No,Mailed check,45.9,693.45,No,0.0881331151505074,Low,Continue regular customer engagement,"num__tenure, cat__PhoneService_Yes, cat__Contract_Two year",0.0
9430-NKQLY,Male,0,Yes,Yes,72,Yes,Yes,No,No internet service,No internet service,No internet service,No internet service,No internet service,No internet service,Two year,Yes,Credit card (automatic),25.1,1790.8,No,0.0031346529489272358,Low,Continue regular customer engagement,"cat__InternetService_DSL, cat__MultipleLines_No, cat__PaperlessBilling_No",0.0
0363-QJVFX,Male,0,No,No,32,Yes,Yes,Fiber optic,Yes,Yes,No,Yes,Yes,Yes,Month-to-month,Yes,Credit card (automatic),108.15,3432.9,Yes,0.3557505854539195,Low,Continue regular customer engagement,"num__TotalCharges, cat__Contract_Month-to-month, cat__InternetService_Fiber optic",0.0
1658-TJVOA,Female,1,No,No,6,Yes,No,Fiber optic,Yes,No,No,No,No,No,Month-to-month,Yes,Electronic check,74.1,450.9,No,0.6001353853793708,Medium,Targeted engagement and personalized offer,"num__tenure, cat__Contract_Month-to-month, cat__InternetService_Fiber optic",0.0
6685-GBWJZ,Male,0,Yes,No,63,Yes,No,DSL,Yes,Yes,No,Yes,Yes,No,One year,No,Credit card (automatic),70.8,4448.8,No,0.013460196693823262,Low,Continue regular customer engagement,"num__TotalCharges, cat__Contract_Two year, cat__StreamingTV_Yes",0.0
6328-ZPBGN,Female,1,No,No,11,Yes,Yes,Fiber optic,No,No,No,No,Yes,Yes,Month-to-month,Yes,Bank transfer (automatic),95.15,997.65,Yes,0.7380675224170956,High,Immediate retention offer and customer support follow-up,"num__tenure, cat__Contract_Month-to-month, cat__InternetService_Fiber optic",95.15
4003-FUSHP,Male,0,No,No,19,Yes,No,DSL,No,No,No,Yes,Yes,No,Month-to-month,Yes,Credit card (automatic),61.55,1093.2,No,0.2369808904189371,Low,Continue regular customer engagement,"num__tenure, cat__Contract_Month-to-month, cat__Contract_Two year",0.0
7690-KPNCU,Male,0,Yes,Yes,64,Yes,No,DSL,Yes,No,Yes,No,Yes,Yes,One year,Yes,Credit card (automatic),73.05,4688.65,No,0.03162347444045372,Low,Continue regular customer engagement,"num__TotalCharges, cat__Contract_Two year, cat__PaperlessBilling_No",0.0
2969-WGHQO,Female,0,Yes,Yes,7,Yes,No,DSL,Yes,Yes,Yes,No,Yes,No,One year,No,Electronic check,69.45,477.05,No,0.13644479073771865,Low,Continue regular customer engagement,"num__tenure, cat__PaymentMethod_Electronic check, cat__Contract_Two year",0.0
1855-CFULU,Female,1,No,No,4,Yes,No,No,No internet service,No internet service,No internet service,No internet service,No internet service,No internet service,Month-to-month,No,Mailed check,20.05,91.45,No,0.1931160407779773,Low,Continue regular customer engagement,"num__tenure, cat__Contract_Month-to-month, cat__Contract_Two year",0.0
9788-YTFGE,Male,0,No,No,7,Yes,No,No,No internet service,No internet service,No internet service,No internet service,No internet service,No internet service,Month-to-month,Yes,Mailed check,19.95,147.5,No,0.2088078609651628,Low,Continue regular customer engagement,"num__tenure, cat__Contract_Month-to-month, cat__Contract_Two year",0.0
8266-VBFQL,Male,0,No,No,4,Yes,No,Fiber optic,No,No,Yes,Yes,No,Yes,Month-to-month,Yes,Electronic check,90.4,356.65,No,0.6410635506915312,Medium,Targeted engagement and personalized offer,"num__tenure, cat__Contract_Month-to-month, cat__InternetService_Fiber optic",0.0
2325-NBPZG,Female,0,No,No,3,Yes,No,Fiber optic,Yes,No,No,No,No,No,Month-to-month,Yes,Electronic check,74.55,233.65,No,0.5898963864477634,Medium,Targeted engagement and personalized offer,"num__tenure, cat__Contract_Month-to-month, cat__InternetService_Fiber optic",0.0
9906-NHHVC,Female,1,No,No,65,No,No phone service,DSL,No,Yes,Yes,No,Yes,Yes,Two year,Yes,Bank transfer (automatic),53.5,3517.9,No,0.036989009827820635,Low,Continue regular customer engagement,"num__TotalCharges, cat__PhoneService_Yes, num__SeniorCitizen",0.0
2541-YGPKE,Male,0,Yes,Yes,42,Yes,No,DSL,Yes,No,No,Yes,No,Yes,One year,No,Credit card (automatic),63.7,2763.35,No,0.02499397129772074,Low,Continue regular customer engagement,"num__TotalCharges, cat__Contract_Two year, cat__StreamingMovies_Yes",0.0
5049-MUBWG,Male,0,No,No,26,Yes,No,DSL,Yes,No,No,Yes,Yes,Yes,One year,No,Bank transfer (automatic),75.0,1908.35,No,0.07010807590855818,Low,Continue regular customer engagement,"num__tenure, cat__Contract_Two year, cat__StreamingTV_Yes",0.0
2332-TODQS,Female,0,No,No,48,Yes,Yes,No,No internet service,No internet service,No internet service,No internet service,No internet service,No internet service,One year,No,Credit card (automatic),25.05,1171.5,No,0.015453161357712977,Low,Continue regular customer engagement,"cat__Contract_Two year, cat__InternetService_DSL, cat__MultipleLines_No",0.0
4419-UJMUS,Male,0,Yes,Yes,69,Yes,Yes,Fiber optic,No,No,No,Yes,Yes,Yes,Two year,Yes,Electronic check,99.35,6856.45,No,0.09706293504884994,Low,Continue regular customer engagement,"num__TotalCharges, cat__InternetService_Fiber optic, cat__PaymentMethod_Electronic check",0.0
2233-TXSIU,Male,0,Yes,Yes,17,No,No phone service,DSL,Yes,No,Yes,No,Yes,No,One year,No,Credit card (automatic),44.45,792.15,No,0.1267793437353878,Low,Continue regular customer engagement,"num__tenure, cat__PhoneService_Yes, cat__Contract_Two year",0.0
6770-XUAGN,Female,0,Yes,Yes,1,Yes,No,No,No internet service,No internet service,No internet service,No internet service,No internet service,No internet service,Month-to-month,Yes,Electronic check,21.0,21,Yes,0.2778038112818958,Low,Continue regular customer engagement,"num__tenure, cat__Contract_Month-to-month, cat__PaymentMethod_Electronic check",0.0
2919-HBCJO,Female,0,No,No,4,Yes,No,Fiber optic,No,Yes,No,No,No,No,Month-to-month,Yes,Bank transfer (automatic),76.65,333.6,Yes,0.5514860393706735,Medium,Targeted engagement and personalized offer,"num__tenure, cat__Contract_Month-to-month, cat__InternetService_Fiber optic",0.0
9508-ILZDG,Female,1,No,No,34,Yes,Yes,Fiber optic,No,Yes,No,Yes,Yes,No,Month-to-month,Yes,Electronic check,96.35,3190.25,No,0.49795591621209917,Medium,Targeted engagement and personalized offer,"num__TotalCharges, cat__Contract_Month-to-month, cat__InternetService_Fiber optic",0.0
5442-BHQNG,Female,0,No,No,2,Yes,No,Fiber optic,No,No,No,No,No,No,Month-to-month,No,Electronic check,70.35,139.25,No,0.6114987933608489,Medium,Targeted engagement and personalized offer,"num__tenure, cat__Contract_Month-to-month, cat__InternetService_Fiber optic",0.0
7250-EQKIY,Female,0,Yes,Yes,1,Yes,No,DSL,No,No,Yes,No,No,No,Month-to-month,No,Mailed check,50.45,50.45,Yes,0.2979106322532918,Low,Continue regular customer engagement,"num__tenure, cat__Contract_Month-to-month, cat__Contract_Two year",0.0
6838-HVLXG,Female,0,No,No,12,Yes,No,No,No internet service,No internet service,No internet service,No internet service,No internet service,No internet service,Month-to-month,No,Mailed check,20.3,246.7,No,0.12317850818377034,Low,Continue regular customer engagement,"num__tenure, cat__Contract_Month-to-month, cat__Contract_Two year",0.0
9767-FFLEM,Male,0,No,No,38,Yes,No,Fiber optic,No,No,No,No,No,No,Month-to-month,Yes,Credit card (automatic),69.5,2625.25,No,0.3010743579748807,Low,Continue regular customer engagement,"cat__Contract_Month-to-month, cat__InternetService_Fiber optic, num__TotalCharges",0.0
2245-ADZFJ,Female,0,Yes,Yes,31,Yes,Yes,DSL,No,Yes,No,Yes,Yes,Yes,Two year,No,Bank transfer (automatic),80.55,2471.6,No,0.0444113192980906,Low,Continue regular customer engagement,"num__TotalCharges, cat__MultipleLines_No, cat__OnlineSecurity_No",0.0
1150-WFARN,Female,0,Yes,Yes,67,Yes,Yes,Fiber optic,Yes,No,Yes,Yes,Yes,Yes,Two year,Yes,Credit card (automatic),108.75,7156.2,Yes,0.04960750184672557,Low,Continue regular customer engagement,"num__TotalCharges, cat__InternetService_Fiber optic, cat__InternetService_DSL",0.0
9054-FOWNV,Male,0,Yes,Yes,22,Yes,Yes,Fiber optic,No,No,Yes,No,Yes,No,Month-to-month,Yes,Electronic check,88.75,1885.15,No,0.615983046105,Medium,Targeted engagement and personalized offer,"num__tenure, cat__Contract_Month-to-month, cat__InternetService_Fiber optic",0.0
7997-EASSD,Female,0,Yes,No,63,Yes,Yes,Fiber optic,No,No,No,Yes,No,No,One year,Yes,Credit card (automatic),81.2,4965.1,No,0.0864428034566732,Low,Continue regular customer engagement,"num__TotalCharges, cat__InternetService_Fiber optic, cat__Contract_Two year",0.0
7560-QJAVJ,Female,0,No,No,70,Yes,No,DSL,Yes,No,Yes,Yes,Yes,Yes,Two year,No,Bank transfer (automatic),79.6,5589.45,No,0.008914300353499022,Low,Continue regular customer engagement,"num__TotalCharges, cat__StreamingTV_Yes, cat__StreamingMovies_Yes",0.0
2668-TZSPS,Male,0,No,No,1,Yes,No,No,No internet service,No internet service,No internet service,No internet service,No internet service,No internet service,Month-to-month,No,Mailed check,20.45,20.45,No,0.195672638284487,Low,Continue regular customer engagement,"num__tenure, cat__Contract_Month-to-month, cat__Contract_Two year",0.0
9139-WQQDY,Female,0,Yes,Yes,49,Yes,Yes,Fiber optic,No,Yes,No,No,Yes,Yes,One year,No,Mailed check,100.45,4941.8,Yes,0.1832572373281122,Low,Continue regular customer engagement,"num__TotalCharges, cat__InternetService_Fiber optic, cat__Contract_Two year",0.0
6726-NNFWD,Female,1,Yes,No,71,Yes,No,Fiber optic,No,Yes,Yes,No,No,Yes,Two year,No,Credit card (automatic),89.45,6435.25,No,0.03878939192936833,Low,Continue regular customer engagement,"num__TotalCharges, cat__InternetService_Fiber optic, cat__InternetService_DSL",0.0
9330-DHBFL,Female,0,Yes,Yes,23,Yes,No,DSL,Yes,Yes,Yes,Yes,No,No,One year,Yes,Mailed check,66.25,1533.8,No,0.04921282715264886,Low,Continue regular customer engagement,"num__tenure, cat__Contract_Two year, cat__PaperlessBilling_No",0.0
5727-MYATE,Male,0,Yes,Yes,72,Yes,Yes,DSL,Yes,Yes,Yes,Yes,Yes,Yes,Two year,Yes,Credit card (automatic),90.8,6397.6,No,0.012755573876210466,Low,Continue regular customer engagement,"num__TotalCharges, cat__MultipleLines_No, cat__PaperlessBilling_No",0.0
2824-DXNKN,Female,0,Yes,Yes,72,Yes,Yes,DSL,Yes,No,Yes,No,Yes,No,Two year,Yes,Bank transfer (automatic),71.45,5025.85,No,0.012722932663973036,Low,Continue regular customer engagement,"num__TotalCharges, cat__MultipleLines_No, cat__PaperlessBilling_No",0.0
6166-ILMNY,Female,0,No,No,2,Yes,No,Fiber optic,No,No,No,No,No,No,Month-to-month,No,Bank transfer (automatic),69.75,144.55,Yes,0.5182698772660098,Medium,Targeted engagement and personalized offer,"num__tenure, cat__Contract_Month-to-month, cat__InternetService_Fiber optic",0.0
5236-XMZJY,Female,0,No,No,42,Yes,No,DSL,Yes,Yes,Yes,No,No,No,Month-to-month,No,Bank transfer (automatic),59.65,2536.55,No,0.05383843827724061,Low,Continue regular customer engagement,"cat__Contract_Month-to-month, cat__Contract_Two year, num__TotalCharges",0.0
1709-EJDOX,Female,0,Yes,Yes,47,Yes,No,No,No internet service,No internet service,No internet service,No internet service,No internet service,No internet service,Two year,No,Mailed check,19.75,948.9,No,0.005361955378382712,Low,Continue regular customer engagement,"cat__InternetService_DSL, cat__OnlineSecurity_Yes, cat__Partner_No",0.0
4962-CHQPW,Male,0,No,Yes,29,Yes,No,No,No internet service,No internet service,No internet service,No internet service,No internet service,No internet service,One year,No,Mailed check,19.85,535.05,No,0.024096710640713493,Low,Continue regular customer engagement,"cat__Contract_Two year, cat__InternetService_DSL, num__tenure",0.0
0301-FIDRB,Female,0,Yes,Yes,72,No,No phone service,DSL,Yes,Yes,Yes,Yes,Yes,Yes,Two year,Yes,Bank transfer (automatic),63.8,4684.3,No,0.011089061608987188,Low,Continue regular customer engagement,"num__TotalCharges, cat__PhoneService_Yes, cat__MultipleLines_No",0.0
1820-TQVEV,Male,0,No,No,1,Yes,No,Fiber optic,No,No,No,No,No,No,Month-to-month,Yes,Electronic check,69.55,69.55,Yes,0.7064269145280802,High,Immediate retention offer and customer support follow-up,"num__tenure, cat__Contract_Month-to-month, cat__InternetService_Fiber optic",69.55
9115-YQHGA,Male,0,No,No,40,Yes,No,DSL,No,No,No,Yes,No,No,Month-to-month,Yes,Electronic check,51.1,2092.9,No,0.13825473343271655,Low,Continue regular customer engagement,"cat__Contract_Month-to-month, cat__PaymentMethod_Electronic check, cat__Contract_Two year",0.0
1541-ETJZO,Male,0,No,No,1,Yes,Yes,DSL,No,No,Yes,Yes,No,No,Month-to-month,No,Mailed check,62.05,62.05,Yes,0.32641996649099486,Low,Continue regular customer engagement,"num__tenure, cat__Contract_Month-to-month, cat__Contract_Two year",0.0
6230-BSUXY,Female,1,No,No,1,Yes,No,Fiber optic,No,No,Yes,No,No,Yes,Month-to-month,Yes,Electronic check,85.0,85,Yes,0.7639472588060409,High,Immediate retention offer and customer support follow-up,"num__tenure, cat__Contract_Month-to-month, cat__InternetService_Fiber optic",85.0
6797-LNAQX,Male,0,Yes,Yes,70,Yes,Yes,Fiber optic,No,Yes,No,No,Yes,Yes,Two year,No,Bank transfer (automatic),98.3,6859.5,Yes,0.055595909104510274,Low,Continue regular customer engagement,"num__TotalCharges, cat__InternetService_Fiber optic, cat__InternetService_DSL",0.0
9588-YRFHY,Male,0,No,No,49,Yes,No,No,No internet service,No internet service,No internet service,No internet service,No internet service,No internet service,Two year,Yes,Credit card (automatic),19.9,1022.6,No,0.008076741813008433,Low,Continue regular customer engagement,"cat__InternetService_DSL, cat__PaperlessBilling_No, cat__OnlineSecurity_Yes",0.0
1092-GANHU,Male,0,No,No,17,Yes,No,Fiber optic,No,No,Yes,No,No,No,Month-to-month,Yes,Electronic check,76.65,1313.55,Yes,0.5753457489946504,Medium,Targeted engagement and personalized offer,"num__tenure, cat__Contract_Month-to-month, cat__InternetService_Fiber optic",0.0
5951-AOFIH,Male,0,No,No,33,Yes,No,DSL,No,Yes,Yes,No,Yes,No,Month-to-month,Yes,Credit card (automatic),66.4,2245.4,No,0.1884347955412645,Low,Continue regular customer engagement,"cat__Contract_Month-to-month, cat__Contract_Two year, cat__PaperlessBilling_No",0.0
7029-RPUAV,Male,1,Yes,No,17,Yes,Yes,Fiber optic,No,No,Yes,No,Yes,Yes,Month-to-month,Yes,Credit card (automatic),100.45,1622.45,Yes,0.7000724790031697,High,Immediate retention offer and customer support follow-up,"num__tenure, cat__Contract_Month-to-month, cat__InternetService_Fiber optic",100.45
4700-UBQMV,Male,0,Yes,Yes,21,Yes,Yes,DSL,Yes,No,No,No,Yes,Yes,One year,Yes,Bank transfer (automatic),75.9,1549.75,No,0.16989545216307525,Low,Continue regular customer engagement,"num__tenure, cat__Contract_Two year, cat__MultipleLines_No",0.0
3594-UVONA,Female,0,No,No,35,Yes,Yes,DSL,Yes,No,Yes,Yes,Yes,Yes,One year,Yes,Credit card (automatic),85.95,3110.1,Yes,0.10010041025401382,Low,Continue regular customer engagement,"num__TotalCharges, cat__Contract_Two year, cat__MultipleLines_No",0.0
7750-EYXWZ,Female,0,No,No,12,No,No phone service,DSL,No,Yes,Yes,Yes,Yes,Yes,One year,No,Electronic check,60.65,743.3,No,0.27001376895420026,Low,Continue regular customer engagement,"num__tenure, cat__PhoneService_Yes, cat__PaymentMethod_Electronic check",0.0
7054-ENNGU,Female,0,Yes,No,9,Yes,No,DSL,No,Yes,No,No,No,No,Month-to-month,No,Mailed check,50.85,466.6,No,0.2536020271073149,Low,Continue regular customer engagement,"num__tenure, cat__Contract_Month-to-month, cat__Contract_Two year",0.0
0402-OAMEN,Female,0,Yes,Yes,72,Yes,Yes,No,No internet service,No internet service,No internet service,No internet service,No internet service,No internet service,Two year,No,Bank transfer (automatic),24.45,1709.1,No,0.0021429288118931284,Low,Continue regular customer engagement,"cat__InternetService_DSL, cat__MultipleLines_No, cat__OnlineSecurity_Yes",0.0
2195-VVRJF,Male,1,Yes,No,18,Yes,No,DSL,Yes,No,No,No,No,Yes,Month-to-month,Yes,Credit card (automatic),59.1,1011.05,No,0.26540290191932436,Low,Continue regular customer engagement,"num__tenure, cat__Contract_Month-to-month, cat__Contract_Two year",0.0
8819-ZBYNA,Female,0,Yes,No,58,Yes,Yes,Fiber optic,Yes,Yes,No,Yes,Yes,Yes,Two year,Yes,Credit card (automatic),109.1,6393.65,No,0.07077965855898453,Low,Continue regular customer engagement,"num__TotalCharges, cat__InternetService_Fiber optic, cat__InternetService_DSL",0.0
7748-UMTRK,Female,1,No,Yes,30,Yes,Yes,Fiber optic,No,No,No,Yes,Yes,Yes,Month-to-month,Yes,Electronic check,101.3,2974.5,No,0.5769275966041912,Medium,Targeted engagement and personalized offer,"cat__Contract_Month-to-month, num__TotalCharges, cat__InternetService_Fiber optic",0.0
1741-WTPON,Male,0,Yes,Yes,56,Yes,Yes,Fiber optic,Yes,Yes,Yes,Yes,Yes,Yes,Two year,No,Mailed check,115.85,6567.9,No,0.049776667405689284,Low,Continue regular customer engagement,"num__TotalCharges, cat__InternetService_Fiber optic, cat__InternetService_DSL",0.0
7209-JCUDS,Male,0,No,No,10,Yes,No,Fiber optic,No,No,Yes,No,Yes,Yes,Month-to-month,Yes,Electronic check,94.9,1048.85,Yes,0.7371412619900957,High,Immediate retention offer and customer support follow-up,"num__tenure, cat__Contract_Month-to-month, cat__InternetService_Fiber optic",94.9
2485-ITVKB,Female,0,Yes,No,2,No,No phone service,DSL,No,No,No,No,No,Yes,Month-to-month,Yes,Electronic check,35.1,68.75,Yes,0.6994779361744964,Medium,Targeted engagement and personalized offer,"num__tenure, cat__Contract_Month-to-month, cat__PhoneService_Yes",0.0
9648-BCHKM,Female,0,Yes,Yes,18,Yes,Yes,No,No internet service,No internet service,No internet service,No internet service,No internet service,No internet service,Two year,Yes,Credit card (automatic),24.65,471.35,No,0.03756429872768752,Low,Continue regular customer engagement,"num__tenure, cat__InternetService_DSL, cat__MultipleLines_No",0.0
0743-HRVFF,Female,0,Yes,Yes,51,No,No phone service,DSL,No,No,Yes,Yes,Yes,Yes,One year,Yes,Electronic check,56.15,2898.95,No,0.10217740092722746,Low,Continue regular customer engagement,"num__TotalCharges, cat__PhoneService_Yes, cat__PaymentMethod_Electronic check",0.0
2522-AHJXR,Male,0,Yes,No,60,Yes,Yes,Fiber optic,Yes,No,Yes,Yes,Yes,Yes,Month-to-month,Yes,Bank transfer (automatic),109.45,6572.85,No,0.25294409019640224,Low,Continue regular customer engagement,"num__TotalCharges, cat__Contract_Month-to-month, cat__InternetService_Fiber optic",0.0
9143-CANJF,Female,0,Yes,Yes,24,Yes,No,DSL,Yes,No,No,Yes,No,No,Month-to-month,No,Electronic check,55.15,1319.85,No,0.09948137181282628,Low,Continue regular customer engagement,"num__tenure, cat__Contract_Month-to-month, cat__PaymentMethod_Electronic check",0.0
1444-VVSGW,Male,0,Yes,No,70,Yes,Yes,Fiber optic,Yes,Yes,Yes,Yes,Yes,Yes,One year,No,Credit card (automatic),115.65,7968.85,Yes,0.07403065710458578,Low,Continue regular customer engagement,"num__TotalCharges, cat__InternetService_Fiber optic, cat__Contract_Two year",0.0
6898-MDLZW,Male,0,No,No,12,Yes,No,DSL,No,Yes,No,Yes,No,No,Month-to-month,Yes,Mailed check,53.75,648.65,No,0.2303317198962357,Low,Continue regular customer engagement,"num__tenure, cat__Contract_Month-to-month, cat__Contract_Two year",0.0
0074-HDKDG,Male,0,Yes,Yes,25,Yes,No,DSL,Yes,Yes,Yes,No,No,No,One year,Yes,Bank transfer (automatic),61.6,1611,No,0.06219913710406833,Low,Continue regular customer engagement,"num__tenure, cat__Contract_Two year, cat__PaperlessBilling_No",0.0
3982-JGSFD,Male,0,No,No,36,Yes,No,No,No internet service,No internet service,No internet service,No internet service,No internet service,No internet service,One year,Yes,Credit card (automatic),20.35,695.85,No,0.0284588579191553,Low,Continue regular customer engagement,"cat__Contract_Two year, cat__InternetService_DSL, cat__PaperlessBilling_No",0.0
7928-VJYAB,Male,0,Yes,Yes,11,Yes,No,Fiber optic,No,No,No,No,Yes,Yes,Month-to-month,No,Electronic check,90.6,1020.2,No,0.6084667954072911,Medium,Targeted engagement and personalized offer,"num__tenure, cat__Contract_Month-to-month, cat__InternetService_Fiber optic",0.0
1522-VVDMG,Male,0,Yes,Yes,7,Yes,No,Fiber optic,No,Yes,No,Yes,Yes,No,Month-to-month,Yes,Electronic check,89.75,608.8,Yes,0.5362975651900185,Medium,Targeted engagement and personalized offer,"num__tenure, cat__Contract_Month-to-month, cat__InternetService_Fiber optic",0.0
2665-NPTGL,Female,1,Yes,No,26,Yes,Yes,Fiber optic,No,No,Yes,No,Yes,Yes,Month-to-month,Yes,Bank transfer (automatic),98.1,2510.7,No,0.6472979019091881,Medium,Targeted engagement and personalized offer,"cat__Contract_Month-to-month, num__tenure, cat__InternetService_Fiber optic",0.0
8728-SKJLR,Male,0,No,No,41,Yes,No,Fiber optic,No,No,No,Yes,No,No,Month-to-month,Yes,Electronic check,74.25,3089.1,No,0.29947865288433806,Low,Continue regular customer engagement,"num__TotalCharges, cat__Contract_Month-to-month, cat__InternetService_Fiber optic",0.0
7733-UDMTP,Female,1,No,No,57,No,No phone service,DSL,No,Yes,Yes,No,Yes,Yes,Month-to-month,Yes,Electronic check,55.0,3094.05,No,0.23282245685320407,Low,Continue regular customer engagement,"num__TotalCharges, cat__Contract_Month-to-month, cat__PhoneService_Yes",0.0
0431-APWVY,Female,0,Yes,Yes,28,Yes,No,Fiber optic,No,No,No,No,Yes,Yes,One year,Yes,Bank transfer (automatic),90.1,2598.95,Yes,0.31310220225977486,Low,Continue regular customer engagement,"cat__InternetService_Fiber optic, num__TotalCharges, cat__Contract_Two year",0.0
5081-NWSUP,Female,0,No,No,10,Yes,No,DSL,No,Yes,No,Yes,No,Yes,One year,No,Mailed check,64.9,685.55,No,0.1230068345009135,Low,Continue regular customer engagement,"num__tenure, cat__Contract_Two year, cat__OnlineSecurity_No",0.0
2746-DIJLO,Female,0,No,No,41,Yes,Yes,DSL,No,Yes,No,No,No,No,One year,Yes,Credit card (automatic),56.3,2364,No,0.07886370594796455,Low,Continue regular customer engagement,"cat__Contract_Two year, cat__MultipleLines_No, cat__PaperlessBilling_No",0.0
7277-OZCGZ,Female,0,No,No,22,Yes,No,Fiber optic,Yes,No,No,Yes,No,Yes,Month-to-month,Yes,Electronic check,89.05,1886.25,No,0.4042676662140873,Medium,Targeted engagement and personalized offer,"num__tenure, cat__Contract_Month-to-month, cat__InternetService_Fiber optic",0.0
5236-PERKL,Female,0,No,No,57,Yes,Yes,Fiber optic,Yes,Yes,Yes,No,Yes,Yes,Two year,Yes,Bank transfer (automatic),112.95,6465,Yes,0.1033421057293868,Low,Continue regular customer engagement,"num__TotalCharges, cat__InternetService_Fiber optic, cat__InternetService_DSL",0.0
2788-CJQAQ,Male,0,No,No,13,Yes,No,No,No internet service,No internet service,No internet service,No internet service,No internet service,No internet service,One year,No,Mailed check,19.45,270.2,No,0.0637644097788938,Low,Continue regular customer engagement,"num__tenure, cat__Contract_Two year, cat__InternetService_DSL",0.0
3096-WPXBT,Female,0,Yes,Yes,61,Yes,Yes,Fiber optic,Yes,Yes,Yes,No,No,Yes,One year,Yes,Credit card (automatic),100.7,6018.65,No,0.09385505197814521,Low,Continue regular customer engagement,"num__TotalCharges, cat__InternetService_Fiber optic, cat__Contract_Two year",0.0
9962-BFPDU,Female,0,Yes,Yes,1,Yes,No,No,No internet service,No internet service,No internet service,No internet service,No internet service,No internet service,Month-to-month,No,Mailed check,20.05,20.05,No,0.16239319788374443,Low,Continue regular customer engagement,"num__tenure, cat__Contract_Month-to-month, cat__Contract_Two year",0.0
2892-GESUL,Female,0,Yes,Yes,18,Yes,No,No,No internet service,No internet service,No internet service,No internet service,No internet service,No internet service,Two year,No,Mailed check,19.35,309.25,No,0.021012862685259343,Low,Continue regular customer engagement,"num__tenure, cat__InternetService_DSL, cat__OnlineSecurity_Yes",0.0
9741-YLNTD,Male,0,No,No,6,Yes,Yes,Fiber optic,No,No,No,Yes,No,Yes,Month-to-month,Yes,Bank transfer (automatic),87.95,522.35,No,0.6134038448308754,Medium,Targeted engagement and personalized offer,"num__tenure, cat__Contract_Month-to-month, cat__InternetService_Fiber optic",0.0
1205-WNWPJ,Female,0,No,No,7,Yes,No,DSL,No,No,No,Yes,Yes,No,Month-to-month,Yes,Mailed check,59.5,415.95,Yes,0.3473171188138269,Low,Continue regular customer engagement,"num__tenure, cat__Contract_Month-to-month, cat__Contract_Two year",0.0
3173-NVMPX,Female,0,Yes,Yes,9,Yes,Yes,DSL,No,Yes,No,No,No,No,Month-to-month,Yes,Mailed check,55.3,501.2,No,0.34326422052946043,Low,Continue regular customer engagement,"num__tenure, cat__Contract_Month-to-month, cat__Contract_Two year",0.0
9661-MHUMO,Male,1,Yes,Yes,1,Yes,No,DSL,No,No,No,Yes,No,No,Month-to-month,Yes,Credit card (automatic),49.25,49.25,Yes,0.3202843533284139,Low,Continue regular customer engagement,"num__tenure, cat__Contract_Month-to-month, cat__Contract_Two year",0.0
6000-APYLU,Male,0,No,No,9,Yes,No,Fiber optic,No,No,No,No,No,Yes,Month-to-month,Yes,Electronic check,80.8,713.1,Yes,0.6966186968575289,Medium,Targeted engagement and personalized offer,"num__tenure, cat__Contract_Month-to-month, cat__InternetService_Fiber optic",0.0
0048-PIHNL,Female,0,Yes,No,49,Yes,No,No,No internet service,No internet service,No internet service,No internet service,No internet service,No internet service,One year,No,Bank transfer (automatic),20.45,900.9,No,0.010904229934000592,Low,Continue regular customer engagement,"cat__Contract_Two year, cat__InternetService_DSL, cat__OnlineSecurity_Yes",0.0
9420-LOJKX,Female,0,No,No,15,Yes,No,Fiber optic,Yes,Yes,No,No,Yes,Yes,Month-to-month,Yes,Credit card (automatic),99.1,1426.4,Yes,0.4668777040980445,Medium,Targeted engagement and personalized offer,"num__tenure, cat__Contract_Month-to-month, cat__InternetService_Fiber optic",0.0
7061-OVMIM,Female,0,Yes,Yes,30,Yes,No,No,No internet service,No internet service,No internet service,No internet service,No internet service,No internet service,One year,No,Bank transfer (automatic),19.55,608.5,No,0.02190420950544336,Low,Continue regular customer engagement,"cat__Contract_Two year, cat__InternetService_DSL, cat__OnlineSecurity_Yes",0.0
5671-RQRLP,Female,1,Yes,No,70,Yes,Yes,Fiber optic,No,No,No,No,No,No,Two year,Yes,Credit card (automatic),75.65,5411.4,No,0.05949391227283462,Low,Continue regular customer engagement,"num__TotalCharges, cat__InternetService_Fiber optic, cat__InternetService_DSL",0.0
5129-JLPIS,Male,0,No,No,25,Yes,No,Fiber optic,Yes,No,Yes,Yes,Yes,Yes,Month-to-month,Yes,Electronic check,105.5,2686.05,No,0.4620557704621984,Medium,Targeted engagement and personalized offer,"num__tenure, cat__Contract_Month-to-month, cat__InternetService_Fiber optic",0.0
5170-PTRKA,Female,0,Yes,Yes,49,No,No phone service,DSL,Yes,No,No,Yes,No,No,One year,Yes,Credit card (automatic),35.8,1782,No,0.027187109707348386,Low,Continue regular customer engagement,"cat__PhoneService_Yes, cat__Contract_Two year, cat__MultipleLines_No",0.0
4819-HJPIW,Male,0,No,No,18,No,No phone service,DSL,No,No,No,No,No,No,Month-to-month,No,Mailed check,25.15,476.8,No,0.30951222983804083,Low,Continue regular customer engagement,"num__tenure, cat__Contract_Month-to-month, cat__PhoneService_Yes",0.0
8780-RSYYU,Female,0,No,No,25,Yes,No,No,No internet service,No internet service,No internet service,No internet service,No internet service,No internet service,Month-to-month,Yes,Credit card (automatic),19.2,532.1,No,0.09033034417385166,Low,Continue regular customer engagement,"num__tenure, cat__Contract_Month-to-month, cat__Contract_Two year",0.0
2335-GSODA,Male,0,No,Yes,23,No,No phone service,DSL,Yes,No,Yes,Yes,No,No,Two year,No,Mailed check,40.1,857.75,No,0.03159488359760889,Low,Continue regular customer engagement,"num__tenure, cat__PhoneService_Yes, cat__MultipleLines_No",0.0
5696-CEIQJ,Male,0,Yes,Yes,67,Yes,No,Fiber optic,No,Yes,Yes,Yes,Yes,Yes,Two year,No,Bank transfer (automatic),103.15,6895.5,No,0.03323454999727679,Low,Continue regular customer engagement,"num__TotalCharges, cat__InternetService_Fiber optic, cat__InternetService_DSL",0.0
6169-PPETC,Male,0,Yes,Yes,35,Yes,No,No,No internet service,No internet service,No internet service,No internet service,No internet service,No internet service,Two year,No,Bank transfer (automatic),20.5,759.35,No,0.009223507544417583,Low,Continue regular customer engagement,"cat__InternetService_DSL, cat__OnlineSecurity_Yes, cat__Partner_No",0.0
4237-RLAQD,Male,0,No,No,1,Yes,No,DSL,No,No,No,No,No,No,Month-to-month,Yes,Mailed check,45.85,45.85,Yes,0.4458567607373812,Medium,Targeted engagement and personalized offer,"num__tenure, cat__Contract_Month-to-month, cat__Contract_Two year",0.0
7359-WWYJV,Male,0,Yes,No,72,Yes,Yes,Fiber optic,Yes,Yes,Yes,Yes,Yes,Yes,Two year,No,Credit card (automatic),114.45,8375.05,No,0.03921747415626662,Low,Continue regular customer engagement,"num__TotalCharges, cat__InternetService_Fiber optic, cat__InternetService_DSL",0.0
8620-RJPZN,Female,0,No,No,1,Yes,No,No,No internet service,No internet service,No internet service,No internet service,No internet service,No internet service,Month-to-month,No,Electronic check,20.7,20.7,No,0.24631905137852753,Low,Continue regular customer engagement,"num__tenure, cat__Contract_Month-to-month, cat__PaymentMethod_Electronic check",0.0
7426-WEIJX,Male,1,Yes,Yes,60,Yes,Yes,Fiber optic,Yes,No,No,No,No,No,Month-to-month,Yes,Electronic check,80.95,4859.1,No,0.22625346929998422,Low,Continue regular customer engagement,"num__TotalCharges, cat__Contract_Month-to-month, cat__InternetService_Fiber optic",0.0
7629-WIXZF,Female,0,No,No,7,Yes,No,DSL,Yes,No,No,No,No,Yes,One year,Yes,Electronic check,59.1,369.25,No,0.25465173656767814,Low,Continue regular customer engagement,"num__tenure, cat__PaymentMethod_Electronic check, cat__Contract_Two year",0.0
2616-FLVQC,Male,0,No,No,64,Yes,No,No,No internet service,No internet service,No internet service,No internet service,No internet service,No internet service,Two year,No,Mailed check,19.55,1240.15,No,0.002934581210488872,Low,Continue regular customer engagement,"cat__InternetService_DSL, cat__OnlineSecurity_Yes, cat__Dependents_Yes",0.0
9163-GHAYE,Female,0,No,No,15,Yes,No,DSL,No,Yes,No,No,No,No,Month-to-month,No,Electronic check,48.85,736.8,No,0.2616127652725475,Low,Continue regular customer engagement,"num__tenure, cat__Contract_Month-to-month, cat__PaymentMethod_Electronic check",0.0
4464-JCOLN,Male,0,Yes,Yes,2,Yes,No,No,No internet service,No internet service,No internet service,No internet service,No internet service,No internet service,One year,No,Mailed check,19.85,35.9,Yes,0.08577712514743123,Low,Continue regular customer engagement,"num__tenure, cat__Contract_Two year, cat__InternetService_DSL",0.0
2971-SGAFL,Female,0,No,No,13,Yes,Yes,DSL,Yes,No,Yes,No,Yes,Yes,Month-to-month,Yes,Electronic check,78.75,995.35,No,0.4786110346576688,Medium,Targeted engagement and personalized offer,"num__tenure, cat__Contract_Month-to-month, cat__PaymentMethod_Electronic check",0.0
4735-ASGMA,Male,0,No,No,26,Yes,Yes,Fiber optic,No,No,Yes,No,Yes,Yes,Month-to-month,Yes,Electronic check,98.35,2515.3,Yes,0.6987534093491866,Medium,Targeted engagement and personalized offer,"cat__Contract_Month-to-month, num__tenure, cat__InternetService_Fiber optic",0.0
5245-VDBUR,Female,0,Yes,No,52,No,No phone service,DSL,Yes,No,Yes,No,No,No,One year,No,Mailed check,35.45,1958.95,No,0.032267318998694776,Low,Continue regular customer engagement,"cat__PhoneService_Yes, cat__Contract_Two year, cat__MultipleLines_No",0.0
1493-AMTIE,Male,0,No,No,1,Yes,No,No,No internet service,No internet service,No internet service,No internet service,No internet service,No internet service,Month-to-month,Yes,Bank transfer (automatic),20.2,20.2,Yes,0.24772014504625073,Low,Continue regular customer engagement,"num__tenure, cat__Contract_Month-to-month, cat__Contract_Two year",0.0
1112-CUNAO,Female,1,No,No,15,Yes,Yes,Fiber optic,No,Yes,No,No,No,Yes,Month-to-month,No,Electronic check,89.85,1424.95,Yes,0.6357327322338145,Medium,Targeted engagement and personalized offer,"num__tenure, cat__Contract_Month-to-month, cat__InternetService_Fiber optic",0.0
7571-YXDAD,Female,0,No,No,2,Yes,Yes,Fiber optic,No,No,No,No,No,No,Month-to-month,No,Credit card (automatic),74.9,147.15,Yes,0.5809070182259524,Medium,Targeted engagement and personalized offer,"num__tenure, cat__Contract_Month-to-month, cat__InternetService_Fiber optic",0.0
8714-EUHJO,Female,0,Yes,Yes,31,Yes,Yes,Fiber optic,No,Yes,No,No,No,Yes,Month-to-month,Yes,Electronic check,91.15,2995.45,Yes,0.5323139453306008,Medium,Targeted engagement and personalized offer,"cat__Contract_Month-to-month, num__TotalCharges, cat__InternetService_Fiber optic",0.0
9040-KZVWO,Male,0,No,No,26,Yes,No,Fiber optic,No,Yes,No,No,No,No,One year,No,Bank transfer (automatic),75.5,2018.1,No,0.17161766442721899,Low,Continue regular customer engagement,"num__tenure, cat__InternetService_Fiber optic, cat__Contract_Two year",0.0
6713-OKOMC,Female,0,No,No,10,No,No phone service,DSL,Yes,No,No,No,No,No,Month-to-month,No,Mailed check,29.75,301.9,No,0.29493812479519865,Low,Continue regular customer engagement,"num__tenure, cat__Contract_Month-to-month, cat__PhoneService_Yes",0.0
8749-CLJXC,Male,0,No,No,1,Yes,No,No,No internet service,No internet service,No internet service,No internet service,No internet service,No internet service,Month-to-month,No,Mailed check,20.05,20.05,No,0.19563621814270674,Low,Continue regular customer engagement,"num__tenure, cat__Contract_Month-to-month, cat__Contract_Two year",0.0
4713-LZDRV,Female,1,No,No,2,Yes,No,Fiber optic,No,No,No,No,No,Yes,Month-to-month,Yes,Electronic check,79.6,195.05,Yes,0.7676262596206419,High,Immediate retention offer and customer support follow-up,"num__tenure, cat__Contract_Month-to-month, cat__InternetService_Fiber optic",79.6
6598-RFFVI,Male,0,No,No,2,Yes,No,No,No internet service,No internet service,No internet service,No internet service,No internet service,No internet service,One year,No,Credit card (automatic),19.3,28.3,Yes,0.09465456170104555,Low,Continue regular customer engagement,"num__tenure, cat__Contract_Two year, cat__InternetService_DSL",0.0
7470-MCQTK,Female,0,Yes,No,13,No,No phone service,DSL,No,No,Yes,No,Yes,Yes,Month-to-month,Yes,Bank transfer (automatic),48.75,633.4,Yes,0.54700623472831,Medium,Targeted engagement and personalized offer,"num__tenure, cat__Contract_Month-to-month, cat__PhoneService_Yes",0.0
5524-KHNJP,Male,0,Yes,Yes,33,Yes,No,DSL,Yes,No,Yes,No,Yes,Yes,One year,No,Credit card (automatic),74.75,2453.3,No,0.06191935078659968,Low,Continue regular customer engagement,"cat__Contract_Two year, num__TotalCharges, cat__TechSupport_No",0.0
1707-HABPF,Female,1,No,No,46,Yes,No,Fiber optic,No,Yes,Yes,No,Yes,No,One year,Yes,Bank transfer (automatic),91.3,4126.35,No,0.19288070332436705,Low,Continue regular customer engagement,"num__TotalCharges, cat__InternetService_Fiber optic, cat__Contract_Two year",0.0
4581-LNWUM,Female,0,No,No,13,No,No phone service,DSL,No,No,Yes,No,Yes,Yes,Month-to-month,No,Electronic check,49.15,649.4,No,0.5454767615638932,Medium,Targeted engagement and personalized offer,"num__tenure, cat__Contract_Month-to-month, cat__PhoneService_Yes",0.0
9710-ZUSHQ,Female,1,No,No,37,Yes,Yes,Fiber optic,Yes,Yes,No,No,Yes,Yes,Month-to-month,Yes,Bank transfer (automatic),106.75,4056.75,Yes,0.45961647748311557,Medium,Targeted engagement and personalized offer,"num__TotalCharges, cat__Contract_Month-to-month, cat__InternetService_Fiber optic",0.0
1697-LYYYX,Female,0,Yes,Yes,61,Yes,No,No,No internet service,No internet service,No internet service,No internet service,No internet service,No internet service,One year,No,Credit card (automatic),19.1,1143.8,No,0.004751023372474932,Low,Continue regular customer engagement,"cat__Contract_Two year, cat__InternetService_DSL, cat__OnlineSecurity_Yes",0.0
4013-GUXND,Male,0,No,No,1,Yes,No,No,No internet service,No internet service,No internet service,No internet service,No internet service,No internet service,Month-to-month,No,Mailed check,20.8,20.8,No,0.19570451011708448,Low,Continue regular customer engagement,"num__tenure, cat__Contract_Month-to-month, cat__Contract_Two year",0.0
5022-JNQEQ,Female,0,Yes,Yes,9,Yes,No,Fiber optic,No,No,No,Yes,No,No,Month-to-month,Yes,Electronic check,75.85,647.5,No,0.49890010372120025,Medium,Targeted engagement and personalized offer,"num__tenure, cat__Contract_Month-to-month, cat__InternetService_Fiber optic",0.0
4983-CCWMC,Male,0,No,No,3,Yes,No,Fiber optic,No,No,No,No,No,No,Month-to-month,Yes,Mailed check,69.6,207.4,No,0.6204718386248709,Medium,Targeted engagement and personalized offer,"num__tenure, cat__Contract_Month-to-month, cat__InternetService_Fiber optic",0.0
6345-FZOQH,Male,0,Yes,No,69,Yes,No,No,No internet service,No internet service,No internet service,No internet service,No internet service,No internet service,Two year,No,Mailed check,19.9,1363.45,No,0.002376668395429135,Low,Continue regular customer engagement,"cat__InternetService_DSL, cat__OnlineSecurity_Yes, cat__Partner_No",0.0
0962-CQPWQ,Female,0,Yes,Yes,62,Yes,No,No,No internet service,No internet service,No internet service,No internet service,No internet service,No internet service,Two year,No,Bank transfer (automatic),20.3,1296.15,No,0.002474394576529085,Low,Continue regular customer engagement,"cat__InternetService_DSL, cat__OnlineSecurity_Yes, cat__Partner_No",0.0
5495-GPSRW,Male,0,No,No,20,Yes,No,No,No internet service,No internet service,No internet service,No internet service,No internet service,No internet service,Two year,Yes,Mailed check,19.7,419.4,No,0.03476599104319392,Low,Continue regular customer engagement,"num__tenure, cat__InternetService_DSL, cat__PaperlessBilling_No",0.0
2252-JHJGE,Male,0,No,No,61,Yes,Yes,Fiber optic,Yes,No,Yes,No,Yes,Yes,One year,No,Electronic check,104.0,6363.45,No,0.17961223065419027,Low,Continue regular customer engagement,"num__TotalCharges, cat__InternetService_Fiber optic, cat__PaymentMethod_Electronic check",0.0
7356-AYNJP,Female,0,No,No,4,Yes,Yes,No,No internet service,No internet service,No internet service,No internet service,No internet service,No internet service,One year,No,Electronic check,23.9,97.5,No,0.15791495973792516,Low,Continue regular customer engagement,"num__tenure, cat__PaymentMethod_Electronic check, cat__Contract_Two year",0.0
2019-HDCZY,Male,0,Yes,No,63,Yes,Yes,Fiber optic,No,No,Yes,No,Yes,Yes,Two year,No,Electronic check,102.6,6296.75,No,0.134710825772407,Low,Continue regular customer engagement,"num__TotalCharges, cat__InternetService_Fiber optic, cat__PaymentMethod_Electronic check",0.0
8582-KRHPJ,Male,0,No,No,50,No,No phone service,DSL,Yes,Yes,No,No,No,No,Month-to-month,Yes,Mailed check,35.0,1782.4,No,0.08240434782905118,Low,Continue regular customer engagement,"cat__Contract_Month-to-month, cat__PhoneService_Yes, cat__Contract_Two year",0.0
2867-UIMSS,Male,0,No,No,1,Yes,No,Fiber optic,No,No,No,No,No,Yes,Month-to-month,No,Electronic check,80.5,80.5,Yes,0.6735738034093675,Medium,Targeted engagement and personalized offer,"num__tenure, cat__Contract_Month-to-month, cat__InternetService_Fiber optic",0.0
3487-EARAT,Female,0,Yes,Yes,70,Yes,No,DSL,Yes,Yes,Yes,Yes,No,Yes,One year,No,Credit card (automatic),74.1,5222.3,No,0.008479812206193536,Low,Continue regular customer engagement,"num__TotalCharges, cat__Contract_Two year, cat__StreamingMovies_Yes",0.0
9926-PJHDQ,Female,0,Yes,Yes,72,Yes,Yes,DSL,No,No,Yes,No,Yes,Yes,Two year,Yes,Bank transfer (automatic),76.8,5468.45,No,0.026753879574542817,Low,Continue regular customer engagement,"num__TotalCharges, cat__MultipleLines_No, cat__PaperlessBilling_No",0.0
0289-IVARM,Female,0,No,No,35,Yes,No,DSL,Yes,Yes,Yes,No,No,No,Month-to-month,No,Electronic check,60.55,1982.6,No,0.09490101479782206,Low,Continue regular customer engagement,"cat__Contract_Month-to-month, cat__PaymentMethod_Electronic check, cat__Contract_Two year",0.0
4672-FOTSD,Male,0,No,No,12,Yes,Yes,DSL,Yes,Yes,No,Yes,No,No,Month-to-month,Yes,Electronic check,67.25,832.3,No,0.2710685621509401,Low,Continue regular customer engagement,"num__tenure, cat__Contract_Month-to-month, cat__PaymentMethod_Electronic check",0.0
6198-PNNSZ,Female,0,Yes,No,56,Yes,Yes,Fiber optic,Yes,Yes,Yes,No,Yes,Yes,One year,No,Bank transfer (automatic),109.8,6109.65,No,0.13291389186912111,Low,Continue regular customer engagement,"num__TotalCharges, cat__InternetService_Fiber optic, cat__Contract_Two year",0.0
7603-USHJS,Male,0,No,Yes,12,Yes,Yes,Fiber optic,No,No,No,No,No,No,Month-to-month,Yes,Credit card (automatic),73.75,871.4,Yes,0.5352597062364641,Medium,Targeted engagement and personalized offer,"num__tenure, cat__Contract_Month-to-month, cat__InternetService_Fiber optic",0.0
6784-XYJAE,Female,0,No,No,36,Yes,Yes,DSL,No,No,Yes,No,No,No,One year,No,Electronic check,55.8,1941.5,No,0.1066300184218904,Low,Continue regular customer engagement,"cat__PaymentMethod_Electronic check, cat__Contract_Two year, cat__MultipleLines_No",0.0
3858-XHYJO,Female,0,Yes,No,40,Yes,Yes,Fiber optic,Yes,No,Yes,No,Yes,Yes,One year,No,Bank transfer (automatic),105.75,4228.55,No,0.20862052652587504,Low,Continue regular customer engagement,"num__TotalCharges, cat__InternetService_Fiber optic, cat__Contract_Two year",0.0
1087-UDSIH,Female,0,No,No,3,Yes,No,No,No internet service,No internet service,No internet service,No internet service,No internet service,No internet service,Month-to-month,Yes,Mailed check,19.6,59.75,Yes,0.23827230173856778,Low,Continue regular customer engagement,"num__tenure, cat__Contract_Month-to-month, cat__Contract_Two year",0.0
7251-LJBQN,Female,1,No,No,40,Yes,Yes,Fiber optic,No,No,Yes,Yes,Yes,Yes,One year,Yes,Credit card (automatic),103.75,4188.4,No,0.30316649138288015,Low,Continue regular customer engagement,"num__TotalCharges, cat__InternetService_Fiber optic, cat__Contract_Two year",0.0
3200-MNQTF,Male,0,Yes,No,67,Yes,Yes,DSL,Yes,Yes,Yes,Yes,No,No,Two year,No,Credit card (automatic),70.9,4677.1,No,0.006097328074276036,Low,Continue regular customer engagement,"num__TotalCharges, cat__MultipleLines_No, cat__Partner_No",0.0
9359-UGBTK,Female,0,No,No,67,Yes,No,DSL,Yes,No,Yes,Yes,No,Yes,One year,Yes,Bank transfer (automatic),72.35,4991.5,No,0.02028363366222239,Low,Continue regular customer engagement,"num__TotalCharges, cat__Contract_Two year, cat__PaperlessBilling_No",0.0
8160-HOWOX,Female,0,No,No,7,Yes,No,DSL,No,No,No,No,Yes,Yes,Month-to-month,Yes,Electronic check,66.85,458.1,No,0.5716123702095133,Medium,Targeted engagement and personalized offer,"num__tenure, cat__Contract_Month-to-month, cat__PaymentMethod_Electronic check",0.0
0258-NOKBL,Male,0,No,No,3,Yes,No,Fiber optic,No,Yes,Yes,No,No,Yes,Month-to-month,No,Electronic check,90.4,268.45,No,0.6089389113041658,Medium,Targeted engagement and personalized offer,"num__tenure, cat__Contract_Month-to-month, cat__InternetService_Fiber optic",0.0
2800-QQUSO,Male,0,No,No,42,Yes,Yes,Fiber optic,No,No,No,Yes,Yes,Yes,Month-to-month,Yes,Electronic check,100.3,4222.95,No,0.5246787725155387,Medium,Targeted engagement and personalized offer,"num__TotalCharges, cat__Contract_Month-to-month, cat__InternetService_Fiber optic",0.0
2129-ALKBS,Female,0,Yes,Yes,40,Yes,Yes,No,No internet service,No internet service,No internet service,No internet service,No internet service,No internet service,Month-to-month,Yes,Electronic check,26.2,1077.5,No,0.07727376252177993,Low,Continue regular customer engagement,"cat__Contract_Month-to-month, cat__PaymentMethod_Electronic check, cat__Contract_Two year",0.0
9972-VAFJJ,Female,1,Yes,No,53,Yes,No,Fiber optic,No,Yes,Yes,Yes,Yes,No,One year,Yes,Electronic check,94.0,4871.45,No,0.16991127740837486,Low,Continue regular customer engagement,"num__TotalCharges, cat__InternetService_Fiber optic, cat__PaymentMethod_Electronic check",0.0
4693-VWVBO,Female,0,No,No,3,Yes,No,No,No internet service,No internet service,No internet service,No internet service,No internet service,No internet service,Month-to-month,No,Electronic check,19.55,61.05,No,0.22882015488719973,Low,Continue regular customer engagement,"num__tenure, cat__Contract_Month-to-month, cat__PaymentMethod_Electronic check",0.0
6969-MVBAI,Female,1,No,No,9,Yes,Yes,Fiber optic,No,No,Yes,No,Yes,No,Month-to-month,Yes,Electronic check,90.1,816.8,No,0.7720474877082476,High,Immediate retention offer and customer support follow-up,"num__tenure, cat__Contract_Month-to-month, cat__InternetService_Fiber optic",90.1
4821-WQOYN,Female,0,Yes,Yes,72,Yes,No,No,No internet service,No internet service,No internet service,No internet service,No internet service,No internet service,Two year,Yes,Credit card (automatic),20.1,1326.25,No,0.002053000086984951,Low,Continue regular customer engagement,"cat__InternetService_DSL, cat__PaperlessBilling_No, cat__OnlineSecurity_Yes",0.0
6769-DYBQN,Male,1,No,No,46,Yes,No,Fiber optic,Yes,No,No,No,No,Yes,Month-to-month,No,Electronic check,85.0,3969.4,Yes,0.2793639953921579,Low,Continue regular customer engagement,"num__TotalCharges, cat__Contract_Month-to-month, cat__InternetService_Fiber optic",0.0
4018-PPNDW,Female,0,Yes,Yes,61,Yes,Yes,No,No internet service,No internet service,No internet service,No internet service,No internet service,No internet service,Two year,Yes,Mailed check,24.1,1551.6,No,0.00569551016686692,Low,Continue regular customer engagement,"cat__InternetService_DSL, cat__MultipleLines_No, cat__PaperlessBilling_No",0.0
6288-CHQJB,Female,0,Yes,Yes,54,Yes,No,DSL,Yes,No,Yes,Yes,No,Yes,Two year,No,Bank transfer (automatic),69.95,3871.85,No,0.008816502157509348,Low,Continue regular customer engagement,"num__TotalCharges, cat__StreamingMovies_Yes, cat__Partner_No",0.0
4905-JEFDW,Male,0,No,No,11,No,No phone service,DSL,No,No,Yes,No,Yes,No,One year,Yes,Electronic check,41.6,470.6,Yes,0.4313666663451864,Medium,Targeted engagement and personalized offer,"num__tenure, cat__PhoneService_Yes, cat__PaymentMethod_Electronic check",0.0
0559-CKHUS,Female,0,Yes,No,29,Yes,No,No,No internet service,No internet service,No internet service,No internet service,No internet service,No internet service,Two year,Yes,Mailed check,19.55,521.8,No,0.02242170728453806,Low,Continue regular customer engagement,"cat__InternetService_DSL, cat__PaperlessBilling_No, num__tenure",0.0
2659-VXMWZ,Male,0,Yes,Yes,67,Yes,Yes,Fiber optic,Yes,Yes,Yes,No,Yes,Yes,One year,Yes,Electronic check,111.3,7482.1,Yes,0.17331486475727373,Low,Continue regular customer engagement,"num__TotalCharges, cat__InternetService_Fiber optic, cat__PaymentMethod_Electronic check",0.0
6559-RAKOZ,Male,0,Yes,Yes,49,Yes,Yes,Fiber optic,No,No,No,Yes,Yes,Yes,One year,Yes,Electronic check,97.95,4917.9,No,0.2694194526395438,Low,Continue regular customer engagement,"num__TotalCharges, cat__InternetService_Fiber optic, cat__PaymentMethod_Electronic check",0.0
8809-XKHMD,Male,0,Yes,No,72,Yes,Yes,Fiber optic,Yes,Yes,No,Yes,No,Yes,Two year,Yes,Bank transfer (automatic),100.55,7325.1,No,0.0376970683782084,Low,Continue regular customer engagement,"num__TotalCharges, cat__InternetService_Fiber optic, cat__InternetService_DSL",0.0
6365-HITVU,Female,0,Yes,Yes,71,Yes,No,DSL,Yes,Yes,Yes,Yes,Yes,Yes,Two year,No,Credit card (automatic),87.25,6328.7,No,0.006793560021173747,Low,Continue regular customer engagement,"num__TotalCharges, cat__StreamingTV_Yes, cat__StreamingMovies_Yes",0.0
0134-XWXCE,Female,1,No,No,44,Yes,No,DSL,No,No,Yes,Yes,Yes,Yes,One year,No,Bank transfer (automatic),74.85,3268.05,No,0.06408364470430489,Low,Continue regular customer engagement,"num__TotalCharges, cat__Contract_Two year, num__SeniorCitizen",0.0
9720-JJJOR,Male,0,Yes,Yes,41,Yes,No,DSL,Yes,Yes,Yes,No,No,No,One year,Yes,Bank transfer (automatic),60.3,2511.3,No,0.03445360644619718,Low,Continue regular customer engagement,"cat__Contract_Two year, num__TotalCharges, cat__PaperlessBilling_No",0.0
2782-LFZVW,Female,0,No,No,11,Yes,Yes,DSL,No,No,No,No,No,Yes,Month-to-month,Yes,Mailed check,58.95,601.6,No,0.46672832469616393,Medium,Targeted engagement and personalized offer,"num__tenure, cat__Contract_Month-to-month, cat__Contract_Two year",0.0
6112-KTHFQ,Female,0,No,No,13,Yes,No,No,No internet service,No internet service,No internet service,No internet service,No internet service,No internet service,Month-to-month,Yes,Mailed check,19.3,279.3,No,0.16259889828289395,Low,Continue regular customer engagement,"num__tenure, cat__Contract_Month-to-month, cat__Contract_Two year",0.0
9220-ZNKJI,Female,1,Yes,No,55,Yes,No,Fiber optic,No,No,Yes,Yes,Yes,No,Two year,No,Credit card (automatic),88.8,4805.3,No,0.04818399589083718,Low,Continue regular customer engagement,"num__TotalCharges, cat__InternetService_Fiber optic, cat__InternetService_DSL",0.0
9820-RMCQV,Female,0,No,No,11,Yes,No,DSL,Yes,No,No,No,No,No,Month-to-month,No,Credit card (automatic),48.55,501,Yes,0.1752990871195454,Low,Continue regular customer engagement,"num__tenure, cat__Contract_Month-to-month, cat__Contract_Two year",0.0
9013-AQORL,Female,0,No,Yes,48,No,No phone service,DSL,No,Yes,Yes,No,No,Yes,Month-to-month,No,Credit card (automatic),45.55,2108.35,No,0.08818413003832008,Low,Continue regular customer engagement,"cat__Contract_Month-to-month, cat__PhoneService_Yes, cat__Contract_Two year",0.0
2040-OBMLJ,Male,0,No,No,31,Yes,Yes,Fiber optic,No,No,No,Yes,No,No,One year,No,Credit card (automatic),81.7,2548.65,No,0.1609672205012876,Low,Continue regular customer engagement,"cat__InternetService_Fiber optic, cat__Contract_Two year, num__TotalCharges",0.0
5574-NXZIU,Male,0,No,No,63,Yes,No,Fiber optic,Yes,Yes,Yes,Yes,Yes,Yes,Two year,No,Credit card (automatic),109.2,7049.75,No,0.03325579522303743,Low,Continue regular customer engagement,"num__TotalCharges, cat__InternetService_Fiber optic, cat__InternetService_DSL",0.0
5446-DKWYW,Female,1,Yes,Yes,61,Yes,Yes,DSL,No,No,Yes,No,Yes,No,One year,Yes,Electronic check,65.2,3965.05,No,0.08222267343433884,Low,Continue regular customer engagement,"num__TotalCharges, cat__PaymentMethod_Electronic check, cat__Contract_Two year",0.0
0480-KYJVA,Female,0,Yes,Yes,72,Yes,Yes,No,No internet service,No internet service,No internet service,No internet service,No internet service,No internet service,Two year,No,Credit card (automatic),24.25,1784.5,No,0.0021214505601397297,Low,Continue regular customer engagement,"cat__InternetService_DSL, cat__MultipleLines_No, cat__OnlineSecurity_Yes",0.0
1074-AMIOH,Female,0,Yes,Yes,53,Yes,No,Fiber optic,No,Yes,Yes,Yes,Yes,Yes,Month-to-month,Yes,Bank transfer (automatic),108.25,5935.1,No,0.23951520230962942,Low,Continue regular customer engagement,"num__TotalCharges, cat__Contract_Month-to-month, cat__InternetService_Fiber optic",0.0
0015-UOCOJ,Female,1,No,No,7,Yes,No,DSL,Yes,No,No,No,No,No,Month-to-month,Yes,Electronic check,48.2,340.35,No,0.38923362333936823,Low,Continue regular customer engagement,"num__tenure, cat__Contract_Month-to-month, cat__PaymentMethod_Electronic check",0.0
0256-LTHVJ,Female,0,Yes,Yes,28,Yes,No,Fiber optic,No,No,No,No,No,Yes,Month-to-month,Yes,Electronic check,81.05,2227.1,Yes,0.4962781435150502,Medium,Targeted engagement and personalized offer,"cat__Contract_Month-to-month, cat__InternetService_Fiber optic, cat__PaymentMethod_Electronic check",0.0
4547-LYTDD,Female,0,No,No,16,Yes,Yes,Fiber optic,No,No,No,No,No,No,Month-to-month,No,Electronic check,72.65,1194.3,Yes,0.5653422974948745,Medium,Targeted engagement and personalized offer,"num__tenure, cat__Contract_Month-to-month, cat__InternetService_Fiber optic",0.0
1077-HUUJM,Female,0,No,Yes,7,Yes,No,Fiber optic,No,No,No,No,No,No,Month-to-month,Yes,Electronic check,71.05,472.65,No,0.6018843949360925,Medium,Targeted engagement and personalized offer,"num__tenure, cat__Contract_Month-to-month, cat__InternetService_Fiber optic",0.0
2041-JIJCI,Female,0,No,No,5,Yes,Yes,DSL,No,Yes,No,No,No,Yes,Month-to-month,Yes,Electronic check,64.0,370.25,No,0.5656345013960834,Medium,Targeted engagement and personalized offer,"num__tenure, cat__Contract_Month-to-month, cat__PaymentMethod_Electronic check",0.0
1555-HAPSU,Female,0,Yes,Yes,71,Yes,Yes,No,No internet service,No internet service,No internet service,No internet service,No internet service,No internet service,Two year,No,Credit card (automatic),23.9,1663.5,No,0.002167904599472852,Low,Continue regular customer engagement,"cat__InternetService_DSL, cat__MultipleLines_No, cat__OnlineSecurity_Yes",0.0
4323-SADQS,Male,0,Yes,Yes,7,No,No phone service,DSL,Yes,No,No,Yes,No,No,Month-to-month,Yes,Electronic check,34.5,279.25,Yes,0.35481954815488037,Low,Continue regular customer engagement,"num__tenure, cat__Contract_Month-to-month, cat__PhoneService_Yes",0.0
3292-PBZEJ,Male,1,No,No,11,Yes,Yes,Fiber optic,No,Yes,Yes,Yes,Yes,Yes,Month-to-month,Yes,Electronic check,111.4,1183.05,No,0.7075547066241938,High,Immediate retention offer and customer support follow-up,"num__tenure, cat__Contract_Month-to-month, cat__InternetService_Fiber optic",111.4
6203-HBZPA,Male,0,No,No,52,No,No phone service,DSL,Yes,Yes,Yes,Yes,Yes,Yes,Two year,No,Credit card (automatic),63.9,3334.95,No,0.018954262047112203,Low,Continue regular customer engagement,"num__TotalCharges, cat__PhoneService_Yes, cat__MultipleLines_No",0.0
9755-JHNMN,Female,0,No,No,49,Yes,No,DSL,Yes,Yes,Yes,Yes,No,No,Two year,No,Bank transfer (automatic),67.4,3306.85,No,0.008273977343385332,Low,Continue regular customer engagement,"num__TotalCharges, cat__Dependents_Yes, cat__PaymentMethod_Credit card (automatic)",0.0
7369-TRPFD,Male,0,No,No,19,Yes,No,No,No internet service,No internet service,No internet service,No internet service,No internet service,No internet service,One year,No,Mailed check,18.8,279.2,No,0.04720206384146652,Low,Continue regular customer engagement,"num__tenure, cat__Contract_Two year, cat__InternetService_DSL",0.0
9878-TNQGW,Male,0,No,No,2,Yes,No,Fiber optic,No,No,No,No,No,Yes,Month-to-month,Yes,Electronic check,80.95,171.15,Yes,0.7433894085667349,High,Immediate retention offer and customer support follow-up,"num__tenure, cat__Contract_Month-to-month, cat__InternetService_Fiber optic",80.95
2279-AXJJK,Male,0,Yes,No,52,Yes,Yes,Fiber optic,No,Yes,No,Yes,No,Yes,Month-to-month,Yes,Credit card (automatic),95.65,5088.4,No,0.2714950432070477,Low,Continue regular customer engagement,"num__TotalCharges, cat__Contract_Month-to-month, cat__InternetService_Fiber optic",0.0
5016-IBERQ,Male,0,Yes,No,23,Yes,Yes,Fiber optic,No,Yes,Yes,No,No,No,Month-to-month,No,Electronic check,84.25,1968.1,No,0.4779496964442998,Medium,Targeted engagement and personalized offer,"num__tenure, cat__Contract_Month-to-month, cat__InternetService_Fiber optic",0.0
1016-DJTSV,Male,1,No,No,8,Yes,No,Fiber optic,No,No,No,No,No,No,Month-to-month,Yes,Electronic check,69.7,572.85,No,0.6860734618898064,Medium,Targeted engagement and personalized offer,"num__tenure, cat__Contract_Month-to-month, cat__InternetService_Fiber optic",0.0
8433-WPJTV,Female,1,Yes,Yes,65,Yes,Yes,Fiber optic,No,No,Yes,Yes,Yes,Yes,One year,Yes,Bank transfer (automatic),103.9,6767.1,No,0.15835007956228078,Low,Continue regular customer engagement,"num__TotalCharges, cat__InternetService_Fiber optic, cat__Contract_Two year",0.0
8903-XEBGX,Male,0,No,Yes,2,Yes,No,DSL,No,No,No,No,No,Yes,Month-to-month,Yes,Electronic check,55.3,108.65,No,0.5109330726174942,Medium,Targeted engagement and personalized offer,"num__tenure, cat__Contract_Month-to-month, cat__PaymentMethod_Electronic check",0.0
2632-TACXW,Female,0,Yes,No,62,Yes,Yes,No,No internet service,No internet service,No internet service,No internet service,No internet service,No internet service,Two year,No,Bank transfer (automatic),23.65,1416.75,No,0.0042500615807630196,Low,Continue regular customer engagement,"cat__InternetService_DSL, cat__MultipleLines_No, cat__OnlineSecurity_Yes",0.0
7952-OBOYL,Male,0,No,No,3,Yes,No,Fiber optic,No,No,Yes,Yes,Yes,No,Month-to-month,Yes,Mailed check,89.85,244.45,No,0.5713747411752274,Medium,Targeted engagement and personalized offer,"num__tenure, cat__Contract_Month-to-month, cat__InternetService_Fiber optic",0.0
1470-PSXNM,Male,0,Yes,Yes,49,Yes,Yes,Fiber optic,No,Yes,Yes,No,Yes,No,One year,Yes,Electronic check,93.65,4520.15,No,0.23918573928306722,Low,Continue regular customer engagement,"num__TotalCharges, cat__InternetService_Fiber optic, cat__PaymentMethod_Electronic check",0.0
6227-HWPWX,Female,0,No,Yes,15,Yes,No,Fiber optic,No,No,No,No,No,No,Month-to-month,No,Bank transfer (automatic),69.0,994.8,Yes,0.34777569765975974,Low,Continue regular customer engagement,"num__tenure, cat__Contract_Month-to-month, cat__InternetService_Fiber optic",0.0
5924-SNGKP,Female,0,No,Yes,41,Yes,No,No,No internet service,No internet service,No internet service,No internet service,No internet service,No internet service,One year,Yes,Credit card (automatic),20.25,865,No,0.017926790945472337,Low,Continue regular customer engagement,"cat__Contract_Two year, cat__InternetService_DSL, cat__PaperlessBilling_No",0.0
8818-DOPVL,Female,1,No,No,46,Yes,Yes,Fiber optic,No,Yes,Yes,No,Yes,Yes,Month-to-month,Yes,Electronic check,104.45,4863.85,No,0.5826675119982,Medium,Targeted engagement and personalized offer,"num__TotalCharges, cat__Contract_Month-to-month, cat__InternetService_Fiber optic",0.0
4521-WFJAI,Male,0,No,No,56,Yes,Yes,No,No internet service,No internet service,No internet service,No internet service,No internet service,No internet service,Two year,Yes,Bank transfer (automatic),25.95,1444.05,No,0.00847556344958623,Low,Continue regular customer engagement,"cat__InternetService_DSL, cat__MultipleLines_No, cat__PaperlessBilling_No",0.0
4724-WXVWF,Male,0,No,No,48,Yes,Yes,Fiber optic,Yes,No,No,Yes,No,Yes,Month-to-month,Yes,Electronic check,95.4,4445.3,No,0.30900662597229334,Low,Continue regular customer engagement,"num__TotalCharges, cat__Contract_Month-to-month, cat__InternetService_Fiber optic",0.0
3717-OEAUQ,Male,0,No,No,2,Yes,No,Fiber optic,No,No,No,No,No,No,Month-to-month,No,Mailed check,70.7,129.2,No,0.5389278271266049,Medium,Targeted engagement and personalized offer,"num__tenure, cat__Contract_Month-to-month, cat__InternetService_Fiber optic",0.0
8165-ZJRNM,Female,0,Yes,Yes,72,Yes,Yes,No,No internet service,No internet service,No internet service,No internet service,No internet service,No internet service,Two year,No,Bank transfer (automatic),23.75,1679.25,No,0.002125858929133722,Low,Continue regular customer engagement,"cat__InternetService_DSL, cat__MultipleLines_No, cat__OnlineSecurity_Yes",0.0
7838-LAZFO,Male,0,Yes,No,45,Yes,No,DSL,Yes,Yes,Yes,No,Yes,Yes,One year,No,Bank transfer (automatic),78.8,3597.5,No,0.04834572447559021,Low,Continue regular customer engagement,"num__TotalCharges, cat__Contract_Two year, cat__TechSupport_No",0.0
0513-RBGPE,Male,0,Yes,Yes,37,Yes,Yes,DSL,Yes,No,Yes,Yes,No,No,Two year,Yes,Credit card (automatic),62.8,2278.75,No,0.02186493141507652,Low,Continue regular customer engagement,"cat__MultipleLines_No, cat__PaperlessBilling_No, num__TotalCharges",0.0
7251-XFOIL,Female,0,No,No,61,Yes,Yes,Fiber optic,No,No,Yes,No,No,Yes,Month-to-month,No,Mailed check,89.2,5500.6,No,0.23779997263686536,Low,Continue regular customer engagement,"num__TotalCharges, cat__Contract_Month-to-month, cat__InternetService_Fiber optic",0.0
2525-GVKQU,Female,0,No,No,60,Yes,No,No,No internet service,No internet service,No internet service,No internet service,No internet service,No internet service,Two year,No,Mailed check,20.6,1093,No,0.0034245243025166324,Low,Continue regular customer engagement,"cat__InternetService_DSL, cat__OnlineSecurity_Yes, cat__Dependents_Yes",0.0
7579-OOPEC,Female,1,Yes,No,2,Yes,No,DSL,No,Yes,No,No,No,No,Month-to-month,No,Credit card (automatic),50.15,115.1,Yes,0.3214373854565159,Low,Continue regular customer engagement,"num__tenure, cat__Contract_Month-to-month, cat__Contract_Two year",0.0
3795-GWTRD,Female,0,Yes,Yes,63,Yes,No,DSL,Yes,Yes,Yes,Yes,Yes,No,Two year,No,Credit card (automatic),75.55,4707.85,No,0.005522494599549771,Low,Continue regular customer engagement,"num__TotalCharges, cat__StreamingTV_Yes, cat__Partner_No",0.0
4750-ZRXIU,Female,1,No,No,4,Yes,Yes,Fiber optic,No,No,No,No,No,Yes,Month-to-month,Yes,Electronic check,84.6,360.1,Yes,0.8043339038892929,High,Immediate retention offer and customer support follow-up,"num__tenure, cat__Contract_Month-to-month, cat__InternetService_Fiber optic",84.6
5445-PZWGX,Male,0,No,No,62,Yes,Yes,Fiber optic,Yes,Yes,No,Yes,No,Yes,One year,No,Electronic check,102.0,6529.25,Yes,0.0951470387717012,Low,Continue regular customer engagement,"num__TotalCharges, cat__InternetService_Fiber optic, cat__PaymentMethod_Electronic check",0.0
0516-UXRMT,Female,0,No,No,62,Yes,Yes,Fiber optic,Yes,Yes,Yes,No,No,No,One year,Yes,Electronic check,92.05,5755.8,No,0.12094017751110339,Low,Continue regular customer engagement,"num__TotalCharges, cat__InternetService_Fiber optic, cat__PaymentMethod_Electronic check",0.0
0727-BNRLG,Male,0,No,No,69,Yes,Yes,Fiber optic,No,Yes,Yes,Yes,Yes,No,Two year,Yes,Credit card (automatic),97.65,6743.55,No,0.05208412396715184,Low,Continue regular customer engagement,"num__TotalCharges, cat__InternetService_Fiber optic, cat__InternetService_DSL",0.0
3932-CMDTD,Female,0,No,No,4,Yes,No,Fiber optic,No,Yes,Yes,Yes,Yes,Yes,One year,Yes,Electronic check,105.65,443.9,Yes,0.4794865107237248,Medium,Targeted engagement and personalized offer,"num__tenure, cat__InternetService_Fiber optic, cat__PaymentMethod_Electronic check",0.0
1264-FUHCX,Female,0,Yes,No,49,No,No phone service,DSL,No,Yes,No,Yes,Yes,Yes,One year,Yes,Credit card (automatic),56.3,2780.6,No,0.08222812053538381,Low,Continue regular customer engagement,"num__TotalCharges, cat__PhoneService_Yes, cat__Contract_Two year",0.0
6194-HBGQN,Male,0,No,No,51,Yes,Yes,DSL,Yes,Yes,Yes,Yes,Yes,No,One year,Yes,Credit card (automatic),81.15,4126.2,No,0.04089148382422089,Low,Continue regular customer engagement,"num__TotalCharges, cat__Contract_Two year, cat__MultipleLines_No",0.0
4524-QCSSM,Male,0,No,No,26,No,No phone service,DSL,Yes,Yes,No,No,No,Yes,Month-to-month,Yes,Bank transfer (automatic),44.65,1156.55,No,0.24125258146092457,Low,Continue regular customer engagement,"cat__Contract_Month-to-month, num__tenure, cat__PhoneService_Yes",0.0
4570-QHXHL,Female,0,No,No,9,Yes,No,DSL,No,No,No,No,No,No,Month-to-month,Yes,Electronic check,43.75,405.7,No,0.43626763088626463,Medium,Targeted engagement and personalized offer,"num__tenure, cat__Contract_Month-to-month, cat__PaymentMethod_Electronic check",0.0
2972-YDYUW,Female,0,No,No,57,Yes,Yes,Fiber optic,No,Yes,No,Yes,No,Yes,One year,No,Electronic check,94.7,5468.95,No,0.13545436677081577,Low,Continue regular customer engagement,"num__TotalCharges, cat__InternetService_Fiber optic, cat__PaymentMethod_Electronic check",0.0
2061-VVFST,Female,0,Yes,No,37,Yes,No,No,No internet service,No internet service,No internet service,No internet service,No internet service,No internet service,Month-to-month,No,Bank transfer (automatic),19.5,805.2,No,0.039356746856355096,Low,Continue regular customer engagement,"cat__Contract_Month-to-month, cat__Contract_Two year, cat__InternetService_DSL",0.0
6874-SGLHU,Male,0,No,No,30,Yes,No,Fiber optic,No,Yes,No,No,Yes,Yes,One year,Yes,Bank transfer (automatic),97.0,3021.3,No,0.32446672707205404,Low,Continue regular customer engagement,"num__TotalCharges, cat__InternetService_Fiber optic, cat__Contract_Two year",0.0
9844-FELAJ,Female,1,Yes,Yes,70,Yes,Yes,Fiber optic,No,Yes,Yes,Yes,Yes,Yes,One year,Yes,Electronic check,107.9,7475.85,No,0.17513990338674554,Low,Continue regular customer engagement,"num__TotalCharges, cat__InternetService_Fiber optic, cat__PaymentMethod_Electronic check",0.0
1902-XBTFB,Male,0,No,Yes,22,Yes,No,Fiber optic,No,Yes,Yes,No,Yes,No,Month-to-month,Yes,Electronic check,89.4,2001.5,Yes,0.5047467483557943,Medium,Targeted engagement and personalized offer,"num__tenure, cat__Contract_Month-to-month, cat__InternetService_Fiber optic",0.0
9039-RBEEE,Male,0,No,No,39,No,No phone service,DSL,Yes,Yes,No,Yes,Yes,No,Month-to-month,Yes,Credit card (automatic),48.95,1880.85,Yes,0.11289656988912157,Low,Continue regular customer engagement,"cat__Contract_Month-to-month, cat__PhoneService_Yes, cat__Contract_Two year",0.0
9369-XFEHK,Female,1,Yes,No,33,Yes,Yes,Fiber optic,No,Yes,No,No,No,No,Month-to-month,Yes,Bank transfer (automatic),80.6,2656.5,Yes,0.4294213757149428,Medium,Targeted engagement and personalized offer,"cat__Contract_Month-to-month, cat__InternetService_Fiber optic, num__TotalCharges",0.0
3680-CTHUH,Male,0,No,No,60,Yes,Yes,Fiber optic,Yes,Yes,Yes,Yes,Yes,Yes,One year,Yes,Credit card (automatic),116.6,7049.5,No,0.13165091328141676,Low,Continue regular customer engagement,"num__TotalCharges, cat__InternetService_Fiber optic, cat__Contract_Two year",0.0
3679-XASPY,Female,0,Yes,Yes,1,Yes,No,No,No internet service,No internet service,No internet service,No internet service,No internet service,No internet service,Month-to-month,No,Electronic check,19.45,19.45,No,0.20996377321477358,Low,Continue regular customer engagement,"num__tenure, cat__Contract_Month-to-month, cat__PaymentMethod_Electronic check",0.0
9089-UOWJG,Female,0,Yes,Yes,12,Yes,No,DSL,No,No,Yes,No,Yes,No,Month-to-month,Yes,Credit card (automatic),58.35,740.55,No,0.3141499324557697,Low,Continue regular customer engagement,"num__tenure, cat__Contract_Month-to-month, cat__Contract_Two year",0.0
1574-DYCWE,Female,0,Yes,Yes,51,Yes,No,No,No internet service,No internet service,No internet service,No internet service,No internet service,No internet service,Two year,No,Mailed check,19.95,1028.75,No,0.004426252698410875,Low,Continue regular customer engagement,"cat__InternetService_DSL, cat__OnlineSecurity_Yes, cat__Partner_No",0.0
9779-DPNEJ,Female,0,Yes,Yes,22,Yes,No,Fiber optic,No,No,No,No,No,Yes,Month-to-month,Yes,Electronic check,80.15,1790.65,No,0.5476862335998665,Medium,Targeted engagement and personalized offer,"num__tenure, cat__Contract_Month-to-month, cat__InternetService_Fiber optic",0.0
2967-MXRAV,Male,0,Yes,Yes,1,Yes,No,No,No internet service,No internet service,No internet service,No internet service,No internet service,No internet service,One year,No,Mailed check,18.8,18.8,No,0.08966653574608993,Low,Continue regular customer engagement,"num__tenure, cat__Contract_Two year, cat__InternetService_DSL",0.0
0327-WFZSY,Male,0,Yes,Yes,39,Yes,Yes,Fiber optic,No,No,Yes,No,Yes,Yes,One year,No,Electronic check,100.0,3835.55,No,0.31436470567450225,Low,Continue regular customer engagement,"num__TotalCharges, cat__InternetService_Fiber optic, cat__PaymentMethod_Electronic check",0.0
1731-TVIUK,Female,0,No,No,4,Yes,Yes,Fiber optic,No,Yes,No,Yes,No,Yes,Month-to-month,Yes,Electronic check,93.5,362.2,Yes,0.6702733258507094,Medium,Targeted engagement and personalized offer,"num__tenure, cat__Contract_Month-to-month, cat__InternetService_Fiber optic",0.0
7666-WKRON,Female,0,No,No,39,Yes,No,Fiber optic,No,No,Yes,Yes,No,No,Two year,Yes,Electronic check,80.45,3201.55,Yes,0.10457154200781982,Low,Continue regular customer engagement,"num__TotalCharges, cat__InternetService_Fiber optic, cat__PaymentMethod_Electronic check",0.0
3865-ZYKAD,Male,1,Yes,No,69,Yes,Yes,Fiber optic,Yes,Yes,No,No,No,No,Month-to-month,Yes,Credit card (automatic),84.9,5785.65,No,0.13833738031288395,Low,Continue regular customer engagement,"num__TotalCharges, cat__Contract_Month-to-month, cat__InternetService_Fiber optic",0.0
1465-LNTLJ,Male,1,Yes,No,8,Yes,No,DSL,No,No,Yes,Yes,No,Yes,Month-to-month,Yes,Credit card (automatic),64.4,581.7,No,0.35636242915427224,Low,Continue regular customer engagement,"num__tenure, cat__Contract_Month-to-month, cat__Contract_Two year",0.0
2696-RZVZW,Male,0,Yes,No,68,Yes,Yes,No,No internet service,No internet service,No internet service,No internet service,No internet service,No internet service,Two year,No,Credit card (automatic),25.05,1629.2,No,0.003236070057699885,Low,Continue regular customer engagement,"cat__InternetService_DSL, cat__MultipleLines_No, cat__OnlineSecurity_Yes",0.0
0685-MLYYM,Female,1,No,No,2,Yes,No,Fiber optic,No,No,No,No,No,No,Month-to-month,No,Electronic check,70.75,154.85,Yes,0.6465607796241959,Medium,Targeted engagement and personalized offer,"num__tenure, cat__Contract_Month-to-month, cat__InternetService_Fiber optic",0.0
2778-OCLGR,Male,1,Yes,No,24,No,No phone service,DSL,Yes,No,No,No,No,Yes,Month-to-month,No,Bank transfer (automatic),39.1,971.3,Yes,0.2481465219465072,Low,Continue regular customer engagement,"num__tenure, cat__Contract_Month-to-month, cat__PhoneService_Yes",0.0
3982-XWFZQ,Female,0,Yes,No,42,Yes,Yes,DSL,No,No,No,No,No,No,Month-to-month,Yes,Electronic check,50.25,2203.65,Yes,0.22387833248997357,Low,Continue regular customer engagement,"cat__Contract_Month-to-month, cat__PaymentMethod_Electronic check, cat__Contract_Two year",0.0
4759-PXTAN,Female,0,Yes,No,59,Yes,Yes,DSL,No,Yes,No,Yes,Yes,Yes,One year,Yes,Electronic check,80.1,4693.2,No,0.08839981460495369,Low,Continue regular customer engagement,"num__TotalCharges, cat__PaymentMethod_Electronic check, cat__Contract_Two year",0.0
1448-PWKYE,Male,0,Yes,Yes,1,Yes,No,Fiber optic,No,No,No,No,No,Yes,Month-to-month,No,Electronic check,80.0,80,Yes,0.6266858997779416,Medium,Targeted engagement and personalized offer,"num__tenure, cat__Contract_Month-to-month, cat__InternetService_Fiber optic",0.0
8741-LQOBK,Female,0,Yes,Yes,46,No,No phone service,DSL,Yes,Yes,No,No,No,No,Month-to-month,No,Bank transfer (automatic),35.05,1620.25,No,0.05213511768849223,Low,Continue regular customer engagement,"cat__Contract_Month-to-month, cat__PhoneService_Yes, cat__Contract_Two year",0.0
8650-RHRKE,Male,0,No,No,4,No,No phone service,DSL,No,No,Yes,No,No,No,Month-to-month,Yes,Electronic check,29.65,118.5,Yes,0.6203114860159826,Medium,Targeted engagement and personalized offer,"num__tenure, cat__Contract_Month-to-month, cat__PhoneService_Yes",0.0
7266-GSSJX,Male,0,Yes,Yes,11,Yes,No,No,No internet service,No internet service,No internet service,No internet service,No internet service,No internet service,Month-to-month,Yes,Electronic check,20.45,250.8,No,0.19639615176650413,Low,Continue regular customer engagement,"num__tenure, cat__Contract_Month-to-month, cat__PaymentMethod_Electronic check",0.0
1265-HVPZB,Male,0,Yes,No,59,Yes,No,DSL,Yes,Yes,Yes,No,Yes,No,One year,No,Credit card (automatic),66.4,3958.2,No,0.020315831931996334,Low,Continue regular customer engagement,"num__TotalCharges, cat__Contract_Two year, cat__TechSupport_No",0.0
9640-ZSLDC,Female,0,Yes,Yes,53,Yes,No,DSL,No,No,Yes,No,No,Yes,One year,No,Credit card (automatic),60.6,3297,No,0.033323356749511084,Low,Continue regular customer engagement,"num__TotalCharges, cat__Contract_Two year, cat__OnlineSecurity_No",0.0
0988-JRWWP,Female,0,No,No,3,Yes,No,DSL,No,No,No,No,Yes,No,Month-to-month,Yes,Electronic check,54.2,140.4,No,0.5513862457233537,Medium,Targeted engagement and personalized offer,"num__tenure, cat__Contract_Month-to-month, cat__PaymentMethod_Electronic check",0.0
1926-QUZNN,Female,0,Yes,No,72,Yes,Yes,No,No internet service,No internet service,No internet service,No internet service,No internet service,No internet service,Two year,Yes,Bank transfer (automatic),25.25,1841.2,No,0.0040280122314654485,Low,Continue regular customer engagement,"cat__InternetService_DSL, cat__MultipleLines_No, cat__PaperlessBilling_No",0.0
9025-ZRPVR,Male,0,No,No,9,Yes,No,No,No internet service,No internet service,No internet service,No internet service,No internet service,No internet service,Month-to-month,Yes,Mailed check,18.95,185.6,Yes,0.19320623788143979,Low,Continue regular customer engagement,"num__tenure, cat__Contract_Month-to-month, cat__Contract_Two year",0.0
6527-PZFPV,Male,0,Yes,Yes,24,Yes,No,No,No internet service,No internet service,No internet service,No internet service,No internet service,No internet service,One year,Yes,Credit card (automatic),20.8,469.65,No,0.04091284961402293,Low,Continue regular customer engagement,"num__tenure, cat__Contract_Two year, cat__InternetService_DSL",0.0
7460-ITWWP,Female,1,Yes,No,45,Yes,No,Fiber optic,No,No,Yes,No,No,Yes,Month-to-month,Yes,Electronic check,86.1,3861.45,No,0.4586162812300309,Medium,Targeted engagement and personalized offer,"num__TotalCharges, cat__Contract_Month-to-month, cat__InternetService_Fiber optic",0.0
1530-ZTDOZ,Female,0,Yes,No,49,No,No phone service,DSL,Yes,No,No,No,Yes,No,Month-to-month,No,Bank transfer (automatic),40.65,2070.75,No,0.08917973865597369,Low,Continue regular customer engagement,"cat__Contract_Month-to-month, cat__PhoneService_Yes, cat__Contract_Two year",0.0
4785-FCIFB,Female,0,Yes,No,61,Yes,Yes,No,No internet service,No internet service,No internet service,No internet service,No internet service,No internet service,Two year,No,Mailed check,24.4,1417.9,No,0.00478890949835203,Low,Continue regular customer engagement,"cat__InternetService_DSL, cat__MultipleLines_No, cat__OnlineSecurity_Yes",0.0
9717-QEBGU,Male,0,No,No,2,Yes,No,Fiber optic,No,No,No,No,No,No,Month-to-month,Yes,Electronic check,70.3,144,No,0.6993828076753688,Medium,Targeted engagement and personalized offer,"num__tenure, cat__Contract_Month-to-month, cat__InternetService_Fiber optic",0.0
0876-WDUUZ,Female,0,No,No,5,Yes,No,Fiber optic,No,No,No,Yes,No,Yes,Month-to-month,Yes,Credit card (automatic),85.4,425.9,Yes,0.539394381862519,Medium,Targeted engagement and personalized offer,"num__tenure, cat__Contract_Month-to-month, cat__InternetService_Fiber optic",0.0
7881-EVUAD,Female,0,No,No,2,No,No phone service,DSL,Yes,Yes,No,No,No,Yes,Month-to-month,Yes,Electronic check,42.6,72.4,Yes,0.5531220329198075,Medium,Targeted engagement and personalized offer,"num__tenure, cat__Contract_Month-to-month, cat__PhoneService_Yes",0.0
4002-BQWPQ,Male,0,No,No,25,Yes,Yes,DSL,Yes,Yes,Yes,Yes,No,Yes,Month-to-month,No,Bank transfer (automatic),81.75,2028.8,No,0.12399073487614212,Low,Continue regular customer engagement,"num__tenure, cat__Contract_Month-to-month, cat__Contract_Two year",0.0
6377-WHAOX,Female,0,Yes,No,60,Yes,Yes,Fiber optic,No,Yes,Yes,No,Yes,Yes,Month-to-month,Yes,Electronic check,106.15,6411.25,No,0.4669753401989755,Medium,Targeted engagement and personalized offer,"num__TotalCharges, cat__Contract_Month-to-month, cat__InternetService_Fiber optic",0.0
5027-YOCXN,Male,0,Yes,Yes,51,Yes,Yes,Fiber optic,Yes,Yes,No,Yes,Yes,Yes,One year,No,Credit card (automatic),110.05,5686.4,No,0.09180883471811035,Low,Continue regular customer engagement,"num__TotalCharges, cat__InternetService_Fiber optic, cat__Contract_Two year",0.0
8450-JOVAH,Male,0,Yes,Yes,2,Yes,Yes,DSL,Yes,No,No,No,No,No,Month-to-month,No,Mailed check,56.7,113.55,Yes,0.2738080937165917,Low,Continue regular customer engagement,"num__tenure, cat__Contract_Month-to-month, cat__Contract_Two year",0.0
6646-QVXLR,Male,1,Yes,No,62,Yes,Yes,Fiber optic,No,Yes,Yes,No,Yes,Yes,One year,Yes,Electronic check,103.75,6383.35,Yes,0.31486517305627426,Low,Continue regular customer engagement,"num__TotalCharges, cat__InternetService_Fiber optic, cat__PaymentMethod_Electronic check",0.0
0254-KCJGT,Male,0,Yes,No,52,Yes,Yes,DSL,Yes,Yes,Yes,Yes,No,Yes,One year,Yes,Credit card (automatic),81.4,4354.45,No,0.042096348967085154,Low,Continue regular customer engagement,"num__TotalCharges, cat__Contract_Two year, cat__MultipleLines_No",0.0
3442-ZHHCC,Male,0,No,No,68,Yes,Yes,DSL,Yes,Yes,Yes,No,No,Yes,One year,Yes,Credit card (automatic),76.9,5023,No,0.030825404104091826,Low,Continue regular customer engagement,"num__TotalCharges, cat__Contract_Two year, cat__MultipleLines_No",0.0
9167-APMXZ,Female,0,No,No,22,Yes,Yes,Fiber optic,No,No,No,No,Yes,No,Month-to-month,Yes,Bank transfer (automatic),84.15,1821.95,No,0.5757143927351795,Medium,Targeted engagement and personalized offer,"num__tenure, cat__Contract_Month-to-month, cat__InternetService_Fiber optic",0.0
0616-ATFGB,Male,1,Yes,No,1,No,No phone service,DSL,No,No,No,No,No,No,Month-to-month,No,Electronic check,25.05,25.05,Yes,0.6160268946681942,Medium,Targeted engagement and personalized offer,"num__tenure, cat__Contract_Month-to-month, cat__PhoneService_Yes",0.0
7273-TEFQD,Male,1,No,No,3,No,No phone service,DSL,No,No,Yes,No,No,Yes,Month-to-month,Yes,Electronic check,41.15,132.2,Yes,0.7122782089366035,High,Immediate retention offer and customer support follow-up,"num__tenure, cat__Contract_Month-to-month, cat__PhoneService_Yes",41.15
8245-UMPYT,Female,1,No,No,16,Yes,Yes,Fiber optic,No,No,No,No,Yes,Yes,Month-to-month,Yes,Electronic check,96.4,1581.2,Yes,0.7863982748577154,High,Immediate retention offer and customer support follow-up,"num__tenure, cat__Contract_Month-to-month, cat__InternetService_Fiber optic",96.4
6022-UGGSO,Female,1,No,No,32,Yes,No,Fiber optic,No,Yes,No,No,No,No,Month-to-month,Yes,Electronic check,74.4,2276.95,Yes,0.43677689380588514,Medium,Targeted engagement and personalized offer,"cat__Contract_Month-to-month, cat__InternetService_Fiber optic, cat__PaymentMethod_Electronic check",0.0
6292-TOSSS,Male,0,No,No,50,Yes,Yes,No,No internet service,No internet service,No internet service,No internet service,No internet service,No internet service,Two year,No,Bank transfer (automatic),24.9,1195.25,No,0.007571462724743713,Low,Continue regular customer engagement,"cat__InternetService_DSL, cat__MultipleLines_No, cat__OnlineSecurity_Yes",0.0
5207-PLSTK,Male,0,Yes,Yes,1,Yes,No,DSL,Yes,No,No,No,No,No,Month-to-month,Yes,Mailed check,48.75,48.75,No,0.29873214233181616,Low,Continue regular customer engagement,"num__tenure, cat__Contract_Month-to-month, cat__Contract_Two year",0.0
3908-BLSYF,Female,0,No,No,6,Yes,No,Fiber optic,No,No,Yes,No,No,Yes,Month-to-month,No,Electronic check,83.9,497.55,Yes,0.6224020712506393,Medium,Targeted engagement and personalized offer,"num__tenure, cat__Contract_Month-to-month, cat__InternetService_Fiber optic",0.0
4317-VTEOA,Male,0,No,No,1,Yes,No,DSL,No,Yes,No,No,No,No,Month-to-month,Yes,Electronic check,50.75,50.75,Yes,0.48028763964565263,Medium,Targeted engagement and personalized offer,"num__tenure, cat__Contract_Month-to-month, cat__PaymentMethod_Electronic check",0.0
0625-AFOHS,Female,0,Yes,Yes,29,Yes,No,No,No internet service,No internet service,No internet service,No internet service,No internet service,No internet service,Two year,No,Mailed check,20.2,558.8,No,0.01257444107936013,Low,Continue regular customer engagement,"cat__InternetService_DSL, num__tenure, cat__OnlineSecurity_Yes",0.0
4667-OHGKG,Male,0,No,No,1,Yes,No,No,No internet service,No internet service,No internet service,No internet service,No internet service,No internet service,Month-to-month,Yes,Mailed check,19.3,19.3,Yes,0.2601164669047397,Low,Continue regular customer engagement,"num__tenure, cat__Contract_Month-to-month, cat__Contract_Two year",0.0
2386-OWURY,Female,0,No,No,58,Yes,No,Fiber optic,No,No,No,Yes,Yes,Yes,Month-to-month,Yes,Electronic check,95.3,5817.7,No,0.34470050305594724,Low,Continue regular customer engagement,"num__TotalCharges, cat__Contract_Month-to-month, cat__InternetService_Fiber optic",0.0
3780-DDGSE,Male,1,Yes,Yes,35,Yes,No,DSL,No,Yes,No,Yes,Yes,Yes,Month-to-month,Yes,Electronic check,76.05,2747.2,No,0.23020691792111073,Low,Continue regular customer engagement,"cat__Contract_Month-to-month, num__TotalCharges, cat__PaymentMethod_Electronic check",0.0
1047-RNXZV,Male,0,No,No,43,Yes,No,No,No internet service,No internet service,No internet service,No internet service,No internet service,No internet service,Two year,No,Mailed check,19.55,876.15,No,0.00814843561169461,Low,Continue regular customer engagement,"cat__InternetService_DSL, cat__OnlineSecurity_Yes, cat__Dependents_Yes",0.0
3926-YZVVX,Female,0,No,No,41,Yes,No,DSL,No,No,No,Yes,No,No,One year,No,Bank transfer (automatic),50.05,2029.05,No,0.03329123039974652,Low,Continue regular customer engagement,"cat__Contract_Two year, cat__OnlineSecurity_No, cat__OnlineSecurity_Yes",0.0
4742-TXUEX,Female,0,Yes,Yes,47,Yes,No,No,No internet service,No internet service,No internet service,No internet service,No internet service,No internet service,Two year,No,Bank transfer (automatic),19.3,890.5,No,0.004945080541235389,Low,Continue regular customer engagement,"cat__InternetService_DSL, cat__OnlineSecurity_Yes, cat__Partner_No",0.0
8709-KRDVL,Female,0,No,No,33,Yes,Yes,Fiber optic,No,Yes,No,No,Yes,Yes,Month-to-month,Yes,Electronic check,100.0,3320.6,No,0.6281981018694638,Medium,Targeted engagement and personalized offer,"num__TotalCharges, cat__Contract_Month-to-month, cat__InternetService_Fiber optic",0.0
0397-ZXWQF,Male,0,No,No,67,Yes,No,No,No internet service,No internet service,No internet service,No internet service,No internet service,No internet service,Two year,No,Bank transfer (automatic),20.5,1430.95,No,0.002461977299556816,Low,Continue regular customer engagement,"cat__InternetService_DSL, cat__OnlineSecurity_Yes, cat__Dependents_Yes",0.0
3910-MRQOY,Female,0,Yes,No,72,Yes,No,No,No internet service,No internet service,No internet service,No internet service,No internet service,No internet service,Two year,No,Bank transfer (automatic),19.4,1496.45,No,0.0019229815464207034,Low,Continue regular customer engagement,"cat__InternetService_DSL, cat__OnlineSecurity_Yes, cat__Partner_No",0.0
2511-MORQY,Male,0,Yes,Yes,50,Yes,Yes,DSL,No,No,Yes,No,No,No,One year,No,Bank transfer (automatic),54.9,2614.1,No,0.03678647991100197,Low,Continue regular customer engagement,"num__TotalCharges, cat__Contract_Two year, cat__MultipleLines_No",0.0
4039-PIMHX,Male,1,Yes,No,49,Yes,No,DSL,No,Yes,No,No,No,No,Two year,No,Mailed check,49.8,2398.4,No,0.019585237740245946,Low,Continue regular customer engagement,"num__SeniorCitizen, num__TotalCharges, cat__OnlineSecurity_No",0.0
8083-YTZES,Male,0,No,No,4,Yes,Yes,Fiber optic,No,No,No,No,No,No,Month-to-month,Yes,Electronic check,74.35,265.35,Yes,0.7410244294767485,High,Immediate retention offer and customer support follow-up,"num__tenure, cat__Contract_Month-to-month, cat__InternetService_Fiber optic",74.35
1346-PJWTK,Male,0,Yes,No,61,Yes,No,Fiber optic,No,Yes,Yes,Yes,No,Yes,Month-to-month,No,Credit card (automatic),94.15,5731.85,No,0.11954317600108694,Low,Continue regular customer engagement,"num__TotalCharges, cat__Contract_Month-to-month, cat__InternetService_Fiber optic",0.0
3750-YHRYO,Male,0,Yes,Yes,7,Yes,No,No,No internet service,No internet service,No internet service,No internet service,No internet service,No internet service,One year,No,Mailed check,20.65,150,No,0.0689255559353472,Low,Continue regular customer engagement,"num__tenure, cat__Contract_Two year, cat__InternetService_DSL",0.0
1236-WFCDV,Male,1,No,No,14,Yes,No,Fiber optic,No,No,No,No,Yes,Yes,Month-to-month,No,Credit card (automatic),90.45,1266.1,Yes,0.5709198716436681,Medium,Targeted engagement and personalized offer,"num__tenure, cat__Contract_Month-to-month, cat__InternetService_Fiber optic",0.0
5949-HGVJL,Female,0,Yes,No,26,Yes,No,DSL,No,Yes,No,Yes,Yes,Yes,Month-to-month,Yes,Electronic check,73.05,1959.5,No,0.2951543614186352,Low,Continue regular customer engagement,"cat__Contract_Month-to-month, num__tenure, cat__PaymentMethod_Electronic check",0.0
9112-WSNPU,Female,1,No,No,35,Yes,No,Fiber optic,No,No,No,No,No,No,Month-to-month,No,Electronic check,70.55,2419,No,0.36182651493988344,Low,Continue regular customer engagement,"cat__Contract_Month-to-month, cat__InternetService_Fiber optic, cat__PaymentMethod_Electronic check",0.0
1360-JYXKQ,Female,1,Yes,No,54,Yes,No,Fiber optic,No,No,Yes,Yes,Yes,Yes,One year,Yes,Electronic check,99.1,5437.1,No,0.24945587274338316,Low,Continue regular customer engagement,"num__TotalCharges, cat__InternetService_Fiber optic, cat__PaymentMethod_Electronic check",0.0
3585-ISXZP,Female,0,No,No,8,Yes,Yes,Fiber optic,No,No,No,No,Yes,Yes,Month-to-month,No,Bank transfer (automatic),95.65,778.1,Yes,0.6511292129956231,Medium,Targeted engagement and personalized offer,"num__tenure, cat__Contract_Month-to-month, cat__InternetService_Fiber optic",0.0
8380-PEFPE,Male,0,No,Yes,1,Yes,No,Fiber optic,No,No,No,No,No,No,Month-to-month,Yes,Electronic check,71.65,71.65,Yes,0.656992906056316,Medium,Targeted engagement and personalized offer,"num__tenure, cat__Contract_Month-to-month, cat__InternetService_Fiber optic",0.0
9402-ROUMJ,Female,0,Yes,Yes,67,Yes,Yes,Fiber optic,Yes,No,Yes,Yes,No,Yes,One year,Yes,Bank transfer (automatic),100.25,6689,No,0.07013154291234429,Low,Continue regular customer engagement,"num__TotalCharges, cat__InternetService_Fiber optic, cat__Contract_Two year",0.0
4335-UPJSI,Female,0,No,Yes,24,Yes,No,No,No internet service,No internet service,No internet service,No internet service,No internet service,No internet service,Two year,No,Mailed check,19.75,498.1,No,0.015739761986023056,Low,Continue regular customer engagement,"num__tenure, cat__InternetService_DSL, cat__OnlineSecurity_Yes",0.0
6096-EGVTU,Female,0,Yes,Yes,64,Yes,Yes,No,No internet service,No internet service,No internet service,No internet service,No internet service,No internet service,One year,No,Mailed check,24.9,1595.5,No,0.006635759364779047,Low,Continue regular customer engagement,"cat__Contract_Two year, cat__InternetService_DSL, cat__MultipleLines_No",0.0
8988-ECPJR,Female,1,Yes,Yes,34,Yes,Yes,Fiber optic,No,Yes,No,No,No,No,Month-to-month,Yes,Mailed check,79.6,2718.3,Yes,0.3810196221229757,Low,Continue regular customer engagement,"cat__Contract_Month-to-month, cat__InternetService_Fiber optic, num__TotalCharges",0.0
7677-SJJJK,Male,0,Yes,Yes,8,Yes,No,No,No internet service,No internet service,No internet service,No internet service,No internet service,No internet service,One year,No,Credit card (automatic),19.9,153.95,No,0.059996001796018744,Low,Continue regular customer engagement,"num__tenure, cat__Contract_Two year, cat__InternetService_DSL",0.0
5850-BDWCY,Female,0,No,No,6,Yes,No,No,No internet service,No internet service,No internet service,No internet service,No internet service,No internet service,Month-to-month,No,Mailed check,20.2,123.65,No,0.15784018699528263,Low,Continue regular customer engagement,"num__tenure, cat__Contract_Month-to-month, cat__Contract_Two year",0.0
2025-JKFWI,Male,0,No,No,13,Yes,Yes,Fiber optic,No,No,No,Yes,Yes,Yes,Month-to-month,Yes,Mailed check,99.0,1301.7,Yes,0.6384923490781019,Medium,Targeted engagement and personalized offer,"num__tenure, cat__Contract_Month-to-month, cat__InternetService_Fiber optic",0.0
8028-PNXHQ,Male,0,Yes,Yes,62,Yes,Yes,No,No internet service,No internet service,No internet service,No internet service,No internet service,No internet service,Two year,Yes,Bank transfer (automatic),24.25,1424.6,No,0.004995602205918997,Low,Continue regular customer engagement,"cat__InternetService_DSL, cat__MultipleLines_No, cat__PaperlessBilling_No",0.0
8397-MVTAZ,Male,0,Yes,No,34,Yes,Yes,Fiber optic,No,No,Yes,No,Yes,Yes,Month-to-month,Yes,Electronic check,100.05,3480,Yes,0.665923434250048,Medium,Targeted engagement and personalized offer,"num__TotalCharges, cat__Contract_Month-to-month, cat__InternetService_Fiber optic",0.0
4445-ZJNMU,Male,0,No,No,9,Yes,Yes,Fiber optic,No,Yes,No,No,Yes,Yes,Month-to-month,Yes,Credit card (automatic),99.3,918.75,No,0.6874554349649815,Medium,Targeted engagement and personalized offer,"num__tenure, cat__Contract_Month-to-month, cat__InternetService_Fiber optic",0.0
3125-RAHBV,Male,0,No,No,22,Yes,No,No,No internet service,No internet service,No internet service,No internet service,No internet service,No internet service,One year,No,Credit card (automatic),20.3,467.15,No,0.03874182527145877,Low,Continue regular customer engagement,"num__tenure, cat__Contract_Two year, cat__InternetService_DSL",0.0
6682-QJDGB,Male,0,No,Yes,40,Yes,No,DSL,Yes,Yes,No,No,No,No,Month-to-month,Yes,Mailed check,55.25,2139.2,Yes,0.06967218708770956,Low,Continue regular customer engagement,"cat__Contract_Month-to-month, cat__Contract_Two year, cat__PaperlessBilling_No",0.0
8840-DQLGN,Female,1,Yes,No,35,Yes,Yes,Fiber optic,Yes,Yes,No,Yes,Yes,No,Month-to-month,Yes,Bank transfer (automatic),100.5,3653.35,Yes,0.32535320533909706,Low,Continue regular customer engagement,"num__TotalCharges, cat__Contract_Month-to-month, cat__InternetService_Fiber optic",0.0
6258-NGCNG,Male,0,No,No,7,Yes,Yes,No,No internet service,No internet service,No internet service,No internet service,No internet service,No internet service,Month-to-month,No,Mailed check,23.5,173,No,0.19585249235246127,Low,Continue regular customer engagement,"num__tenure, cat__Contract_Month-to-month, cat__Contract_Two year",0.0
5917-RYRMG,Male,1,No,No,32,Yes,No,No,No internet service,No internet service,No internet service,No internet service,No internet service,No internet service,One year,No,Credit card (automatic),19.8,587.7,No,0.027439914040351124,Low,Continue regular customer engagement,"cat__Contract_Two year, cat__InternetService_DSL, num__SeniorCitizen",0.0
7157-SMCFK,Male,0,No,Yes,61,Yes,No,No,No internet service,No internet service,No internet service,No internet service,No internet service,No internet service,Two year,No,Mailed check,19.75,1124.2,No,0.0026577210335551366,Low,Continue regular customer engagement,"cat__InternetService_DSL, cat__OnlineSecurity_Yes, cat__StreamingTV_No",0.0
0816-TSPHQ,Male,0,No,No,2,Yes,No,No,No internet service,No internet service,No internet service,No internet service,No internet service,No internet service,Month-to-month,No,Mailed check,20.75,44.2,No,0.18836424345342764,Low,Continue regular customer engagement,"num__tenure, cat__Contract_Month-to-month, cat__Contract_Two year",0.0
6766-HFKLA,Female,0,Yes,No,56,Yes,Yes,Fiber optic,No,No,Yes,Yes,Yes,Yes,Two year,No,Bank transfer (automatic),103.2,5744.35,No,0.08212306017884274,Low,Continue regular customer engagement,"num__TotalCharges, cat__InternetService_Fiber optic, cat__InternetService_DSL",0.0
7067-KSAZT,Female,1,Yes,No,65,Yes,Yes,Fiber optic,No,Yes,Yes,No,Yes,Yes,One year,Yes,Electronic check,106.25,6979.8,Yes,0.30963098924881316,Low,Continue regular customer engagement,"num__TotalCharges, cat__InternetService_Fiber optic, cat__PaymentMethod_Electronic check",0.0
5155-AZQPB,Female,0,Yes,Yes,28,Yes,Yes,DSL,No,No,No,No,No,No,Month-to-month,No,Mailed check,49.9,1410.25,No,0.16565564733186722,Low,Continue regular customer engagement,"cat__Contract_Month-to-month, cat__Contract_Two year, num__tenure",0.0
6890-PFRQX,Male,0,No,No,18,Yes,Yes,DSL,Yes,No,Yes,No,Yes,No,Month-to-month,No,Mailed check,69.5,1199.4,No,0.23593784374770413,Low,Continue regular customer engagement,"num__tenure, cat__Contract_Month-to-month, cat__Contract_Two year",0.0
3508-VLHCZ,Female,0,Yes,Yes,71,Yes,Yes,DSL,Yes,Yes,Yes,Yes,Yes,Yes,Two year,Yes,Credit card (automatic),90.55,6239.05,No,0.012646258933076708,Low,Continue regular customer engagement,"num__TotalCharges, cat__MultipleLines_No, cat__PaperlessBilling_No",0.0
3649-JPUGY,Male,0,No,No,72,Yes,Yes,DSL,No,Yes,Yes,Yes,Yes,Yes,Two year,Yes,Bank transfer (automatic),88.6,6201.95,No,0.023352698617733248,Low,Continue regular customer engagement,"num__TotalCharges, cat__MultipleLines_No, cat__PaperlessBilling_No",0.0
9248-OJYKK,Male,1,No,No,1,Yes,Yes,Fiber optic,No,No,No,No,No,No,Month-to-month,Yes,Electronic check,76.45,76.45,Yes,0.7873476953525627,High,Immediate retention offer and customer support follow-up,"num__tenure, cat__Contract_Month-to-month, cat__InternetService_Fiber optic",76.45
7239-HZZCX,Male,0,No,No,1,Yes,No,No,No internet service,No internet service,No internet service,No internet service,No internet service,No internet service,Month-to-month,No,Mailed check,19.75,19.75,Yes,0.195608906403141,Low,Continue regular customer engagement,"num__tenure, cat__Contract_Month-to-month, cat__Contract_Two year",0.0
9860-LISIZ,Female,0,No,No,34,Yes,No,No,No internet service,No internet service,No internet service,No internet service,No internet service,No internet service,Month-to-month,No,Mailed check,20.35,673.2,No,0.04625409215444031,Low,Continue regular customer engagement,"cat__Contract_Month-to-month, cat__Contract_Two year, cat__InternetService_DSL",0.0
6979-ZNSFF,Female,0,No,No,8,Yes,Yes,Fiber optic,No,No,No,No,Yes,No,Month-to-month,Yes,Electronic check,87.05,762.1,Yes,0.7611203229961071,High,Immediate retention offer and customer support follow-up,"num__tenure, cat__Contract_Month-to-month, cat__InternetService_Fiber optic",87.05
8938-UMKPI,Female,0,No,No,47,Yes,Yes,Fiber optic,No,Yes,Yes,No,Yes,Yes,Month-to-month,Yes,Electronic check,106.4,5127.95,Yes,0.5507622703110212,Medium,Targeted engagement and personalized offer,"num__TotalCharges, cat__Contract_Month-to-month, cat__InternetService_Fiber optic",0.0
1820-DJFPH,Female,0,Yes,Yes,72,Yes,Yes,No,No internet service,No internet service,No internet service,No internet service,No internet service,No internet service,Two year,Yes,Bank transfer (automatic),24.05,1709.15,No,0.003095562866075966,Low,Continue regular customer engagement,"cat__InternetService_DSL, cat__MultipleLines_No, cat__PaperlessBilling_No",0.0
0732-OCQOC,Female,0,Yes,Yes,52,Yes,Yes,No,No internet service,No internet service,No internet service,No internet service,No internet service,No internet service,Two year,Yes,Bank transfer (automatic),25.05,1270.25,No,0.007995708726570265,Low,Continue regular customer engagement,"cat__InternetService_DSL, cat__MultipleLines_No, cat__PaperlessBilling_No",0.0
6776-TLWOI,Male,0,No,No,3,Yes,No,No,No internet service,No internet service,No internet service,No internet service,No internet service,No internet service,Month-to-month,No,Mailed check,19.85,64.55,Yes,0.18107910565398547,Low,Continue regular customer engagement,"num__tenure, cat__Contract_Month-to-month, cat__Contract_Two year",0.0
4940-KHCWD,Female,0,Yes,No,60,No,No phone service,DSL,Yes,Yes,No,Yes,No,No,Two year,No,Bank transfer (automatic),37.7,2288.7,No,0.006739929726960682,Low,Continue regular customer engagement,"cat__PhoneService_Yes, cat__MultipleLines_No, num__TotalCharges",0.0
9057-SIHCH,Female,0,No,No,3,Yes,Yes,Fiber optic,No,No,No,No,Yes,Yes,Month-to-month,Yes,Electronic check,96.6,291.9,Yes,0.8197977233219025,High,Immediate retention offer and customer support follow-up,"num__tenure, cat__Contract_Month-to-month, cat__InternetService_Fiber optic",96.6
9866-QEVEE,Male,0,No,No,19,Yes,Yes,Fiber optic,No,No,No,No,No,Yes,Month-to-month,Yes,Bank transfer (automatic),86.0,1532.45,Yes,0.6015243860529836,Medium,Targeted engagement and personalized offer,"num__tenure, cat__Contract_Month-to-month, cat__InternetService_Fiber optic",0.0
5542-TBBWB,Male,0,No,No,1,Yes,No,Fiber optic,No,No,No,No,No,No,Month-to-month,Yes,Electronic check,69.9,69.9,No,0.7064689080837803,High,Immediate retention offer and customer support follow-up,"num__tenure, cat__Contract_Month-to-month, cat__InternetService_Fiber optic",69.9
4587-VVTOX,Female,0,Yes,No,6,Yes,Yes,Fiber optic,No,Yes,Yes,No,Yes,Yes,Month-to-month,Yes,Electronic check,105.3,545.2,Yes,0.7720666738480876,High,Immediate retention offer and customer support follow-up,"num__tenure, cat__Contract_Month-to-month, cat__InternetService_Fiber optic",105.3
6322-HRPFA,Male,0,Yes,Yes,49,Yes,No,DSL,Yes,Yes,No,Yes,No,No,Month-to-month,No,Credit card (automatic),59.6,2970.3,No,0.02468236652770981,Low,Continue regular customer engagement,"cat__Contract_Month-to-month, num__TotalCharges, cat__Contract_Two year",0.0
6284-AHOOQ,Male,1,No,No,22,Yes,Yes,Fiber optic,No,No,No,Yes,Yes,No,Month-to-month,Yes,Bank transfer (automatic),90.5,1910.6,Yes,0.5289104319070802,Medium,Targeted engagement and personalized offer,"num__tenure, cat__Contract_Month-to-month, cat__InternetService_Fiber optic",0.0
4530-NDRKU,Female,0,Yes,Yes,42,Yes,No,No,No internet service,No internet service,No internet service,No internet service,No internet service,No internet service,One year,Yes,Electronic check,19.05,761.85,No,0.025348391985510803,Low,Continue regular customer engagement,"cat__PaymentMethod_Electronic check, cat__Contract_Two year, cat__InternetService_DSL",0.0
1751-NCDLI,Male,1,Yes,No,46,Yes,Yes,Fiber optic,No,No,Yes,No,Yes,Yes,Month-to-month,Yes,Electronic check,98.85,4564.9,No,0.617253381179934,Medium,Targeted engagement and personalized offer,"num__TotalCharges, cat__Contract_Month-to-month, cat__InternetService_Fiber optic",0.0
3893-JRNFS,Male,0,No,No,68,No,No phone service,DSL,No,No,Yes,No,No,Yes,Month-to-month,Yes,Bank transfer (automatic),39.9,2796.35,No,0.08335054462164443,Low,Continue regular customer engagement,"cat__Contract_Month-to-month, num__TotalCharges, cat__PhoneService_Yes",0.0
5857-XRECV,Female,0,No,Yes,2,Yes,No,No,No internet service,No internet service,No internet service,No internet service,No internet service,No internet service,One year,No,Bank transfer (automatic),20.5,38.25,No,0.07759870659935228,Low,Continue regular customer engagement,"num__tenure, cat__Contract_Two year, cat__InternetService_DSL",0.0
3115-CZMZD,Male,0,No,Yes,0,Yes,No,No,No internet service,No internet service,No internet service,No internet service,No internet service,No internet service,Two year,No,Mailed check,20.25, ,No,0.049117649321759056,Low,Continue regular customer engagement,"num__tenure, cat__InternetService_DSL, cat__OnlineSecurity_Yes",0.0
4489-SNOJF,Female,0,Yes,Yes,35,Yes,Yes,DSL,Yes,No,Yes,Yes,Yes,No,Month-to-month,No,Electronic check,72.25,2568.55,Yes,0.11742140119406111,Low,Continue regular customer engagement,"cat__Contract_Month-to-month, cat__PaymentMethod_Electronic check, num__TotalCharges",0.0
1051-GEJLJ,Female,0,No,No,2,Yes,No,No,No internet service,No internet service,No internet service,No internet service,No internet service,No internet service,Month-to-month,No,Mailed check,19.5,27.55,No,0.18451204221794096,Low,Continue regular customer engagement,"num__tenure, cat__Contract_Month-to-month, cat__Contract_Two year",0.0
3563-SVYLG,Male,0,Yes,Yes,68,Yes,No,DSL,Yes,Yes,Yes,Yes,No,No,Two year,No,Credit card (automatic),62.65,4375.8,No,0.0032088069875876603,Low,Continue regular customer engagement,"num__TotalCharges, cat__Partner_No, cat__gender_Female",0.0
4301-VVZKA,Male,0,Yes,No,16,Yes,Yes,Fiber optic,No,No,No,No,No,No,Month-to-month,Yes,Electronic check,75.4,1189.4,No,0.6626873775114068,Medium,Targeted engagement and personalized offer,"num__tenure, cat__Contract_Month-to-month, cat__InternetService_Fiber optic",0.0
9351-HXDMR,Male,0,Yes,No,72,Yes,Yes,Fiber optic,Yes,No,Yes,Yes,Yes,Yes,Two year,Yes,Credit card (automatic),110.9,8240.85,No,0.06381114464179549,Low,Continue regular customer engagement,"num__TotalCharges, cat__InternetService_Fiber optic, cat__InternetService_DSL",0.0
5161-XEUVX,Male,0,Yes,No,37,Yes,Yes,Fiber optic,No,No,Yes,Yes,Yes,No,Two year,No,Mailed check,94.3,3460.95,No,0.10714385646687867,Low,Continue regular customer engagement,"num__TotalCharges, cat__InternetService_Fiber optic, cat__InternetService_DSL",0.0
3088-FVYWK,Male,0,Yes,Yes,53,Yes,Yes,No,No internet service,No internet service,No internet service,No internet service,No internet service,No internet service,Two year,No,Credit card (automatic),25.55,1336.1,No,0.005299626634182447,Low,Continue regular customer engagement,"cat__InternetService_DSL, cat__MultipleLines_No, cat__OnlineSecurity_Yes",0.0
9812-GHVRI,Female,0,No,No,40,Yes,Yes,Fiber optic,No,No,No,No,No,Yes,Month-to-month,No,Bank transfer (automatic),83.85,3532.25,No,0.3594261623092554,Low,Continue regular customer engagement,"num__TotalCharges, cat__Contract_Month-to-month, cat__InternetService_Fiber optic",0.0
1370-GGAWX,Female,0,No,No,46,Yes,Yes,Fiber optic,No,Yes,Yes,No,No,Yes,One year,Yes,Electronic check,94.15,4408.45,No,0.30158194528122656,Low,Continue regular customer engagement,"num__TotalCharges, cat__InternetService_Fiber optic, cat__PaymentMethod_Electronic check",0.0
6023-YEBUP,Male,0,No,No,3,Yes,Yes,Fiber optic,No,No,Yes,No,Yes,Yes,Month-to-month,Yes,Electronic check,100.95,329.95,Yes,0.8175807498731096,High,Immediate retention offer and customer support follow-up,"num__tenure, cat__Contract_Month-to-month, cat__InternetService_Fiber optic",100.95
9940-RHLFB,Female,0,No,No,1,Yes,No,Fiber optic,No,No,Yes,No,No,No,Month-to-month,No,Electronic check,75.3,75.3,Yes,0.6094488090670696,Medium,Targeted engagement and personalized offer,"num__tenure, cat__Contract_Month-to-month, cat__InternetService_Fiber optic",0.0
4541-RMRLG,Male,0,No,No,7,Yes,No,No,No internet service,No internet service,No internet service,No internet service,No internet service,No internet service,Month-to-month,No,Electronic check,19.25,112.3,Yes,0.19866303915712102,Low,Continue regular customer engagement,"num__tenure, cat__Contract_Month-to-month, cat__PaymentMethod_Electronic check",0.0
2606-RMDHZ,Male,0,No,No,6,No,No phone service,DSL,No,Yes,No,No,No,No,Month-to-month,Yes,Credit card (automatic),30.5,208.7,Yes,0.4658869591268289,Medium,Targeted engagement and personalized offer,"num__tenure, cat__Contract_Month-to-month, cat__PhoneService_Yes",0.0
5575-TPIZQ,Male,0,No,No,46,Yes,Yes,Fiber optic,Yes,No,No,No,Yes,No,Month-to-month,Yes,Credit card (automatic),89.15,4245.55,No,0.31370771459765084,Low,Continue regular customer engagement,"num__TotalCharges, cat__Contract_Month-to-month, cat__InternetService_Fiber optic",0.0
9378-FXTIZ,Female,0,Yes,No,54,Yes,Yes,DSL,No,No,No,No,Yes,Yes,One year,Yes,Credit card (automatic),70.15,3715.65,Yes,0.10205038056710478,Low,Continue regular customer engagement,"num__TotalCharges, cat__Contract_Two year, cat__MultipleLines_No",0.0
4631-OACRM,Male,1,No,No,15,Yes,No,Fiber optic,No,No,No,No,No,Yes,Month-to-month,Yes,Electronic check,79.4,1156.1,Yes,0.6839863989879468,Medium,Targeted engagement and personalized offer,"num__tenure, cat__Contract_Month-to-month, cat__InternetService_Fiber optic",0.0
8593-WHYHV,Male,0,No,No,3,Yes,Yes,Fiber optic,No,No,No,No,No,Yes,Month-to-month,Yes,Electronic check,85.3,264.8,Yes,0.7886604383612578,High,Immediate retention offer and customer support follow-up,"num__tenure, cat__Contract_Month-to-month, cat__InternetService_Fiber optic",85.3
1403-GYAFU,Male,0,Yes,Yes,70,Yes,No,No,No internet service,No internet service,No internet service,No internet service,No internet service,No internet service,Two year,No,Credit card (automatic),20.05,1360.25,No,0.0016277347638330053,Low,Continue regular customer engagement,"cat__InternetService_DSL, cat__OnlineSecurity_Yes, cat__Partner_No",0.0
7641-TQFHN,Male,0,No,Yes,39,Yes,Yes,Fiber optic,No,No,No,Yes,Yes,Yes,Two year,No,Mailed check,100.55,3895.35,No,0.10826013038798644,Low,Continue regular customer engagement,"num__TotalCharges, cat__InternetService_Fiber optic, cat__InternetService_DSL",0.0
4237-CLSMM,Male,0,Yes,No,2,Yes,No,No,No internet service,No internet service,No internet service,No internet service,No internet service,No internet service,Month-to-month,No,Mailed check,20.0,38,No,0.1916655661617473,Low,Continue regular customer engagement,"num__tenure, cat__Contract_Month-to-month, cat__Contract_Two year",0.0
4360-PNRQB,Male,0,No,No,18,Yes,Yes,Fiber optic,No,No,No,No,No,No,Month-to-month,Yes,Bank transfer (automatic),75.6,1395.05,No,0.554093816963129,Medium,Targeted engagement and personalized offer,"num__tenure, cat__Contract_Month-to-month, cat__InternetService_Fiber optic",0.0
5334-AFQJB,Male,1,No,No,72,Yes,Yes,No,No internet service,No internet service,No internet service,No internet service,No internet service,No internet service,Two year,Yes,Credit card (automatic),25.1,1789.9,No,0.004451230522698557,Low,Continue regular customer engagement,"cat__InternetService_DSL, num__SeniorCitizen, cat__MultipleLines_No",0.0
9308-ANMVE,Male,0,No,Yes,47,Yes,No,DSL,Yes,Yes,No,No,No,No,Month-to-month,Yes,Electronic check,55.3,2654.05,No,0.07478368742834228,Low,Continue regular customer engagement,"cat__Contract_Month-to-month, num__TotalCharges, cat__PaymentMethod_Electronic check",0.0
3530-VWVGU,Female,0,Yes,Yes,22,Yes,No,No,No internet service,No internet service,No internet service,No internet service,No internet service,No internet service,Month-to-month,No,Mailed check,19.9,400.3,No,0.06520214859860675,Low,Continue regular customer engagement,"num__tenure, cat__Contract_Month-to-month, cat__Contract_Two year",0.0
4674-HGNUA,Male,0,Yes,Yes,71,Yes,Yes,DSL,Yes,Yes,Yes,Yes,Yes,Yes,Two year,No,Credit card (automatic),89.9,6457.15,No,0.009479033667672665,Low,Continue regular customer engagement,"num__TotalCharges, cat__MultipleLines_No, cat__StreamingTV_Yes",0.0
3030-YDNRM,Male,0,No,No,8,Yes,Yes,Fiber optic,No,No,No,No,No,No,Month-to-month,Yes,Electronic check,74.85,572.45,No,0.7146351634578009,High,Immediate retention offer and customer support follow-up,"num__tenure, cat__Contract_Month-to-month, cat__InternetService_Fiber optic",74.85
3642-BYHDO,Female,0,Yes,Yes,71,Yes,No,No,No internet service,No internet service,No internet service,No internet service,No internet service,No internet service,Two year,No,Bank transfer (automatic),19.9,1389.35,No,0.0015690204432615715,Low,Continue regular customer engagement,"cat__InternetService_DSL, cat__OnlineSecurity_Yes, cat__Partner_No",0.0
0440-UEDAI,Female,0,No,No,53,Yes,No,Fiber optic,No,Yes,Yes,Yes,No,Yes,One year,Yes,Credit card (automatic),94.45,5042.75,No,0.10702240896778414,Low,Continue regular customer engagement,"num__TotalCharges, cat__InternetService_Fiber optic, cat__Contract_Two year",0.0
9819-FBNSV,Male,1,Yes,No,37,Yes,No,Fiber optic,No,No,No,No,No,No,Month-to-month,Yes,Bank transfer (automatic),72.25,2575.45,No,0.3539440993690505,Low,Continue regular customer engagement,"cat__Contract_Month-to-month, cat__InternetService_Fiber optic, num__TotalCharges",0.0
9289-LBQVU,Male,0,Yes,No,64,Yes,Yes,DSL,No,Yes,No,Yes,No,Yes,One year,Yes,Mailed check,70.15,4480.7,No,0.04061433744085662,Low,Continue regular customer engagement,"num__TotalCharges, cat__Contract_Two year, cat__MultipleLines_No",0.0
4468-YDOVK,Male,0,No,Yes,5,Yes,No,DSL,No,No,No,Yes,No,No,Month-to-month,Yes,Bank transfer (automatic),48.65,235.2,No,0.25779343612980277,Low,Continue regular customer engagement,"num__tenure, cat__Contract_Month-to-month, cat__Contract_Two year",0.0
2001-EWBQU,Female,0,No,No,60,Yes,Yes,Fiber optic,No,Yes,Yes,No,Yes,Yes,Two year,No,Electronic check,104.7,6333.8,No,0.12860283105655151,Low,Continue regular customer engagement,"num__TotalCharges, cat__InternetService_Fiber optic, cat__PaymentMethod_Electronic check",0.0
9992-UJOEL,Male,0,No,No,2,Yes,No,DSL,No,Yes,No,No,No,No,Month-to-month,Yes,Mailed check,50.3,92.75,No,0.39240677208919933,Low,Continue regular customer engagement,"num__tenure, cat__Contract_Month-to-month, cat__Contract_Two year",0.0
8409-WQJUX,Female,0,No,No,25,No,No phone service,DSL,No,No,Yes,Yes,Yes,Yes,One year,No,Electronic check,54.2,1423.15,No,0.20860224946408407,Low,Continue regular customer engagement,"num__tenure, cat__PhoneService_Yes, cat__PaymentMethod_Electronic check",0.0
3077-RSNTJ,Female,0,Yes,Yes,6,Yes,No,No,No internet service,No internet service,No internet service,No internet service,No internet service,No internet service,Month-to-month,No,Mailed check,19.7,113.5,No,0.132013232891918,Low,Continue regular customer engagement,"num__tenure, cat__Contract_Month-to-month, cat__Contract_Two year",0.0
6993-YCOBK,Male,0,Yes,Yes,60,Yes,Yes,Fiber optic,Yes,No,Yes,Yes,Yes,Yes,Two year,Yes,Electronic check,110.6,6586.85,No,0.09154899999659412,Low,Continue regular customer engagement,"num__TotalCharges, cat__InternetService_Fiber optic, cat__PaymentMethod_Electronic check",0.0
4817-VYYWS,Female,0,No,No,30,Yes,Yes,Fiber optic,No,Yes,No,No,Yes,Yes,Month-to-month,Yes,Electronic check,100.2,2983.8,Yes,0.6449361087332853,Medium,Targeted engagement and personalized offer,"cat__Contract_Month-to-month, num__TotalCharges, cat__InternetService_Fiber optic",0.0
4702-HDRKD,Male,0,No,No,67,No,No phone service,DSL,Yes,No,Yes,Yes,Yes,No,One year,Yes,Bank transfer (automatic),49.35,3321.35,No,0.023777284370351336,Low,Continue regular customer engagement,"num__TotalCharges, cat__PhoneService_Yes, cat__Contract_Two year",0.0
3251-YMVWZ,Male,0,No,No,53,Yes,Yes,No,No internet service,No internet service,No internet service,No internet service,No internet service,No internet service,One year,No,Bank transfer (automatic),24.05,1301.9,No,0.012903041641362177,Low,Continue regular customer engagement,"cat__Contract_Two year, cat__InternetService_DSL, cat__MultipleLines_No",0.0
4190-MFLUW,Female,0,Yes,Yes,10,Yes,No,DSL,No,No,Yes,Yes,No,No,Month-to-month,No,Credit card (automatic),55.2,528.35,Yes,0.1559437405962497,Low,Continue regular customer engagement,"num__tenure, cat__Contract_Month-to-month, cat__Contract_Two year",0.0
4678-DVQEO,Female,0,No,No,1,Yes,No,DSL,No,No,No,Yes,No,No,Month-to-month,Yes,Electronic check,52.2,52.2,Yes,0.42554260189860044,Medium,Targeted engagement and personalized offer,"num__tenure, cat__Contract_Month-to-month, cat__PaymentMethod_Electronic check",0.0
4701-AHWMW,Male,0,Yes,No,55,No,No phone service,DSL,No,No,Yes,Yes,Yes,Yes,Month-to-month,Yes,Bank transfer (automatic),54.55,2978.3,Yes,0.14170253466453164,Low,Continue regular customer engagement,"cat__Contract_Month-to-month, num__TotalCharges, cat__PhoneService_Yes",0.0
2987-BJXIK,Female,0,No,No,70,Yes,Yes,DSL,Yes,Yes,Yes,No,Yes,Yes,Two year,No,Mailed check,84.7,5991.05,No,0.01701366769937726,Low,Continue regular customer engagement,"num__TotalCharges, cat__MultipleLines_No, cat__TechSupport_No",0.0
1730-VFMWO,Female,0,Yes,No,34,Yes,No,DSL,No,No,No,Yes,No,No,Month-to-month,No,Bank transfer (automatic),50.2,1815.3,No,0.08866138935654318,Low,Continue regular customer engagement,"cat__Contract_Month-to-month, cat__Contract_Two year, cat__OnlineSecurity_No",0.0
1936-UAFEH,Female,0,No,No,68,Yes,Yes,Fiber optic,Yes,Yes,No,Yes,Yes,Yes,Two year,No,Credit card (automatic),110.25,7279.35,No,0.03663502617020488,Low,Continue regular customer engagement,"num__TotalCharges, cat__InternetService_Fiber optic, cat__InternetService_DSL",0.0
5140-FOMCQ,Female,0,Yes,No,59,Yes,Yes,Fiber optic,Yes,Yes,Yes,No,Yes,Yes,One year,Yes,Credit card (automatic),109.15,6557.75,No,0.17083328447292145,Low,Continue regular customer engagement,"num__TotalCharges, cat__InternetService_Fiber optic, cat__Contract_Two year",0.0
8778-LMWTJ,Female,0,No,No,9,Yes,No,Fiber optic,Yes,No,No,No,No,No,Month-to-month,Yes,Electronic check,74.85,708.2,No,0.5416727334805442,Medium,Targeted engagement and personalized offer,"num__tenure, cat__Contract_Month-to-month, cat__InternetService_Fiber optic",0.0
9840-DVNDC,Male,0,No,No,6,Yes,No,Fiber optic,No,No,No,No,Yes,No,Month-to-month,Yes,Credit card (automatic),80.5,463.05,Yes,0.6257322718405481,Medium,Targeted engagement and personalized offer,"num__tenure, cat__Contract_Month-to-month, cat__InternetService_Fiber optic",0.0
8033-VCZGH,Male,0,Yes,No,50,Yes,Yes,Fiber optic,Yes,No,Yes,No,Yes,Yes,One year,Yes,Electronic check,103.95,5231.3,No,0.30260900093917503,Low,Continue regular customer engagement,"num__TotalCharges, cat__InternetService_Fiber optic, cat__PaymentMethod_Electronic check",0.0
8580-QVLOC,Female,1,Yes,Yes,72,Yes,Yes,DSL,Yes,Yes,Yes,Yes,Yes,Yes,Two year,No,Credit card (automatic),92.45,6440.25,Yes,0.010144053782831638,Low,Continue regular customer engagement,"num__TotalCharges, num__SeniorCitizen, cat__MultipleLines_No",0.0
6128-AQBMT,Male,1,Yes,No,41,No,No phone service,DSL,No,Yes,Yes,No,Yes,Yes,Month-to-month,Yes,Electronic check,53.95,2215.4,No,0.3719895246695167,Low,Continue regular customer engagement,"cat__Contract_Month-to-month, cat__PhoneService_Yes, cat__PaymentMethod_Electronic check",0.0
6257-RJOHI,Male,0,No,No,4,Yes,No,DSL,No,No,No,Yes,No,No,Month-to-month,Yes,Mailed check,50.8,202.3,No,0.32813843479269855,Low,Continue regular customer engagement,"num__tenure, cat__Contract_Month-to-month, cat__Contract_Two year",0.0
1929-ZCBHE,Male,0,Yes,Yes,47,No,No phone service,DSL,Yes,No,Yes,Yes,No,No,One year,No,Electronic check,40.3,1794.8,No,0.030781714416664798,Low,Continue regular customer engagement,"cat__PhoneService_Yes, cat__PaymentMethod_Electronic check, cat__Contract_Two year",0.0
6242-SGYTS,Male,0,Yes,Yes,62,Yes,Yes,Fiber optic,Yes,Yes,No,No,Yes,No,One year,Yes,Credit card (automatic),94.95,5791.85,No,0.08988349466941434,Low,Continue regular customer engagement,"num__TotalCharges, cat__InternetService_Fiber optic, cat__Contract_Two year",0.0
7010-ZMVBF,Female,0,Yes,Yes,18,Yes,No,No,No internet service,No internet service,No internet service,No internet service,No internet service,No internet service,Month-to-month,No,Mailed check,20.45,357,No,0.07868549830020073,Low,Continue regular customer engagement,"num__tenure, cat__Contract_Month-to-month, cat__Contract_Two year",0.0
3519-ZKXGG,Female,0,Yes,No,3,Yes,Yes,Fiber optic,No,No,No,No,No,No,Month-to-month,Yes,Electronic check,75.85,256.6,Yes,0.7512986521626958,High,Immediate retention offer and customer support follow-up,"num__tenure, cat__Contract_Month-to-month, cat__InternetService_Fiber optic",75.85
5666-MBJPT,Male,0,No,No,65,Yes,Yes,No,No internet service,No internet service,No internet service,No internet service,No internet service,No internet service,Two year,Yes,Bank transfer (automatic),25.1,1725,No,0.00565447135750763,Low,Continue regular customer engagement,"cat__InternetService_DSL, cat__MultipleLines_No, cat__PaperlessBilling_No",0.0
3313-QKNKB,Male,0,Yes,No,59,Yes,Yes,Fiber optic,No,No,No,No,No,Yes,One year,No,Electronic check,85.55,5084.65,Yes,0.18873818456037092,Low,Continue regular customer engagement,"num__TotalCharges, cat__InternetService_Fiber optic, cat__PaymentMethod_Electronic check",0.0
7581-EBBOU,Female,0,No,No,60,Yes,No,DSL,No,Yes,Yes,Yes,Yes,No,One year,Yes,Credit card (automatic),70.15,4224.7,No,0.02978706938223999,Low,Continue regular customer engagement,"num__TotalCharges, cat__Contract_Two year, cat__PaperlessBilling_No",0.0
1784-BXEFA,Female,0,No,No,10,Yes,No,No,No internet service,No internet service,No internet service,No internet service,No internet service,No internet service,Month-to-month,Yes,Mailed check,20.55,187.35,No,0.18206702997448257,Low,Continue regular customer engagement,"num__tenure, cat__Contract_Month-to-month, cat__Contract_Two year",0.0
7492-TAFJD,Male,0,Yes,Yes,7,No,No phone service,DSL,Yes,Yes,Yes,No,No,No,Two year,No,Mailed check,38.55,280,No,0.07622269973735021,Low,Continue regular customer engagement,"num__tenure, cat__PhoneService_Yes, cat__MultipleLines_No",0.0
5213-TWWJU,Male,0,No,No,28,Yes,No,Fiber optic,No,No,Yes,Yes,No,Yes,Month-to-month,No,Electronic check,91.0,2626.15,No,0.38272973455973835,Low,Continue regular customer engagement,"cat__Contract_Month-to-month, cat__InternetService_Fiber optic, num__TotalCharges",0.0
3312-ZWLGF,Male,1,Yes,No,29,Yes,Yes,Fiber optic,No,No,No,Yes,No,No,Month-to-month,Yes,Electronic check,79.3,2414.55,No,0.5167024157686485,Medium,Targeted engagement and personalized offer,"cat__Contract_Month-to-month, cat__InternetService_Fiber optic, cat__PaymentMethod_Electronic check",0.0
2923-ARZLG,Male,0,Yes,Yes,0,Yes,No,No,No internet service,No internet service,No internet service,No internet service,No internet service,No internet service,One year,Yes,Mailed check,19.7, ,No,0.13010123387043035,Low,Continue regular customer engagement,"num__tenure, cat__Contract_Two year, cat__InternetService_DSL",0.0
7032-LMBHI,Female,0,No,No,37,Yes,Yes,DSL,Yes,No,No,No,Yes,No,One year,No,Bank transfer (automatic),64.65,2347.85,No,0.06733521712840952,Low,Continue regular customer engagement,"cat__Contract_Two year, cat__MultipleLines_No, num__TotalCharges",0.0
8292-ITGYJ,Female,0,Yes,Yes,45,Yes,Yes,No,No internet service,No internet service,No internet service,No internet service,No internet service,No internet service,Two year,Yes,Bank transfer (automatic),24.65,1138.8,No,0.011190656020755153,Low,Continue regular customer engagement,"cat__InternetService_DSL, cat__MultipleLines_No, cat__PaperlessBilling_No",0.0
9107-UKCKY,Male,0,Yes,No,61,Yes,Yes,DSL,No,Yes,Yes,No,Yes,Yes,One year,Yes,Electronic check,79.8,4914.8,No,0.11637108777523991,Low,Continue regular customer engagement,"num__TotalCharges, cat__PaymentMethod_Electronic check, cat__Contract_Two year",0.0
6848-HJTXY,Female,0,Yes,No,64,Yes,No,No,No internet service,No internet service,No internet service,No internet service,No internet service,No internet service,Two year,No,Credit card (automatic),19.45,1208.6,No,0.0026526286145891714,Low,Continue regular customer engagement,"cat__InternetService_DSL, cat__OnlineSecurity_Yes, cat__Partner_No",0.0
4184-VODJZ,Male,0,Yes,Yes,63,Yes,Yes,Fiber optic,No,Yes,No,No,No,Yes,One year,Yes,Electronic check,91.35,5764.7,No,0.1775499340635358,Low,Continue regular customer engagement,"num__TotalCharges, cat__InternetService_Fiber optic, cat__PaymentMethod_Electronic check",0.0
4846-WHAFZ,Female,1,Yes,No,37,Yes,Yes,Fiber optic,No,No,No,No,No,No,Month-to-month,Yes,Electronic check,76.5,2868.15,Yes,0.5294265992757221,Medium,Targeted engagement and personalized offer,"cat__Contract_Month-to-month, num__TotalCharges, cat__InternetService_Fiber optic",0.0
8735-SDUFN,Female,1,Yes,No,72,Yes,Yes,No,No internet service,No internet service,No internet service,No internet service,No internet service,No internet service,Two year,No,Bank transfer (automatic),24.3,1778.7,No,0.0031733491079609724,Low,Continue regular customer engagement,"cat__InternetService_DSL, num__SeniorCitizen, cat__MultipleLines_No",0.0
0839-JTCUD,Female,0,Yes,Yes,66,Yes,Yes,DSL,Yes,Yes,Yes,Yes,Yes,Yes,Two year,No,Credit card (automatic),89.9,5958.85,No,0.010635605492964823,Low,Continue regular customer engagement,"num__TotalCharges, cat__MultipleLines_No, cat__StreamingTV_Yes",0.0
6857-VWJDT,Female,0,No,No,1,Yes,Yes,Fiber optic,No,No,No,No,Yes,Yes,Month-to-month,No,Mailed check,95.65,95.65,Yes,0.7079936585318002,High,Immediate retention offer and customer support follow-up,"num__tenure, cat__Contract_Month-to-month, cat__InternetService_Fiber optic",95.65
7363-QTBIW,Female,0,Yes,No,9,Yes,No,Fiber optic,No,No,No,No,No,Yes,Month-to-month,Yes,Electronic check,79.75,769.1,No,0.7001864406269007,High,Immediate retention offer and customer support follow-up,"num__tenure, cat__Contract_Month-to-month, cat__InternetService_Fiber optic",79.75
6158-HDPXZ,Male,0,No,No,1,No,No phone service,DSL,No,No,No,No,No,No,Month-to-month,No,Mailed check,25.35,25.35,No,0.4969284521531815,Medium,Targeted engagement and personalized offer,"num__tenure, cat__Contract_Month-to-month, cat__PhoneService_Yes",0.0
5419-CONWX,Female,1,No,No,4,Yes,No,Fiber optic,No,Yes,Yes,No,Yes,Yes,Month-to-month,Yes,Credit card (automatic),99.8,442.85,Yes,0.674585392715174,Medium,Targeted engagement and personalized offer,"num__tenure, cat__Contract_Month-to-month, cat__InternetService_Fiber optic",0.0
9286-DOJGF,Female,1,Yes,No,38,Yes,Yes,Fiber optic,No,No,No,No,No,No,Month-to-month,Yes,Bank transfer (automatic),74.95,2869.85,Yes,0.42133156995664023,Medium,Targeted engagement and personalized offer,"cat__Contract_Month-to-month, num__TotalCharges, cat__InternetService_Fiber optic",0.0
2408-PSJVE,Male,0,Yes,Yes,44,Yes,No,DSL,No,Yes,Yes,Yes,No,No,Month-to-month,Yes,Mailed check,61.9,2924.05,No,0.07097359296536243,Low,Continue regular customer engagement,"cat__Contract_Month-to-month, num__TotalCharges, cat__Contract_Two year",0.0
2087-QAREY,Female,0,Yes,No,22,Yes,No,DSL,No,Yes,Yes,No,No,No,Month-to-month,Yes,Mailed check,54.7,1178.75,No,0.22016943298822536,Low,Continue regular customer engagement,"num__tenure, cat__Contract_Month-to-month, cat__Contract_Two year",0.0
6777-TGHTM,Female,0,No,No,53,Yes,Yes,Fiber optic,Yes,No,Yes,No,Yes,Yes,One year,Yes,Credit card (automatic),106.95,5785.5,Yes,0.21334675508580633,Low,Continue regular customer engagement,"num__TotalCharges, cat__InternetService_Fiber optic, cat__Contract_Two year",0.0
6507-ZJSUR,Male,1,Yes,No,23,Yes,No,Fiber optic,No,No,No,No,Yes,Yes,Month-to-month,Yes,Electronic check,90.45,2117.25,No,0.6965093594378762,Medium,Targeted engagement and personalized offer,"num__tenure, cat__Contract_Month-to-month, cat__InternetService_Fiber optic",0.0
5025-GOOKI,Female,0,No,No,20,Yes,No,No,No internet service,No internet service,No internet service,No internet service,No internet service,No internet service,Month-to-month,Yes,Credit card (automatic),18.9,347.65,No,0.10999186502355734,Low,Continue regular customer engagement,"num__tenure, cat__Contract_Month-to-month, cat__Contract_Two year",0.0
6080-LNESI,Male,0,No,No,51,Yes,Yes,No,No internet service,No internet service,No internet service,No internet service,No internet service,No internet service,Two year,No,Mailed check,24.75,1234.6,No,0.0077446065482683814,Low,Continue regular customer engagement,"cat__InternetService_DSL, cat__MultipleLines_No, cat__OnlineSecurity_Yes",0.0
2236-HILPA,Male,0,Yes,Yes,62,Yes,No,No,No internet service,No internet service,No internet service,No internet service,No internet service,No internet service,Two year,No,Credit card (automatic),20.65,1218.45,No,0.0024032787539213217,Low,Continue regular customer engagement,"cat__InternetService_DSL, cat__OnlineSecurity_Yes, cat__Partner_No",0.0
1386-ZIKUV,Male,0,No,No,7,Yes,No,No,No internet service,No internet service,No internet service,No internet service,No internet service,No internet service,Month-to-month,Yes,Mailed check,18.95,130.55,No,0.2080254723427748,Low,Continue regular customer engagement,"num__tenure, cat__Contract_Month-to-month, cat__Contract_Two year",0.0
3365-SAIGS,Female,0,No,No,17,Yes,No,Fiber optic,No,Yes,No,No,Yes,No,Month-to-month,Yes,Electronic check,83.55,1329.15,No,0.5900754891202046,Medium,Targeted engagement and personalized offer,"num__tenure, cat__Contract_Month-to-month, cat__InternetService_Fiber optic",0.0
6061-GWWAV,Male,0,No,Yes,41,Yes,No,DSL,Yes,Yes,Yes,No,Yes,No,One year,No,Mailed check,70.2,2894.55,No,0.03396088775539545,Low,Continue regular customer engagement,"num__TotalCharges, cat__Contract_Two year, cat__TechSupport_No",0.0
9979-RGMZT,Female,0,No,No,7,Yes,No,Fiber optic,No,Yes,No,No,Yes,Yes,One year,Yes,Mailed check,94.05,633.45,No,0.4790223951332149,Medium,Targeted engagement and personalized offer,"num__tenure, cat__InternetService_Fiber optic, cat__Contract_Two year",0.0
8445-DNBAE,Male,0,No,Yes,1,Yes,Yes,DSL,No,No,No,No,No,No,Month-to-month,Yes,Electronic check,50.05,50.05,No,0.5379610094609995,Medium,Targeted engagement and personalized offer,"num__tenure, cat__Contract_Month-to-month, cat__PaymentMethod_Electronic check",0.0
6872-HXFNF,Female,0,Yes,No,64,Yes,Yes,DSL,No,No,Yes,Yes,No,No,One year,No,Bank transfer (automatic),58.35,3756.45,No,0.02011093986548418,Low,Continue regular customer engagement,"num__TotalCharges, cat__Contract_Two year, cat__MultipleLines_No",0.0
1320-HTRDR,Female,0,No,No,3,Yes,Yes,Fiber optic,No,No,No,No,No,No,Month-to-month,Yes,Electronic check,75.5,220.6,Yes,0.7451166027159686,High,Immediate retention offer and customer support follow-up,"num__tenure, cat__Contract_Month-to-month, cat__InternetService_Fiber optic",75.5
3923-CSIHK,Female,1,Yes,No,50,Yes,No,Fiber optic,No,No,No,No,No,No,Month-to-month,Yes,Electronic check,71.05,3444.85,Yes,0.3299515304503703,Low,Continue regular customer engagement,"num__TotalCharges, cat__Contract_Month-to-month, cat__InternetService_Fiber optic",0.0
2446-ZKVAF,Male,0,Yes,No,18,Yes,Yes,DSL,No,Yes,No,No,No,No,Month-to-month,No,Credit card (automatic),56.8,1074.65,No,0.2325862826485117,Low,Continue regular customer engagement,"num__tenure, cat__Contract_Month-to-month, cat__Contract_Two year",0.0
4640-UHDOS,Female,0,Yes,Yes,13,Yes,No,DSL,No,No,No,No,No,Yes,Month-to-month,No,Electronic check,55.95,734.35,Yes,0.3216077160525817,Low,Continue regular customer engagement,"num__tenure, cat__Contract_Month-to-month, cat__PaymentMethod_Electronic check",0.0
5457-COLHT,Male,0,Yes,Yes,69,Yes,No,DSL,Yes,Yes,No,Yes,Yes,Yes,Two year,No,Bank transfer (automatic),80.65,5542.55,No,0.006771755963640402,Low,Continue regular customer engagement,"num__TotalCharges, cat__StreamingTV_Yes, cat__StreamingMovies_Yes",0.0
2254-DLXRI,Female,0,No,No,1,Yes,Yes,Fiber optic,No,Yes,No,No,No,No,Month-to-month,Yes,Mailed check,79.15,79.15,No,0.6565633895611063,Medium,Targeted engagement and personalized offer,"num__tenure, cat__Contract_Month-to-month, cat__InternetService_Fiber optic",0.0
5339-PXDVH,Male,0,No,No,4,Yes,Yes,Fiber optic,Yes,No,No,No,Yes,No,Month-to-month,No,Electronic check,90.65,367.95,No,0.6203368046096395,Medium,Targeted engagement and personalized offer,"num__tenure, cat__Contract_Month-to-month, cat__InternetService_Fiber optic",0.0
2386-LAHRK,Male,0,No,No,1,Yes,No,DSL,No,No,No,No,Yes,No,Month-to-month,Yes,Mailed check,53.5,53.5,Yes,0.49877512155826975,Medium,Targeted engagement and personalized offer,"num__tenure, cat__Contract_Month-to-month, cat__Contract_Two year",0.0
5062-CJJKH,Male,0,Yes,Yes,25,Yes,No,DSL,No,Yes,Yes,No,No,No,One year,No,Mailed check,53.65,1355.45,No,0.06575419618294147,Low,Continue regular customer engagement,"num__tenure, cat__Contract_Two year, cat__OnlineSecurity_No",0.0
8930-XOTDP,Female,0,Yes,Yes,18,Yes,No,DSL,No,No,No,No,Yes,No,Month-to-month,No,Mailed check,55.95,1082.8,No,0.2246236914071375,Low,Continue regular customer engagement,"num__tenure, cat__Contract_Month-to-month, cat__Contract_Two year",0.0
4779-ZGICK,Male,0,Yes,Yes,48,Yes,Yes,No,No internet service,No internet service,No internet service,No internet service,No internet service,No internet service,Two year,No,Mailed check,23.55,1173.35,No,0.007280740947753671,Low,Continue regular customer engagement,"cat__InternetService_DSL, cat__MultipleLines_No, cat__OnlineSecurity_Yes",0.0
9534-NSXEM,Male,0,No,No,26,Yes,No,No,No internet service,No internet service,No internet service,No internet service,No internet service,No internet service,One year,Yes,Credit card (automatic),20.65,595.5,No,0.04642123982083155,Low,Continue regular customer engagement,"num__tenure, cat__Contract_Two year, cat__InternetService_DSL",0.0
3716-BDVDB,Male,0,No,No,1,Yes,No,Fiber optic,No,No,No,No,No,No,Month-to-month,Yes,Electronic check,69.1,69.1,Yes,0.7063729176548416,High,Immediate retention offer and customer support follow-up,"num__tenure, cat__Contract_Month-to-month, cat__InternetService_Fiber optic",69.1
9842-EFSYY,Female,0,No,Yes,4,No,No phone service,DSL,Yes,Yes,Yes,No,Yes,Yes,Month-to-month,Yes,Mailed check,57.2,223.75,No,0.44193936866149347,Medium,Targeted engagement and personalized offer,"num__tenure, cat__Contract_Month-to-month, cat__PhoneService_Yes",0.0
9122-UMROB,Male,0,No,No,1,Yes,No,No,No internet service,No internet service,No internet service,No internet service,No internet service,No internet service,Month-to-month,No,Mailed check,20.3,20.3,No,0.19565898013010474,Low,Continue regular customer engagement,"num__tenure, cat__Contract_Month-to-month, cat__Contract_Two year",0.0
1867-BDVFH,Male,0,Yes,Yes,11,Yes,Yes,Fiber optic,No,No,No,No,No,No,Month-to-month,Yes,Electronic check,74.35,834.2,Yes,0.6501908388931813,Medium,Targeted engagement and personalized offer,"num__tenure, cat__Contract_Month-to-month, cat__InternetService_Fiber optic",0.0
5949-EBSQK,Male,0,Yes,Yes,4,Yes,No,DSL,No,No,No,Yes,No,Yes,Month-to-month,No,Credit card (automatic),61.45,229.55,Yes,0.2372318232203651,Low,Continue regular customer engagement,"num__tenure, cat__Contract_Month-to-month, cat__Contract_Two year",0.0
4160-AMJTL,Female,1,No,No,8,Yes,No,No,No internet service,No internet service,No internet service,No internet service,No internet service,No internet service,Month-to-month,No,Electronic check,19.65,164.3,Yes,0.2126725476442371,Low,Continue regular customer engagement,"num__tenure, cat__Contract_Month-to-month, cat__PaymentMethod_Electronic check",0.0
8622-ZLFKO,Female,0,Yes,No,6,Yes,Yes,Fiber optic,No,Yes,No,No,No,Yes,Month-to-month,Yes,Electronic check,90.75,512.25,No,0.7399291933601928,High,Immediate retention offer and customer support follow-up,"num__tenure, cat__Contract_Month-to-month, cat__InternetService_Fiber optic",90.75
2990-IAJSV,Male,0,No,No,72,Yes,Yes,DSL,Yes,Yes,Yes,Yes,Yes,Yes,Two year,No,Bank transfer (automatic),92.0,6632.75,No,0.011888157458564988,Low,Continue regular customer engagement,"num__TotalCharges, cat__MultipleLines_No, cat__StreamingTV_Yes",0.0
6064-ZATLR,Female,0,No,No,27,Yes,No,DSL,Yes,Yes,No,No,No,No,Two year,No,Bank transfer (automatic),52.85,1498.65,No,0.025092762827822662,Low,Continue regular customer engagement,"num__tenure, cat__TechSupport_No, cat__Dependents_Yes",0.0
7409-KIUTL,Female,1,No,Yes,1,Yes,No,Fiber optic,No,No,No,No,No,No,Month-to-month,Yes,Electronic check,71.0,71,Yes,0.6846082300779385,Medium,Targeted engagement and personalized offer,"num__tenure, cat__Contract_Month-to-month, cat__InternetService_Fiber optic",0.0
5505-OVWQW,Female,0,No,No,17,Yes,No,No,No internet service,No internet service,No internet service,No internet service,No internet service,No internet service,One year,No,Mailed check,20.15,353.65,No,0.05220581465195531,Low,Continue regular customer engagement,"num__tenure, cat__Contract_Two year, cat__InternetService_DSL",0.0
3948-KXDUF,Male,0,No,No,66,Yes,Yes,DSL,Yes,Yes,Yes,Yes,No,No,Two year,No,Bank transfer (automatic),68.75,4447.55,No,0.006092522274150895,Low,Continue regular customer engagement,"num__TotalCharges, cat__MultipleLines_No, cat__Dependents_Yes",0.0
9814-AOUDH,Male,0,No,No,53,Yes,No,No,No internet service,No internet service,No internet service,No internet service,No internet service,No internet service,Two year,No,Credit card (automatic),19.5,1050.5,No,0.004559418142029334,Low,Continue regular customer engagement,"cat__InternetService_DSL, cat__OnlineSecurity_Yes, cat__Dependents_Yes",0.0
7398-LXGYX,Male,0,Yes,No,44,Yes,Yes,Fiber optic,Yes,No,Yes,No,No,No,Month-to-month,Yes,Credit card (automatic),84.8,3626.35,No,0.25526008855873294,Low,Continue regular customer engagement,"num__TotalCharges, cat__Contract_Month-to-month, cat__InternetService_Fiber optic",0.0
5266-PFRQK,Male,0,Yes,Yes,52,Yes,No,No,No internet service,No internet service,No internet service,No internet service,No internet service,No internet service,One year,Yes,Credit card (automatic),20.85,1071.6,No,0.011065992353753664,Low,Continue regular customer engagement,"cat__Contract_Two year, cat__InternetService_DSL, cat__PaperlessBilling_No",0.0
1568-BEKZM,Male,1,Yes,No,70,Yes,Yes,DSL,Yes,Yes,Yes,Yes,Yes,Yes,Two year,No,Credit card (automatic),90.05,6333.4,No,0.014029354606737232,Low,Continue regular customer engagement,"num__TotalCharges, num__SeniorCitizen, cat__MultipleLines_No",0.0
2692-PFYTJ,Female,0,No,No,1,Yes,Yes,No,No internet service,No internet service,No internet service,No internet service,No internet service,No internet service,Month-to-month,Yes,Mailed check,25.75,25.75,No,0.3139968561475375,Low,Continue regular customer engagement,"num__tenure, cat__Contract_Month-to-month, cat__Contract_Two year",0.0
2533-QVMSK,Male,0,Yes,No,61,Yes,Yes,Fiber optic,No,Yes,No,Yes,Yes,No,Two year,Yes,Electronic check,94.1,5638.3,Yes,0.09260882986188936,Low,Continue regular customer engagement,"num__TotalCharges, cat__InternetService_Fiber optic, cat__PaymentMethod_Electronic check",0.0
5828-AVIPD,Male,0,Yes,Yes,19,Yes,Yes,Fiber optic,No,No,No,Yes,Yes,Yes,One year,Yes,Electronic check,100.95,1875.55,Yes,0.45297700913076816,Medium,Targeted engagement and personalized offer,"num__tenure, cat__InternetService_Fiber optic, cat__PaymentMethod_Electronic check",0.0
2907-ILJBN,Female,0,Yes,Yes,11,Yes,No,No,No internet service,No internet service,No internet service,No internet service,No internet service,No internet service,One year,No,Mailed check,20.6,233.9,No,0.05648141508370062,Low,Continue regular customer engagement,"num__tenure, cat__Contract_Two year, cat__InternetService_DSL",0.0
5226-NOZFC,Male,0,No,No,26,Yes,No,Fiber optic,No,Yes,No,No,Yes,No,Month-to-month,Yes,Electronic check,85.75,2146.5,No,0.5295523343638445,Medium,Targeted engagement and personalized offer,"cat__Contract_Month-to-month, num__tenure, cat__InternetService_Fiber optic",0.0
7114-AEOZE,Female,0,No,No,60,Yes,No,No,No internet service,No internet service,No internet service,No internet service,No internet service,No internet service,Two year,No,Bank transfer (automatic),19.85,1128.1,No,0.0032352659783238787,Low,Continue regular customer engagement,"cat__InternetService_DSL, cat__OnlineSecurity_Yes, cat__Dependents_Yes",0.0
2202-CUYXZ,Male,0,No,No,1,Yes,No,Fiber optic,No,No,Yes,No,Yes,No,Month-to-month,Yes,Electronic check,84.85,84.85,Yes,0.7404177339534375,High,Immediate retention offer and customer support follow-up,"num__tenure, cat__Contract_Month-to-month, cat__InternetService_Fiber optic",84.85
3466-RITXD,Male,0,No,No,26,Yes,Yes,Fiber optic,Yes,Yes,No,No,Yes,No,Month-to-month,Yes,Credit card (automatic),92.4,2349.8,No,0.40405174415786616,Medium,Targeted engagement and personalized offer,"cat__Contract_Month-to-month, num__tenure, cat__InternetService_Fiber optic",0.0
7278-CKDNC,Male,1,No,No,24,Yes,Yes,Fiber optic,No,Yes,No,No,No,No,Month-to-month,Yes,Electronic check,80.5,2088.45,No,0.605196423444447,Medium,Targeted engagement and personalized offer,"num__tenure, cat__Contract_Month-to-month, cat__InternetService_Fiber optic",0.0
1956-YIFGE,Male,0,Yes,Yes,22,Yes,No,Fiber optic,No,Yes,Yes,No,Yes,Yes,One year,Yes,Mailed check,100.05,2090.25,No,0.32406060666661796,Low,Continue regular customer engagement,"num__tenure, cat__InternetService_Fiber optic, cat__Contract_Two year",0.0
0422-UXFAP,Female,0,Yes,No,51,Yes,Yes,Fiber optic,No,No,Yes,No,Yes,Yes,One year,Yes,Electronic check,98.85,4947.55,No,0.3651356746957073,Low,Continue regular customer engagement,"num__TotalCharges, cat__InternetService_Fiber optic, cat__PaymentMethod_Electronic check",0.0
3733-UOCWF,Male,1,Yes,No,61,Yes,Yes,Fiber optic,No,Yes,No,Yes,No,No,One year,Yes,Bank transfer (automatic),85.55,5251.75,No,0.10355244475590841,Low,Continue regular customer engagement,"num__TotalCharges, cat__InternetService_Fiber optic, cat__Contract_Two year",0.0
7191-ADRGF,Male,0,Yes,No,44,No,No phone service,DSL,No,Yes,Yes,No,Yes,Yes,Two year,No,Bank transfer (automatic),54.3,2390.45,No,0.05200397428740432,Low,Continue regular customer engagement,"cat__PhoneService_Yes, cat__MultipleLines_No, num__TotalCharges",0.0
5709-LVOEQ,Female,0,Yes,Yes,0,Yes,No,DSL,Yes,Yes,Yes,No,Yes,Yes,Two year,No,Mailed check,80.85, ,No,0.08547177012710801,Low,Continue regular customer engagement,"num__tenure, cat__TechSupport_No, cat__StreamingTV_Yes",0.0
6034-YMTOB,Female,0,No,No,5,Yes,No,Fiber optic,No,No,No,Yes,No,No,Month-to-month,Yes,Mailed check,75.65,399.45,No,0.5086877635183361,Medium,Targeted engagement and personalized offer,"num__tenure, cat__Contract_Month-to-month, cat__InternetService_Fiber optic",0.0
6372-RFVNS,Female,0,Yes,No,1,Yes,No,Fiber optic,No,No,No,No,Yes,No,Month-to-month,No,Electronic check,78.8,78.8,Yes,0.6737800629998493,Medium,Targeted engagement and personalized offer,"num__tenure, cat__Contract_Month-to-month, cat__InternetService_Fiber optic",0.0
9052-DHNKM,Male,0,No,No,26,Yes,Yes,DSL,Yes,Yes,No,No,No,No,One year,No,Electronic check,61.55,1581.95,No,0.09729927171457577,Low,Continue regular customer engagement,"num__tenure, cat__PaymentMethod_Electronic check, cat__Contract_Two year",0.0
5609-IMCGG,Female,0,No,No,15,Yes,Yes,Fiber optic,Yes,No,Yes,No,No,No,Month-to-month,Yes,Credit card (automatic),84.35,1302.65,No,0.4569347913790387,Medium,Targeted engagement and personalized offer,"num__tenure, cat__Contract_Month-to-month, cat__InternetService_Fiber optic",0.0
2959-MJHIC,Male,0,Yes,No,4,Yes,No,Fiber optic,No,No,No,No,Yes,No,Month-to-month,Yes,Electronic check,80.35,307.4,Yes,0.7339589120106677,High,Immediate retention offer and customer support follow-up,"num__tenure, cat__Contract_Month-to-month, cat__InternetService_Fiber optic",80.35
1319-YLZJG,Male,0,Yes,No,12,Yes,No,Fiber optic,Yes,Yes,Yes,No,No,No,Month-to-month,Yes,Electronic check,84.6,959.9,No,0.47319789648277094,Medium,Targeted engagement and personalized offer,"num__tenure, cat__Contract_Month-to-month, cat__InternetService_Fiber optic",0.0
7623-TRNQN,Male,0,No,Yes,1,Yes,No,DSL,No,No,No,Yes,No,No,Month-to-month,Yes,Mailed check,49.9,49.9,Yes,0.30452227187297065,Low,Continue regular customer engagement,"num__tenure, cat__Contract_Month-to-month, cat__Contract_Two year",0.0
0377-JBKKT,Male,0,Yes,Yes,22,Yes,No,DSL,Yes,Yes,No,Yes,No,No,Month-to-month,Yes,Mailed check,57.95,1271.8,No,0.09849266438886338,Low,Continue regular customer engagement,"num__tenure, cat__Contract_Month-to-month, cat__Contract_Two year",0.0
1936-CZAKF,Male,0,Yes,No,49,No,No phone service,DSL,No,Yes,No,No,Yes,Yes,Two year,No,Credit card (automatic),49.65,2409.9,No,0.041120050690774734,Low,Continue regular customer engagement,"cat__PhoneService_Yes, num__TotalCharges, cat__MultipleLines_No",0.0
5063-IUOKK,Male,0,No,No,13,Yes,No,No,No internet service,No internet service,No internet service,No internet service,No internet service,No internet service,Two year,No,Mailed check,19.75,265.75,No,0.03360659392327101,Low,Continue regular customer engagement,"num__tenure, cat__InternetService_DSL, cat__OnlineSecurity_Yes",0.0
8646-JCOMS,Female,0,Yes,No,66,Yes,Yes,Fiber optic,No,Yes,Yes,Yes,No,No,One year,Yes,Bank transfer (automatic),90.55,6130.95,No,0.08256582874980986,Low,Continue regular customer engagement,"num__TotalCharges, cat__InternetService_Fiber optic, cat__Contract_Two year",0.0
0979-MOZQI,Male,0,Yes,No,62,No,No phone service,DSL,No,No,No,Yes,Yes,No,Two year,Yes,Bank transfer (automatic),39.0,2337.45,No,0.020283626115064953,Low,Continue regular customer engagement,"cat__PhoneService_Yes, cat__MultipleLines_No, cat__PaperlessBilling_No",0.0
1525-LNLOJ,Male,0,Yes,Yes,66,Yes,Yes,DSL,No,No,Yes,No,Yes,No,Two year,Yes,Bank transfer (automatic),63.3,4189.7,No,0.021885445459971547,Low,Continue regular customer engagement,"num__TotalCharges, cat__MultipleLines_No, cat__PaperlessBilling_No",0.0
5759-RCVCB,Female,0,No,No,3,No,No phone service,DSL,No,No,No,No,Yes,No,Month-to-month,No,Credit card (automatic),35.2,108.95,Yes,0.49940439896941735,Medium,Targeted engagement and personalized offer,"num__tenure, cat__Contract_Month-to-month, cat__PhoneService_Yes",0.0
9968-FFVVH,Male,0,No,No,63,Yes,Yes,DSL,Yes,Yes,Yes,Yes,No,No,One year,No,Bank transfer (automatic),68.8,4111.35,No,0.012729731560587829,Low,Continue regular customer engagement,"num__TotalCharges, cat__Contract_Two year, cat__MultipleLines_No",0.0
2266-FUBDZ,Male,0,Yes,Yes,15,Yes,No,No,No internet service,No internet service,No internet service,No internet service,No internet service,No internet service,Two year,No,Mailed check,19.35,278.85,No,0.024881191577270114,Low,Continue regular customer engagement,"num__tenure, cat__InternetService_DSL, cat__OnlineSecurity_Yes",0.0
4760-THGOT,Female,0,Yes,No,43,Yes,Yes,Fiber optic,Yes,Yes,No,No,No,Yes,Month-to-month,Yes,Electronic check,94.1,4107.3,No,0.39594780019286496,Low,Continue regular customer engagement,"num__TotalCharges, cat__Contract_Month-to-month, cat__InternetService_Fiber optic",0.0
2307-FYNNL,Male,1,No,No,65,Yes,Yes,Fiber optic,Yes,No,Yes,Yes,Yes,Yes,Two year,Yes,Electronic check,109.05,7108.2,No,0.11164268853455624,Low,Continue regular customer engagement,"num__TotalCharges, cat__InternetService_Fiber optic, cat__PaymentMethod_Electronic check",0.0
1143-NMNQJ,Female,0,No,No,2,Yes,Yes,Fiber optic,No,No,No,No,No,Yes,Month-to-month,Yes,Electronic check,85.7,169.8,Yes,0.7900038092503532,High,Immediate retention offer and customer support follow-up,"num__tenure, cat__Contract_Month-to-month, cat__InternetService_Fiber optic",85.7
1629-DQQVB,Female,0,No,No,14,Yes,No,DSL,Yes,No,No,No,No,No,Month-to-month,No,Bank transfer (automatic),50.1,709.5,No,0.16463897624031032,Low,Continue regular customer engagement,"num__tenure, cat__Contract_Month-to-month, cat__Contract_Two year",0.0
3766-EJLFL,Female,0,Yes,Yes,68,Yes,Yes,Fiber optic,Yes,No,Yes,Yes,Yes,Yes,Two year,Yes,Bank transfer (automatic),109.05,7508.55,No,0.052932791314251396,Low,Continue regular customer engagement,"num__TotalCharges, cat__InternetService_Fiber optic, cat__InternetService_DSL",0.0
8457-XIGKN,Male,0,No,No,20,Yes,No,No,No internet service,No internet service,No internet service,No internet service,No internet service,No internet service,Month-to-month,Yes,Credit card (automatic),19.6,356.15,No,0.1122732260508278,Low,Continue regular customer engagement,"num__tenure, cat__Contract_Month-to-month, cat__Contract_Two year",0.0
4981-FLTMF,Female,0,Yes,Yes,57,Yes,Yes,DSL,Yes,Yes,No,Yes,No,No,Month-to-month,No,Bank transfer (automatic),65.2,3687.85,No,0.025957888195932147,Low,Continue regular customer engagement,"num__TotalCharges, cat__Contract_Month-to-month, cat__Contract_Two year",0.0
7606-BPHHN,Male,0,No,No,72,Yes,No,No,No internet service,No internet service,No internet service,No internet service,No internet service,No internet service,Two year,Yes,Credit card (automatic),19.8,1468.75,No,0.0026711813101602732,Low,Continue regular customer engagement,"cat__InternetService_DSL, cat__PaperlessBilling_No, cat__OnlineSecurity_Yes",0.0
7005-CCBKV,Male,0,No,No,6,Yes,No,Fiber optic,No,Yes,No,No,No,Yes,Month-to-month,Yes,Electronic check,84.4,556.35,Yes,0.6838793494251172,Medium,Targeted engagement and personalized offer,"num__tenure, cat__Contract_Month-to-month, cat__InternetService_Fiber optic",0.0
4648-YPBTM,Male,0,No,No,53,Yes,Yes,DSL,No,Yes,Yes,Yes,No,Yes,Two year,Yes,Bank transfer (automatic),73.9,3958.25,No,0.028827082076274328,Low,Continue regular customer engagement,"num__TotalCharges, cat__MultipleLines_No, cat__PaperlessBilling_No",0.0
2325-ZUSFD,Female,0,Yes,Yes,57,Yes,No,DSL,Yes,No,No,No,Yes,Yes,One year,Yes,Bank transfer (automatic),70.1,3913.3,Yes,0.0393445586253178,Low,Continue regular customer engagement,"num__TotalCharges, cat__Contract_Two year, cat__PaperlessBilling_No",0.0
1240-KNSEZ,Male,0,No,No,1,Yes,No,No,No internet service,No internet service,No internet service,No internet service,No internet service,No internet service,Month-to-month,Yes,Mailed check,20.1,20.1,Yes,0.2602055547991906,Low,Continue regular customer engagement,"num__tenure, cat__Contract_Month-to-month, cat__Contract_Two year",0.0
0430-IHCDJ,Male,0,No,No,15,Yes,Yes,DSL,No,No,No,No,No,No,Month-to-month,Yes,Electronic check,49.0,749.25,No,0.45413743380175886,Medium,Targeted engagement and personalized offer,"num__tenure, cat__Contract_Month-to-month, cat__PaymentMethod_Electronic check",0.0
7957-RYHQD,Female,1,No,No,40,Yes,No,Fiber optic,Yes,Yes,No,No,No,No,Month-to-month,Yes,Credit card (automatic),79.2,3233.85,Yes,0.2187262310589588,Low,Continue regular customer engagement,"num__TotalCharges, cat__Contract_Month-to-month, cat__InternetService_Fiber optic",0.0
6164-HAQTX,Male,0,No,No,71,No,No phone service,DSL,Yes,Yes,Yes,Yes,Yes,No,Two year,No,Bank transfer (automatic),53.95,3888.65,No,0.0066992652967793965,Low,Continue regular customer engagement,"num__TotalCharges, cat__PhoneService_Yes, cat__MultipleLines_No",0.0
0749-IRGQE,Female,1,Yes,No,13,No,No phone service,DSL,No,No,No,No,Yes,Yes,Month-to-month,No,Electronic check,45.3,528.45,No,0.59048363934152,Medium,Targeted engagement and personalized offer,"num__tenure, cat__Contract_Month-to-month, cat__PhoneService_Yes",0.0
1227-UDMZR,Female,0,Yes,No,72,Yes,Yes,DSL,Yes,Yes,Yes,Yes,Yes,Yes,Two year,Yes,Bank transfer (automatic),91.15,6637.9,No,0.01716344885372891,Low,Continue regular customer engagement,"num__TotalCharges, cat__MultipleLines_No, cat__PaperlessBilling_No",0.0
5473-KHBPS,Female,0,Yes,Yes,52,Yes,Yes,Fiber optic,No,Yes,Yes,No,Yes,No,One year,Yes,Credit card (automatic),95.7,4976.15,No,0.1638655664921505,Low,Continue regular customer engagement,"num__TotalCharges, cat__InternetService_Fiber optic, cat__Contract_Two year",0.0
5297-MDOIR,Female,0,Yes,No,63,Yes,No,Fiber optic,Yes,No,Yes,No,No,No,One year,Yes,Credit card (automatic),81.15,5224.5,No,0.06488930103547232,Low,Continue regular customer engagement,"num__TotalCharges, cat__InternetService_Fiber optic, cat__Contract_Two year",0.0
8873-TMKGR,Male,0,No,No,29,Yes,No,No,No internet service,No internet service,No internet service,No internet service,No internet service,No internet service,One year,No,Mailed check,19.1,529.5,No,0.030073114992760892,Low,Continue regular customer engagement,"cat__Contract_Two year, cat__InternetService_DSL, num__tenure",0.0
6481-ESCNL,Female,0,No,No,29,Yes,Yes,Fiber optic,No,No,Yes,No,Yes,Yes,Month-to-month,No,Bank transfer (automatic),100.55,2878.75,No,0.5013778031893734,Medium,Targeted engagement and personalized offer,"cat__Contract_Month-to-month, num__TotalCharges, cat__InternetService_Fiber optic",0.0
0463-WZZKO,Male,0,No,No,3,Yes,No,No,No internet service,No internet service,No internet service,No internet service,No internet service,No internet service,Month-to-month,Yes,Credit card (automatic),20.75,67.1,No,0.22532187594602027,Low,Continue regular customer engagement,"num__tenure, cat__Contract_Month-to-month, cat__Contract_Two year",0.0
1038-RQOST,Male,0,Yes,Yes,19,Yes,No,No,No internet service,No internet service,No internet service,No internet service,No internet service,No internet service,Month-to-month,No,Mailed check,20.6,414.95,No,0.07742073818533612,Low,Continue regular customer engagement,"num__tenure, cat__Contract_Month-to-month, cat__Contract_Two year",0.0
4937-QPZPO,Male,0,Yes,Yes,61,Yes,Yes,Fiber optic,No,No,Yes,No,Yes,Yes,One year,Yes,Electronic check,99.9,6241.35,No,0.27730864243086784,Low,Continue regular customer engagement,"num__TotalCharges, cat__InternetService_Fiber optic, cat__PaymentMethod_Electronic check",0.0
3604-WLABM,Female,0,No,No,10,Yes,No,DSL,No,No,Yes,Yes,No,No,Month-to-month,No,Electronic check,54.25,583,No,0.257832024259065,Low,Continue regular customer engagement,"num__tenure, cat__Contract_Month-to-month, cat__PaymentMethod_Electronic check",0.0
1360-XFJMR,Female,0,Yes,No,67,Yes,Yes,Fiber optic,No,Yes,Yes,Yes,Yes,Yes,One year,Yes,Credit card (automatic),109.7,7344.45,No,0.14788237486245986,Low,Continue regular customer engagement,"num__TotalCharges, cat__InternetService_Fiber optic, cat__Contract_Two year",0.0
8717-VCTXJ,Male,0,No,No,42,Yes,No,No,No internet service,No internet service,No internet service,No internet service,No internet service,No internet service,One year,Yes,Mailed check,19.55,839.4,No,0.02370776199851425,Low,Continue regular customer engagement,"cat__Contract_Two year, cat__InternetService_DSL, cat__PaperlessBilling_No",0.0
5196-SGOAK,Female,0,No,No,1,Yes,No,Fiber optic,No,Yes,No,No,No,No,Month-to-month,Yes,Electronic check,75.7,75.7,Yes,0.6639541501540972,Medium,Targeted engagement and personalized offer,"num__tenure, cat__Contract_Month-to-month, cat__InternetService_Fiber optic",0.0
8739-XNIKG,Female,0,No,No,5,Yes,Yes,Fiber optic,No,No,No,No,Yes,No,Month-to-month,Yes,Electronic check,84.0,424.75,No,0.7738212199068946,High,Immediate retention offer and customer support follow-up,"num__tenure, cat__Contract_Month-to-month, cat__InternetService_Fiber optic",84.0
2320-TZRRH,Female,0,No,No,20,Yes,No,No,No internet service,No internet service,No internet service,No internet service,No internet service,No internet service,One year,No,Mailed check,19.5,403.15,No,0.04537116008561364,Low,Continue regular customer engagement,"num__tenure, cat__Contract_Two year, cat__InternetService_DSL",0.0
5186-SAMNZ,Male,1,No,No,1,Yes,No,Fiber optic,No,No,No,No,No,No,Month-to-month,Yes,Bank transfer (automatic),69.5,69.5,Yes,0.6553197296880651,Medium,Targeted engagement and personalized offer,"num__tenure, cat__Contract_Month-to-month, cat__InternetService_Fiber optic",0.0
5760-FXFVO,Male,0,No,No,6,Yes,No,Fiber optic,Yes,Yes,No,No,No,No,Month-to-month,Yes,Electronic check,78.95,494.95,No,0.5283575372183493,Medium,Targeted engagement and personalized offer,"num__tenure, cat__Contract_Month-to-month, cat__InternetService_Fiber optic",0.0
5380-WJKOV,Male,0,No,No,34,Yes,Yes,Fiber optic,No,Yes,Yes,No,Yes,Yes,Month-to-month,Yes,Electronic check,106.35,3549.25,Yes,0.623996054188759,Medium,Targeted engagement and personalized offer,"num__TotalCharges, cat__Contract_Month-to-month, cat__InternetService_Fiber optic",0.0
4703-MQYKT,Male,0,No,No,21,Yes,No,No,No internet service,No internet service,No internet service,No internet service,No internet service,No internet service,Two year,No,Mailed check,19.6,390.4,No,0.022896587430139857,Low,Continue regular customer engagement,"num__tenure, cat__InternetService_DSL, cat__OnlineSecurity_Yes",0.0
2001-MCUUW,Male,0,No,No,46,Yes,Yes,Fiber optic,No,Yes,Yes,Yes,Yes,Yes,Two year,No,Electronic check,108.65,4903.2,No,0.1302642759930463,Low,Continue regular customer engagement,"num__TotalCharges, cat__InternetService_Fiber optic, cat__PaymentMethod_Electronic check",0.0
4947-DSMXK,Male,0,Yes,Yes,34,Yes,Yes,Fiber optic,No,Yes,No,No,Yes,Yes,Month-to-month,Yes,Bank transfer (automatic),97.7,3410,No,0.48165167700739636,Medium,Targeted engagement and personalized offer,"num__TotalCharges, cat__Contract_Month-to-month, cat__InternetService_Fiber optic",0.0
0076-LVEPS,Male,0,No,Yes,29,No,No phone service,DSL,Yes,Yes,Yes,Yes,No,No,Month-to-month,Yes,Mailed check,45.0,1242.45,No,0.11065693509246133,Low,Continue regular customer engagement,"cat__Contract_Month-to-month, cat__PhoneService_Yes, cat__Contract_Two year",0.0
5566-SOEZD,Male,0,Yes,Yes,27,Yes,No,Fiber optic,Yes,Yes,No,No,No,No,One year,Yes,Credit card (automatic),80.65,2209.75,No,0.133034551622532,Low,Continue regular customer engagement,"cat__InternetService_Fiber optic, num__tenure, cat__Contract_Two year",0.0
7408-OFWXJ,Female,0,Yes,Yes,72,Yes,Yes,DSL,Yes,Yes,Yes,Yes,Yes,Yes,Two year,No,Credit card (automatic),89.8,6510.45,No,0.008930371845896507,Low,Continue regular customer engagement,"num__TotalCharges, cat__MultipleLines_No, cat__StreamingTV_Yes",0.0
1097-FSPVW,Female,0,No,No,42,Yes,No,DSL,Yes,No,Yes,No,No,No,Month-to-month,No,Credit card (automatic),54.55,2455.05,No,0.060710665084115316,Low,Continue regular customer engagement,"cat__Contract_Month-to-month, cat__Contract_Two year, num__TotalCharges",0.0
4412-YLTKF,Female,1,No,No,27,Yes,Yes,Fiber optic,No,No,Yes,No,No,No,Month-to-month,Yes,Electronic check,78.05,2135.5,Yes,0.5965050984800565,Medium,Targeted engagement and personalized offer,"cat__Contract_Month-to-month, cat__InternetService_Fiber optic, num__tenure",0.0
0420-TXVSG,Male,0,Yes,No,66,Yes,Yes,DSL,Yes,Yes,Yes,No,No,No,Two year,Yes,Credit card (automatic),66.1,4428.45,No,0.012660018175141962,Low,Continue regular customer engagement,"num__TotalCharges, cat__MultipleLines_No, cat__PaperlessBilling_No",0.0
7817-BOQPW,Female,0,No,No,2,Yes,Yes,Fiber optic,No,No,No,No,No,No,Month-to-month,Yes,Electronic check,75.55,166.3,Yes,0.7524983059298836,High,Immediate retention offer and customer support follow-up,"num__tenure, cat__Contract_Month-to-month, cat__InternetService_Fiber optic",75.55
0963-ZBDRN,Male,0,No,No,32,Yes,No,Fiber optic,No,No,No,Yes,Yes,Yes,Month-to-month,Yes,Electronic check,96.2,3183.4,Yes,0.5198370999729555,Medium,Targeted engagement and personalized offer,"num__TotalCharges, cat__Contract_Month-to-month, cat__InternetService_Fiber optic",0.0
9685-WKZGT,Male,1,No,No,14,Yes,Yes,Fiber optic,No,No,No,No,No,No,Month-to-month,Yes,Electronic check,74.95,1036.75,Yes,0.7036928472792541,High,Immediate retention offer and customer support follow-up,"num__tenure, cat__Contract_Month-to-month, cat__InternetService_Fiber optic",74.95
2139-FQHLM,Male,0,No,No,19,Yes,No,Fiber optic,No,No,Yes,Yes,Yes,No,Month-to-month,No,Mailed check,89.95,1682.4,No,0.36343466484885895,Low,Continue regular customer engagement,"num__tenure, cat__Contract_Month-to-month, cat__InternetService_Fiber optic",0.0
5825-XJOCM,Male,0,No,Yes,48,Yes,Yes,DSL,Yes,Yes,Yes,No,No,No,One year,Yes,Bank transfer (automatic),64.4,3035.35,No,0.035184318720560576,Low,Continue regular customer engagement,"num__TotalCharges, cat__Contract_Two year, cat__MultipleLines_No",0.0
0004-TLHLJ,Male,0,No,No,4,Yes,No,Fiber optic,No,No,Yes,No,No,No,Month-to-month,Yes,Electronic check,73.9,280.85,Yes,0.6742591357589632,Medium,Targeted engagement and personalized offer,"num__tenure, cat__Contract_Month-to-month, cat__InternetService_Fiber optic",0.0
7529-ZDFXI,Male,1,Yes,No,57,Yes,Yes,Fiber optic,No,Yes,No,No,No,Yes,Month-to-month,Yes,Electronic check,89.85,4925.35,No,0.41106885632851836,Medium,Targeted engagement and personalized offer,"num__TotalCharges, cat__Contract_Month-to-month, cat__InternetService_Fiber optic",0.0
6848-YLDFR,Male,0,Yes,Yes,58,Yes,No,DSL,No,Yes,No,Yes,Yes,Yes,One year,Yes,Credit card (automatic),75.2,4300.8,No,0.036094618323306356,Low,Continue regular customer engagement,"num__TotalCharges, cat__Contract_Two year, cat__PaperlessBilling_No",0.0
5820-PTRYM,Female,1,Yes,No,56,Yes,Yes,DSL,Yes,Yes,Yes,Yes,No,No,One year,Yes,Credit card (automatic),68.45,4014,No,0.028895643191262286,Low,Continue regular customer engagement,"num__TotalCharges, cat__Contract_Two year, num__SeniorCitizen",0.0
2984-RGEYA,Female,0,Yes,Yes,69,Yes,No,No,No internet service,No internet service,No internet service,No internet service,No internet service,No internet service,Two year,No,Bank transfer (automatic),19.75,1375.4,No,0.0017391628784624168,Low,Continue regular customer engagement,"cat__InternetService_DSL, cat__OnlineSecurity_Yes, cat__Partner_No",0.0
6434-TTGJP,Male,0,Yes,Yes,10,No,No phone service,DSL,Yes,Yes,Yes,Yes,No,Yes,Two year,No,Credit card (automatic),53.7,521,No,0.054395515489174345,Low,Continue regular customer engagement,"num__tenure, cat__PhoneService_Yes, cat__MultipleLines_No",0.0
9643-AVVWI,Female,0,Yes,Yes,3,Yes,No,Fiber optic,No,Yes,No,Yes,No,No,Month-to-month,Yes,Electronic check,80.0,241.3,No,0.5078202185125456,Medium,Targeted engagement and personalized offer,"num__tenure, cat__Contract_Month-to-month, cat__InternetService_Fiber optic",0.0
3506-OVLKD,Male,0,No,No,35,Yes,Yes,No,No internet service,No internet service,No internet service,No internet service,No internet service,No internet service,One year,No,Bank transfer (automatic),26.2,954.9,No,0.03029824615464867,Low,Continue regular customer engagement,"cat__Contract_Two year, cat__InternetService_DSL, cat__MultipleLines_No",0.0
4946-EDSEW,Female,0,Yes,Yes,11,Yes,No,No,No internet service,No internet service,No internet service,No internet service,No internet service,No internet service,Month-to-month,Yes,Mailed check,19.25,180.3,Yes,0.14627211345506633,Low,Continue regular customer engagement,"num__tenure, cat__Contract_Month-to-month, cat__Contract_Two year",0.0
2924-KHUVI,Male,0,Yes,No,56,Yes,Yes,Fiber optic,Yes,No,No,No,Yes,Yes,One year,Yes,Electronic check,100.55,5514.95,No,0.262025243985307,Low,Continue regular customer engagement,"num__TotalCharges, cat__InternetService_Fiber optic, cat__PaymentMethod_Electronic check",0.0
2263-SFSQZ,Male,0,Yes,Yes,51,Yes,Yes,No,No internet service,No internet service,No internet service,No internet service,No internet service,No internet service,Two year,Yes,Mailed check,24.95,1222.25,No,0.009072818156416512,Low,Continue regular customer engagement,"cat__InternetService_DSL, cat__MultipleLines_No, cat__PaperlessBilling_No",0.0
5281-BUZGT,Male,1,No,No,36,Yes,Yes,Fiber optic,Yes,No,No,No,Yes,No,Month-to-month,Yes,Electronic check,90.85,3186.7,Yes,0.5082229732518998,Medium,Targeted engagement and personalized offer,"num__TotalCharges, cat__Contract_Month-to-month, cat__InternetService_Fiber optic",0.0
3717-FDJFU,Male,0,No,Yes,5,Yes,No,No,No internet service,No internet service,No internet service,No internet service,No internet service,No internet service,Two year,No,Mailed check,20.45,106.9,No,0.03908180783557881,Low,Continue regular customer engagement,"num__tenure, cat__InternetService_DSL, cat__OnlineSecurity_Yes",0.0
2239-CFOUJ,Male,0,Yes,Yes,1,Yes,No,No,No internet service,No internet service,No internet service,No internet service,No internet service,No internet service,One year,No,Mailed check,20.4,20.4,No,0.0897421258829205,Low,Continue regular customer engagement,"num__tenure, cat__Contract_Two year, cat__InternetService_DSL",0.0
8699-ASUFO,Male,1,Yes,No,7,Yes,Yes,Fiber optic,No,No,No,No,No,No,Month-to-month,Yes,Mailed check,74.4,527.9,Yes,0.6928232939495369,Medium,Targeted engagement and personalized offer,"num__tenure, cat__Contract_Month-to-month, cat__InternetService_Fiber optic",0.0
1122-YJBCS,Male,0,Yes,No,69,Yes,No,DSL,Yes,Yes,No,No,No,No,One year,Yes,Credit card (automatic),53.65,3804.4,No,0.014113367843869613,Low,Continue regular customer engagement,"num__TotalCharges, cat__Contract_Two year, cat__PaperlessBilling_No",0.0
0628-CNQRM,Male,0,Yes,Yes,22,Yes,No,DSL,Yes,No,Yes,Yes,Yes,No,One year,Yes,Bank transfer (automatic),67.5,1544.05,Yes,0.0716352393336587,Low,Continue regular customer engagement,"num__tenure, cat__Contract_Two year, cat__PaperlessBilling_No",0.0
1705-GUHPV,Female,0,No,No,63,Yes,Yes,No,No internet service,No internet service,No internet service,No internet service,No internet service,No internet service,Two year,No,Mailed check,24.2,1618.2,No,0.0044316323477180865,Low,Continue regular customer engagement,"cat__InternetService_DSL, cat__MultipleLines_No, cat__OnlineSecurity_Yes",0.0
4877-TSOFF,Female,0,Yes,Yes,55,Yes,Yes,DSL,Yes,Yes,No,Yes,No,Yes,One year,Yes,Bank transfer (automatic),75.75,4264.25,No,0.029777664770666245,Low,Continue regular customer engagement,"num__TotalCharges, cat__Contract_Two year, cat__MultipleLines_No",0.0
7404-JLKQG,Female,0,No,No,3,Yes,No,DSL,No,No,Yes,No,Yes,No,Month-to-month,No,Electronic check,57.55,161.45,No,0.44943903885076947,Medium,Targeted engagement and personalized offer,"num__tenure, cat__Contract_Month-to-month, cat__PaymentMethod_Electronic check",0.0
0379-DJQHR,Male,0,Yes,Yes,67,Yes,No,DSL,Yes,Yes,Yes,No,Yes,Yes,Two year,No,Credit card (automatic),81.35,5398.6,No,0.009815030769633283,Low,Continue regular customer engagement,"num__TotalCharges, cat__TechSupport_No, cat__StreamingTV_Yes",0.0
8993-PHFWD,Female,0,No,No,3,No,No phone service,DSL,No,No,No,No,No,No,Month-to-month,No,Electronic check,25.25,58.9,Yes,0.5460454864229372,Medium,Targeted engagement and personalized offer,"num__tenure, cat__Contract_Month-to-month, cat__PhoneService_Yes",0.0
3930-ZGWVE,Male,0,No,No,1,Yes,No,No,No internet service,No internet service,No internet service,No internet service,No internet service,No internet service,Month-to-month,No,Mailed check,19.75,19.75,No,0.195608906403141,Low,Continue regular customer engagement,"num__tenure, cat__Contract_Month-to-month, cat__Contract_Two year",0.0
1965-DDBWU,Male,0,No,No,16,Yes,Yes,Fiber optic,No,No,No,Yes,No,Yes,Month-to-month,Yes,Credit card (automatic),89.05,1448.6,Yes,0.5349471314222436,Medium,Targeted engagement and personalized offer,"num__tenure, cat__Contract_Month-to-month, cat__InternetService_Fiber optic",0.0
7572-KPVKK,Male,0,No,Yes,62,Yes,Yes,Fiber optic,No,No,Yes,Yes,Yes,Yes,Two year,Yes,Electronic check,104.05,6590.5,No,0.11977140944827175,Low,Continue regular customer engagement,"num__TotalCharges, cat__InternetService_Fiber optic, cat__PaymentMethod_Electronic check",0.0
6854-EXGSF,Female,0,No,No,8,Yes,Yes,DSL,Yes,Yes,Yes,No,No,No,Month-to-month,Yes,Bank transfer (automatic),65.5,573.15,No,0.286660069237606,Low,Continue regular customer engagement,"num__tenure, cat__Contract_Month-to-month, cat__Contract_Two year",0.0
9483-GCPWE,Male,0,No,Yes,9,Yes,No,No,No internet service,No internet service,No internet service,No internet service,No internet service,No internet service,One year,No,Mailed check,20.1,190.25,No,0.06162404731296273,Low,Continue regular customer engagement,"num__tenure, cat__Contract_Two year, cat__InternetService_DSL",0.0
8053-WWDRO,Female,0,Yes,No,6,Yes,No,No,No internet service,No internet service,No internet service,No internet service,No internet service,No internet service,Month-to-month,No,Bank transfer (automatic),19.5,146.3,Yes,0.1529879968712331,Low,Continue regular customer engagement,"num__tenure, cat__Contract_Month-to-month, cat__Contract_Two year",0.0
9473-CBZOP,Female,0,No,No,28,Yes,Yes,DSL,Yes,No,Yes,No,No,No,One year,No,Mailed check,59.0,1654.45,No,0.07449870284112177,Low,Continue regular customer engagement,"cat__Contract_Two year, num__tenure, cat__MultipleLines_No",0.0
3985-HOYPM,Male,0,No,No,26,Yes,No,No,No internet service,No internet service,No internet service,No internet service,No internet service,No internet service,One year,No,Mailed check,19.4,525.55,No,0.035083628953179194,Low,Continue regular customer engagement,"num__tenure, cat__Contract_Two year, cat__InternetService_DSL",0.0
8378-LKJAF,Male,0,Yes,Yes,38,Yes,Yes,Fiber optic,No,No,Yes,No,Yes,Yes,Month-to-month,Yes,Credit card (automatic),101.15,3956.7,No,0.49004501560520547,Medium,Targeted engagement and personalized offer,"num__TotalCharges, cat__Contract_Month-to-month, cat__InternetService_Fiber optic",0.0
1310-QRITU,Female,0,No,No,18,Yes,Yes,DSL,No,No,No,No,No,No,Month-to-month,Yes,Electronic check,50.3,913.3,No,0.42028550266987924,Medium,Targeted engagement and personalized offer,"num__tenure, cat__Contract_Month-to-month, cat__PaymentMethod_Electronic check",0.0
3237-AJGEH,Female,0,Yes,Yes,3,No,No phone service,DSL,No,No,No,Yes,No,No,Month-to-month,Yes,Mailed check,31.0,95.05,Yes,0.41620698675991213,Medium,Targeted engagement and personalized offer,"num__tenure, cat__Contract_Month-to-month, cat__PhoneService_Yes",0.0
6542-LWGXJ,Male,0,Yes,No,3,No,No phone service,DSL,No,No,No,No,No,No,Month-to-month,No,Mailed check,25.0,78.25,No,0.4794882665675412,Medium,Targeted engagement and personalized offer,"num__tenure, cat__Contract_Month-to-month, cat__PhoneService_Yes",0.0
6953-PBDIN,Male,0,Yes,No,70,Yes,Yes,DSL,No,Yes,Yes,Yes,Yes,No,Two year,No,Bank transfer (automatic),72.95,5265.55,No,0.011769450093102206,Low,Continue regular customer engagement,"num__TotalCharges, cat__MultipleLines_No, cat__OnlineSecurity_No",0.0
6332-FBZRI,Male,0,Yes,Yes,67,Yes,Yes,DSL,Yes,Yes,Yes,Yes,No,No,One year,Yes,Credit card (automatic),69.35,4653.25,No,0.013520743670822045,Low,Continue regular customer engagement,"num__TotalCharges, cat__Contract_Two year, cat__MultipleLines_No",0.0
9365-CSLBQ,Male,0,No,Yes,71,Yes,Yes,No,No internet service,No internet service,No internet service,No internet service,No internet service,No internet service,Two year,No,Mailed check,24.35,1654.6,No,0.0023735883686426653,Low,Continue regular customer engagement,"cat__InternetService_DSL, cat__MultipleLines_No, cat__OnlineSecurity_Yes",0.0
3466-WAESX,Male,0,No,Yes,16,Yes,Yes,DSL,Yes,Yes,No,No,No,Yes,Month-to-month,Yes,Electronic check,69.1,1083.7,No,0.31522902631713323,Low,Continue regular customer engagement,"num__tenure, cat__Contract_Month-to-month, cat__PaymentMethod_Electronic check",0.0
9700-ISPUP,Female,0,Yes,Yes,10,Yes,No,DSL,No,Yes,No,Yes,No,Yes,Month-to-month,Yes,Electronic check,65.5,616.9,No,0.30866756826076774,Low,Continue regular customer engagement,"num__tenure, cat__Contract_Month-to-month, cat__PaymentMethod_Electronic check",0.0
5167-ZFFMM,Male,0,No,No,1,Yes,Yes,Fiber optic,No,Yes,No,No,No,Yes,Month-to-month,Yes,Credit card (automatic),90.85,90.85,Yes,0.6875284882086585,Medium,Targeted engagement and personalized offer,"num__tenure, cat__Contract_Month-to-month, cat__InternetService_Fiber optic",0.0
7669-LCRSD,Male,0,Yes,Yes,12,Yes,No,DSL,No,No,No,No,Yes,No,Month-to-month,Yes,Mailed check,56.3,628.65,No,0.343573016240726,Low,Continue regular customer engagement,"num__tenure, cat__Contract_Month-to-month, cat__Contract_Two year",0.0
0870-VEMYL,Female,0,No,No,5,Yes,No,DSL,Yes,No,No,Yes,No,No,Month-to-month,No,Credit card (automatic),53.85,259.8,Yes,0.15832282336569134,Low,Continue regular customer engagement,"num__tenure, cat__Contract_Month-to-month, cat__Contract_Two year",0.0
2995-UPRYS,Female,1,Yes,No,40,Yes,No,Fiber optic,No,Yes,No,Yes,Yes,Yes,One year,Yes,Credit card (automatic),99.2,4062.2,Yes,0.22144576730933213,Low,Continue regular customer engagement,"num__TotalCharges, cat__InternetService_Fiber optic, cat__Contract_Two year",0.0
3179-GBRWV,Male,1,Yes,No,21,Yes,No,DSL,Yes,Yes,No,No,No,Yes,Month-to-month,Yes,Bank transfer (automatic),64.95,1339.8,No,0.2242742564140233,Low,Continue regular customer engagement,"num__tenure, cat__Contract_Month-to-month, cat__Contract_Two year",0.0
0701-TJSEF,Male,0,No,No,9,Yes,No,DSL,Yes,No,Yes,Yes,No,Yes,Month-to-month,Yes,Bank transfer (automatic),68.25,576.95,No,0.22866607400622585,Low,Continue regular customer engagement,"num__tenure, cat__Contract_Month-to-month, cat__Contract_Two year",0.0
1848-LBZHY,Female,0,Yes,No,7,Yes,No,DSL,Yes,No,No,No,No,No,Month-to-month,Yes,Bank transfer (automatic),50.3,355.1,No,0.27877465832699916,Low,Continue regular customer engagement,"num__tenure, cat__Contract_Month-to-month, cat__Contract_Two year",0.0
5380-XPJNZ,Female,0,No,No,38,Yes,No,No,No internet service,No internet service,No internet service,No internet service,No internet service,No internet service,One year,No,Mailed check,20.05,678.2,No,0.019156367184972104,Low,Continue regular customer engagement,"cat__Contract_Two year, cat__InternetService_DSL, cat__OnlineSecurity_Yes",0.0
6608-QQLVK,Male,0,No,No,1,Yes,No,DSL,No,No,Yes,No,No,No,Month-to-month,Yes,Electronic check,50.5,50.5,Yes,0.5135197567928567,Medium,Targeted engagement and personalized offer,"num__tenure, cat__Contract_Month-to-month, cat__PaymentMethod_Electronic check",0.0
1475-VWVDO,Male,0,No,No,7,Yes,No,Fiber optic,No,No,Yes,No,No,No,Month-to-month,Yes,Electronic check,74.9,490.55,No,0.6507538358702185,Medium,Targeted engagement and personalized offer,"num__tenure, cat__Contract_Month-to-month, cat__InternetService_Fiber optic",0.0
3721-CNEYS,Female,0,No,No,2,Yes,No,Fiber optic,No,No,No,No,No,No,Month-to-month,Yes,Electronic check,70.95,137.95,Yes,0.6947313859134258,Medium,Targeted engagement and personalized offer,"num__tenure, cat__Contract_Month-to-month, cat__InternetService_Fiber optic",0.0
4299-OPXEJ,Female,0,No,No,56,Yes,No,No,No internet service,No internet service,No internet service,No internet service,No internet service,No internet service,Two year,Yes,Bank transfer (automatic),19.55,1080.55,No,0.005706523933102835,Low,Continue regular customer engagement,"cat__InternetService_DSL, cat__PaperlessBilling_No, cat__OnlineSecurity_Yes",0.0
0096-BXERS,Female,0,Yes,No,6,Yes,Yes,DSL,No,No,No,No,No,No,Month-to-month,No,Electronic check,50.35,314.55,No,0.4544822134234751,Medium,Targeted engagement and personalized offer,"num__tenure, cat__Contract_Month-to-month, cat__PaymentMethod_Electronic check",0.0
3055-VTCGS,Female,0,No,No,63,Yes,No,DSL,No,No,Yes,No,No,Yes,One year,No,Credit card (automatic),58.55,3503.5,No,0.025522761202332166,Low,Continue regular customer engagement,"num__TotalCharges, cat__Contract_Two year, cat__OnlineSecurity_No",0.0
9405-GPBBG,Female,0,No,No,64,Yes,Yes,Fiber optic,No,Yes,Yes,Yes,Yes,Yes,Two year,Yes,Credit card (automatic),110.5,7069.25,No,0.08650354223879403,Low,Continue regular customer engagement,"num__TotalCharges, cat__InternetService_Fiber optic, cat__InternetService_DSL",0.0
6704-UTUKK,Male,0,Yes,No,29,No,No phone service,DSL,No,No,No,No,Yes,Yes,Month-to-month,Yes,Electronic check,45.9,1332.4,No,0.49122893340792295,Medium,Targeted engagement and personalized offer,"cat__Contract_Month-to-month, cat__PhoneService_Yes, cat__PaymentMethod_Electronic check",0.0
9944-AEXBM,Male,0,No,No,32,Yes,Yes,Fiber optic,No,No,No,No,No,Yes,Month-to-month,Yes,Bank transfer (automatic),85.65,2664.3,No,0.5032258029335688,Medium,Targeted engagement and personalized offer,"cat__Contract_Month-to-month, cat__InternetService_Fiber optic, num__TotalCharges",0.0
2545-EBUPK,Female,1,No,No,2,Yes,Yes,Fiber optic,No,No,No,No,No,Yes,Month-to-month,Yes,Electronic check,84.05,186.05,No,0.8137867960256748,High,Immediate retention offer and customer support follow-up,"num__tenure, cat__Contract_Month-to-month, cat__InternetService_Fiber optic",84.05
6270-OMFIW,Male,0,Yes,No,60,Yes,No,Fiber optic,No,Yes,No,No,Yes,Yes,One year,Yes,Electronic check,94.4,5610.25,Yes,0.2217547488890459,Low,Continue regular customer engagement,"num__TotalCharges, cat__InternetService_Fiber optic, cat__PaymentMethod_Electronic check",0.0
1852-XEMDW,Male,0,No,No,22,Yes,Yes,DSL,Yes,Yes,Yes,No,No,No,Month-to-month,No,Mailed check,65.05,1427.55,No,0.15203996778798187,Low,Continue regular customer engagement,"num__tenure, cat__Contract_Month-to-month, cat__Contract_Two year",0.0
8158-WPEZG,Male,0,No,No,11,No,No phone service,DSL,No,Yes,No,Yes,No,No,Month-to-month,Yes,Electronic check,35.65,425.1,No,0.4217626482632755,Medium,Targeted engagement and personalized offer,"num__tenure, cat__Contract_Month-to-month, cat__PhoneService_Yes",0.0
5198-EFNBM,Male,1,Yes,No,57,Yes,No,Fiber optic,No,Yes,Yes,No,Yes,No,One year,Yes,Electronic check,90.65,5199.8,No,0.21195410401046394,Low,Continue regular customer engagement,"num__TotalCharges, cat__InternetService_Fiber optic, cat__PaymentMethod_Electronic check",0.0
7663-RGWBC,Male,0,No,No,1,Yes,No,DSL,No,No,No,No,No,No,Month-to-month,Yes,Mailed check,44.15,44.15,Yes,0.44561376847752127,Medium,Targeted engagement and personalized offer,"num__tenure, cat__Contract_Month-to-month, cat__Contract_Two year",0.0
3970-XGJDU,Female,0,No,No,62,Yes,No,No,No internet service,No internet service,No internet service,No internet service,No internet service,No internet service,Two year,Yes,Credit card (automatic),19.2,1123.65,No,0.004072435558202589,Low,Continue regular customer engagement,"cat__InternetService_DSL, cat__PaperlessBilling_No, cat__OnlineSecurity_Yes",0.0
6845-RGTYS,Female,0,Yes,No,47,Yes,Yes,Fiber optic,Yes,Yes,Yes,No,Yes,No,Month-to-month,Yes,Electronic check,98.75,4533.7,Yes,0.36104115587385666,Low,Continue regular customer engagement,"num__TotalCharges, cat__Contract_Month-to-month, cat__InternetService_Fiber optic",0.0
0123-CRBRT,Female,0,Yes,Yes,61,Yes,Yes,DSL,Yes,Yes,Yes,Yes,Yes,Yes,Two year,No,Mailed check,88.1,5526.75,No,0.013606382863465237,Low,Continue regular customer engagement,"num__TotalCharges, cat__MultipleLines_No, cat__StreamingTV_Yes",0.0
6077-BDPXA,Female,0,No,No,3,Yes,No,Fiber optic,No,No,No,No,No,No,Month-to-month,Yes,Electronic check,70.15,194.2,No,0.686403244501803,Medium,Targeted engagement and personalized offer,"num__tenure, cat__Contract_Month-to-month, cat__InternetService_Fiber optic",0.0
2250-IVBWA,Male,0,Yes,Yes,64,Yes,No,Fiber optic,Yes,Yes,No,No,No,No,Month-to-month,No,Electronic check,81.05,5135.35,No,0.08731343891668854,Low,Continue regular customer engagement,"num__TotalCharges, cat__Contract_Month-to-month, cat__InternetService_Fiber optic",0.0
6137-NICCO,Female,0,Yes,Yes,6,Yes,Yes,Fiber optic,No,Yes,Yes,No,Yes,No,Month-to-month,Yes,Mailed check,94.05,518.75,No,0.6119681182548409,Medium,Targeted engagement and personalized offer,"num__tenure, cat__Contract_Month-to-month, cat__InternetService_Fiber optic",0.0
8129-GMVGI,Female,0,Yes,Yes,56,Yes,No,No,No internet service,No internet service,No internet service,No internet service,No internet service,No internet service,Two year,No,Mailed check,20.05,1090.1,No,0.003447168980167915,Low,Continue regular customer engagement,"cat__InternetService_DSL, cat__OnlineSecurity_Yes, cat__Partner_No",0.0
4353-HYOJD,Female,0,Yes,Yes,27,Yes,No,DSL,No,Yes,No,No,No,No,Month-to-month,No,Mailed check,49.85,1336.15,No,0.11471011358963835,Low,Continue regular customer engagement,"cat__Contract_Month-to-month, num__tenure, cat__Contract_Two year",0.0
8671-KKKOS,Female,0,Yes,No,46,No,No phone service,DSL,Yes,Yes,No,No,Yes,No,Month-to-month,No,Electronic check,45.55,2062.15,No,0.1231971279295162,Low,Continue regular customer engagement,"cat__Contract_Month-to-month, cat__PhoneService_Yes, cat__PaymentMethod_Electronic check",0.0
8080-DDEMJ,Male,1,No,No,1,Yes,No,DSL,No,No,No,No,No,No,Month-to-month,No,Electronic check,45.1,45.1,Yes,0.4688270810456478,Medium,Targeted engagement and personalized offer,"num__tenure, cat__Contract_Month-to-month, cat__PaymentMethod_Electronic check",0.0
6698-OXETB,Male,0,No,No,11,Yes,No,No,No internet service,No internet service,No internet service,No internet service,No internet service,No internet service,Two year,No,Mailed check,20.4,231.45,No,0.03694129600689153,Low,Continue regular customer engagement,"num__tenure, cat__InternetService_DSL, cat__OnlineSecurity_Yes",0.0
3312-UUMZW,Male,0,Yes,No,32,Yes,Yes,Fiber optic,No,Yes,No,No,Yes,Yes,Month-to-month,Yes,Credit card (automatic),98.85,3145.9,No,0.5410270897088724,Medium,Targeted engagement and personalized offer,"num__TotalCharges, cat__Contract_Month-to-month, cat__InternetService_Fiber optic",0.0
6376-GAHQE,Male,0,No,No,4,Yes,No,Fiber optic,No,No,No,No,Yes,No,Month-to-month,No,Electronic check,77.85,299.2,Yes,0.6501493228238707,Medium,Targeted engagement and personalized offer,"num__tenure, cat__Contract_Month-to-month, cat__InternetService_Fiber optic",0.0
0733-VUNUW,Male,0,No,No,24,Yes,Yes,DSL,Yes,No,No,No,No,No,Month-to-month,Yes,Bank transfer (automatic),55.65,1400.55,Yes,0.213207212043772,Low,Continue regular customer engagement,"num__tenure, cat__Contract_Month-to-month, cat__Contract_Two year",0.0
6733-LRIZX,Male,0,No,No,35,Yes,Yes,Fiber optic,Yes,No,Yes,Yes,Yes,Yes,Two year,Yes,Electronic check,108.95,4025.5,No,0.19422186695194324,Low,Continue regular customer engagement,"num__TotalCharges, cat__InternetService_Fiber optic, cat__PaymentMethod_Electronic check",0.0
2165-VOEGB,Female,0,No,Yes,46,Yes,No,Fiber optic,Yes,Yes,No,Yes,Yes,Yes,One year,Yes,Bank transfer (automatic),105.2,4822.85,Yes,0.1017567305125267,Low,Continue regular customer engagement,"num__TotalCharges, cat__InternetService_Fiber optic, cat__Contract_Two year",0.0
1853-UDXBW,Male,0,Yes,Yes,1,Yes,No,Fiber optic,No,No,No,No,No,No,Month-to-month,Yes,Electronic check,70.0,70,Yes,0.6620122412398656,Medium,Targeted engagement and personalized offer,"num__tenure, cat__Contract_Month-to-month, cat__InternetService_Fiber optic",0.0
9070-BCKQP,Female,0,Yes,No,72,Yes,Yes,Fiber optic,Yes,No,Yes,Yes,Yes,Yes,Two year,Yes,Credit card (automatic),110.15,7881.2,No,0.05728800673292516,Low,Continue regular customer engagement,"num__TotalCharges, cat__InternetService_Fiber optic, cat__InternetService_DSL",0.0
1035-IPQPU,Female,1,Yes,No,63,Yes,Yes,Fiber optic,No,Yes,Yes,No,Yes,Yes,Month-to-month,Yes,Electronic check,103.5,6479.4,No,0.46768995137043895,Medium,Targeted engagement and personalized offer,"num__TotalCharges, cat__Contract_Month-to-month, cat__InternetService_Fiber optic",0.0
2057-ZBLPD,Female,0,Yes,No,21,Yes,Yes,Fiber optic,No,No,No,No,No,Yes,Month-to-month,Yes,Electronic check,86.5,1808.7,Yes,0.6817082687392382,Medium,Targeted engagement and personalized offer,"num__tenure, cat__Contract_Month-to-month, cat__InternetService_Fiber optic",0.0
6967-PEJLL,Male,0,Yes,Yes,37,No,No phone service,DSL,Yes,No,Yes,Yes,No,No,One year,Yes,Electronic check,40.2,1525.35,No,0.06805132956684364,Low,Continue regular customer engagement,"cat__PhoneService_Yes, cat__PaymentMethod_Electronic check, cat__Contract_Two year",0.0
7879-CGSFV,Male,0,No,No,55,Yes,No,Fiber optic,Yes,Yes,No,No,Yes,Yes,One year,Yes,Mailed check,100.9,5552.05,No,0.14527849388502675,Low,Continue regular customer engagement,"num__TotalCharges, cat__InternetService_Fiber optic, cat__Contract_Two year",0.0
2257-BOVXD,Male,0,Yes,No,14,Yes,Yes,DSL,No,No,No,Yes,Yes,No,Month-to-month,Yes,Credit card (automatic),66.6,979.5,No,0.3483595351406338,Low,Continue regular customer engagement,"num__tenure, cat__Contract_Month-to-month, cat__Contract_Two year",0.0
9822-BIIGN,Male,0,Yes,Yes,53,Yes,Yes,DSL,Yes,No,No,Yes,No,Yes,Month-to-month,No,Electronic check,71.85,3827.9,No,0.07034062781268993,Low,Continue regular customer engagement,"num__TotalCharges, cat__Contract_Month-to-month, cat__PaymentMethod_Electronic check",0.0
1136-XGEQU,Female,0,Yes,Yes,50,Yes,Yes,DSL,No,Yes,Yes,Yes,Yes,Yes,One year,Yes,Credit card (automatic),84.15,4164.4,No,0.06433590847528652,Low,Continue regular customer engagement,"num__TotalCharges, cat__Contract_Two year, cat__MultipleLines_No",0.0
2439-LYPMQ,Male,1,Yes,No,38,Yes,Yes,Fiber optic,No,Yes,Yes,No,Yes,Yes,Month-to-month,Yes,Electronic check,102.6,4009.2,No,0.6413543269324321,Medium,Targeted engagement and personalized offer,"num__TotalCharges, cat__Contract_Month-to-month, cat__InternetService_Fiber optic",0.0
6543-XRMYR,Female,1,No,No,30,Yes,Yes,Fiber optic,No,Yes,No,No,Yes,Yes,Month-to-month,Yes,Electronic check,99.7,2967.35,Yes,0.6766765066198874,Medium,Targeted engagement and personalized offer,"cat__Contract_Month-to-month, num__TotalCharges, cat__InternetService_Fiber optic",0.0
5753-QQWPW,Female,0,No,No,28,Yes,No,DSL,Yes,Yes,No,Yes,No,No,One year,Yes,Electronic check,59.9,1654.7,No,0.06723832964560489,Low,Continue regular customer engagement,"cat__PaymentMethod_Electronic check, cat__Contract_Two year, num__tenure",0.0
4785-QRJHC,Male,1,Yes,No,46,No,No phone service,DSL,No,Yes,Yes,Yes,Yes,Yes,One year,Yes,Bank transfer (automatic),59.9,2816.65,Yes,0.10986949866206705,Low,Continue regular customer engagement,"num__TotalCharges, cat__PhoneService_Yes, cat__Contract_Two year",0.0
0052-YNYOT,Female,0,No,No,67,Yes,No,No,No internet service,No internet service,No internet service,No internet service,No internet service,No internet service,One year,No,Electronic check,20.55,1343.4,No,0.006726099142514288,Low,Continue regular customer engagement,"cat__PaymentMethod_Electronic check, cat__Contract_Two year, cat__InternetService_DSL",0.0
7054-LGEQW,Female,0,No,No,1,Yes,No,DSL,No,No,No,No,No,No,Month-to-month,No,Mailed check,45.95,45.95,Yes,0.35276956016954664,Low,Continue regular customer engagement,"num__tenure, cat__Contract_Month-to-month, cat__Contract_Two year",0.0
0608-JDVEC,Male,0,Yes,No,50,Yes,No,No,No internet service,No internet service,No internet service,No internet service,No internet service,No internet service,Two year,No,Electronic check,19.8,1013.2,No,0.008156947974799942,Low,Continue regular customer engagement,"cat__PaymentMethod_Electronic check, cat__InternetService_DSL, cat__OnlineSecurity_Yes",0.0
6284-KMNUF,Female,0,Yes,No,56,Yes,Yes,Fiber optic,Yes,No,No,No,Yes,Yes,One year,Yes,Electronic check,98.0,5270.6,No,0.24587755948133952,Low,Continue regular customer engagement,"num__TotalCharges, cat__InternetService_Fiber optic, cat__PaymentMethod_Electronic check",0.0
6286-SUUWT,Male,0,No,No,1,Yes,No,No,No internet service,No internet service,No internet service,No internet service,No internet service,No internet service,Month-to-month,No,Mailed check,19.95,19.95,No,0.1956271139088763,Low,Continue regular customer engagement,"num__tenure, cat__Contract_Month-to-month, cat__Contract_Two year",0.0
3594-KADLU,Male,0,Yes,No,3,No,No phone service,DSL,Yes,No,No,Yes,No,No,Month-to-month,No,Mailed check,35.1,101.1,No,0.29197248175465257,Low,Continue regular customer engagement,"num__tenure, cat__Contract_Month-to-month, cat__PhoneService_Yes",0.0
0536-ACXIP,Female,0,Yes,No,72,Yes,Yes,Fiber optic,Yes,Yes,Yes,No,Yes,Yes,Two year,Yes,Electronic check,109.55,8165.1,No,0.10774548882902932,Low,Continue regular customer engagement,"num__TotalCharges, cat__InternetService_Fiber optic, cat__PaymentMethod_Electronic check",0.0
8869-TORSS,Female,0,No,No,48,Yes,No,DSL,Yes,No,Yes,Yes,No,No,One year,Yes,Credit card (automatic),60.35,2896.4,Yes,0.02528285593442007,Low,Continue regular customer engagement,"num__TotalCharges, cat__Contract_Two year, cat__PaperlessBilling_No",0.0
0373-AIVNJ,Male,0,No,No,9,No,No phone service,DSL,Yes,Yes,Yes,No,No,No,One year,No,Mailed check,39.55,373,No,0.15448629589739232,Low,Continue regular customer engagement,"num__tenure, cat__PhoneService_Yes, cat__Contract_Two year",0.0
6429-SHBCB,Male,0,No,No,19,Yes,Yes,DSL,No,No,No,No,Yes,Yes,Month-to-month,No,Mailed check,69.6,1394.55,No,0.37983234286604217,Low,Continue regular customer engagement,"num__tenure, cat__Contract_Month-to-month, cat__Contract_Two year",0.0
5751-USDBL,Male,0,Yes,Yes,46,Yes,No,DSL,Yes,No,Yes,Yes,Yes,Yes,Two year,No,Mailed check,81.0,3846.35,No,0.0179253071350963,Low,Continue regular customer engagement,"num__TotalCharges, cat__StreamingTV_Yes, cat__StreamingMovies_Yes",0.0
6815-ABQFQ,Male,0,Yes,No,56,Yes,Yes,Fiber optic,No,Yes,No,Yes,Yes,Yes,One year,Yes,Electronic check,107.25,6033.3,No,0.2634862418102218,Low,Continue regular customer engagement,"num__TotalCharges, cat__InternetService_Fiber optic, cat__PaymentMethod_Electronic check",0.0
9450-TRJUU,Male,0,No,No,35,Yes,Yes,Fiber optic,No,No,No,No,Yes,No,Month-to-month,No,Electronic check,83.15,2848.45,No,0.47803064645493654,Medium,Targeted engagement and personalized offer,"cat__Contract_Month-to-month, num__TotalCharges, cat__InternetService_Fiber optic",0.0
2805-AUFQN,Female,0,No,No,25,Yes,No,No,No internet service,No internet service,No internet service,No internet service,No internet service,No internet service,Two year,No,Credit card (automatic),19.8,475.2,No,0.0169338231327207,Low,Continue regular customer engagement,"num__tenure, cat__InternetService_DSL, cat__OnlineSecurity_Yes",0.0
7855-DIWPO,Female,0,No,No,21,Yes,No,Fiber optic,No,No,No,No,No,No,Month-to-month,Yes,Electronic check,68.65,1493.2,No,0.5400836639866141,Medium,Targeted engagement and personalized offer,"num__tenure, cat__Contract_Month-to-month, cat__InternetService_Fiber optic",0.0
0174-QRVVY,Male,0,Yes,Yes,71,Yes,Yes,No,No internet service,No internet service,No internet service,No internet service,No internet service,No internet service,Two year,No,Credit card (automatic),25.35,1847.55,No,0.0023227861606600533,Low,Continue regular customer engagement,"cat__InternetService_DSL, cat__MultipleLines_No, cat__OnlineSecurity_Yes",0.0
9507-EXLTT,Female,0,Yes,No,1,Yes,No,Fiber optic,No,No,No,No,Yes,No,Month-to-month,Yes,Bank transfer (automatic),79.35,79.35,Yes,0.6710234833620252,Medium,Targeted engagement and personalized offer,"num__tenure, cat__Contract_Month-to-month, cat__InternetService_Fiber optic",0.0
8390-FESFV,Female,0,No,No,62,Yes,Yes,DSL,No,Yes,Yes,Yes,Yes,Yes,Two year,No,Bank transfer (automatic),84.5,5193.2,No,0.020764834818278392,Low,Continue regular customer engagement,"num__TotalCharges, cat__MultipleLines_No, cat__OnlineSecurity_No",0.0
0661-KBKPA,Male,0,Yes,Yes,53,Yes,Yes,DSL,No,No,Yes,Yes,Yes,Yes,One year,Yes,Mailed check,78.75,3942.45,No,0.06909690433507586,Low,Continue regular customer engagement,"num__TotalCharges, cat__Contract_Two year, cat__MultipleLines_No",0.0
6856-RAURS,Female,0,No,No,2,Yes,Yes,Fiber optic,No,No,No,No,No,No,Month-to-month,Yes,Mailed check,74.9,136.05,No,0.6874332119928392,Medium,Targeted engagement and personalized offer,"num__tenure, cat__Contract_Month-to-month, cat__InternetService_Fiber optic",0.0
7322-OCWHC,Male,1,Yes,No,72,Yes,Yes,Fiber optic,Yes,Yes,Yes,Yes,No,No,Two year,Yes,Bank transfer (automatic),93.05,6735.05,No,0.02914884740854922,Low,Continue regular customer engagement,"num__TotalCharges, cat__InternetService_Fiber optic, cat__InternetService_DSL",0.0
2203-GHNWN,Female,0,Yes,No,24,Yes,Yes,Fiber optic,No,No,Yes,No,No,No,Month-to-month,Yes,Mailed check,79.65,1928.7,No,0.5147707534548785,Medium,Targeted engagement and personalized offer,"num__tenure, cat__Contract_Month-to-month, cat__InternetService_Fiber optic",0.0
3413-CSSTH,Male,0,No,No,41,Yes,Yes,DSL,No,No,Yes,No,No,No,Month-to-month,Yes,Bank transfer (automatic),55.7,2237.55,No,0.16652270313443923,Low,Continue regular customer engagement,"cat__Contract_Month-to-month, cat__Contract_Two year, cat__MultipleLines_No",0.0
3006-XIMLN,Female,0,No,Yes,2,Yes,Yes,Fiber optic,No,No,No,No,Yes,Yes,Month-to-month,Yes,Bank transfer (automatic),94.2,193.8,Yes,0.7172636572050022,High,Immediate retention offer and customer support follow-up,"num__tenure, cat__Contract_Month-to-month, cat__InternetService_Fiber optic",94.2
3750-CKVKH,Male,0,No,No,2,Yes,No,Fiber optic,No,No,No,No,No,No,Month-to-month,Yes,Electronic check,67.75,116.65,Yes,0.6977088214657033,Medium,Targeted engagement and personalized offer,"num__tenure, cat__Contract_Month-to-month, cat__InternetService_Fiber optic",0.0
0576-WNXXC,Male,1,Yes,No,27,Yes,Yes,Fiber optic,No,Yes,Yes,No,No,Yes,Month-to-month,Yes,Electronic check,95.55,2510.2,Yes,0.6380839034951405,Medium,Targeted engagement and personalized offer,"cat__Contract_Month-to-month, cat__InternetService_Fiber optic, num__tenure",0.0
7056-IMHCC,Male,1,Yes,No,53,Yes,Yes,Fiber optic,No,Yes,No,No,Yes,Yes,Month-to-month,Yes,Electronic check,101.9,5549.4,Yes,0.5569793100530548,Medium,Targeted engagement and personalized offer,"num__TotalCharges, cat__Contract_Month-to-month, cat__InternetService_Fiber optic",0.0
0866-QLSIR,Female,0,No,No,34,Yes,Yes,DSL,Yes,Yes,No,Yes,No,No,One year,Yes,Mailed check,64.4,2088.75,Yes,0.05362879559243844,Low,Continue regular customer engagement,"cat__Contract_Two year, cat__MultipleLines_No, cat__PaperlessBilling_No",0.0
1628-BIZYP,Male,0,No,No,1,Yes,No,Fiber optic,No,Yes,No,No,No,Yes,Month-to-month,Yes,Electronic check,85.0,85,No,0.714191916710245,High,Immediate retention offer and customer support follow-up,"num__tenure, cat__Contract_Month-to-month, cat__InternetService_Fiber optic",85.0
2230-XTUWL,Female,0,Yes,Yes,48,Yes,No,No,No internet service,No internet service,No internet service,No internet service,No internet service,No internet service,Two year,No,Mailed check,19.55,883.35,No,0.0049983737991586745,Low,Continue regular customer engagement,"cat__InternetService_DSL, cat__OnlineSecurity_Yes, cat__Partner_No",0.0
1980-KXVPM,Female,1,No,No,3,Yes,Yes,Fiber optic,No,No,No,No,No,No,Month-to-month,Yes,Credit card (automatic),75.05,256.25,Yes,0.6935194944522588,Medium,Targeted engagement and personalized offer,"num__tenure, cat__Contract_Month-to-month, cat__InternetService_Fiber optic",0.0
8619-IJNDK,Female,0,Yes,Yes,71,Yes,No,DSL,Yes,Yes,Yes,Yes,No,No,Two year,No,Credit card (automatic),64.05,4492.9,No,0.002763469855101434,Low,Continue regular customer engagement,"num__TotalCharges, cat__Partner_No, cat__gender_Male",0.0
2960-NKRSO,Male,0,No,No,24,Yes,No,Fiber optic,No,Yes,Yes,Yes,No,No,Month-to-month,Yes,Electronic check,85.95,2107.15,No,0.3961721907391244,Low,Continue regular customer engagement,"num__tenure, cat__Contract_Month-to-month, cat__InternetService_Fiber optic",0.0
6705-LXORM,Female,1,Yes,No,5,Yes,No,Fiber optic,No,No,No,No,No,No,Month-to-month,No,Electronic check,70.05,302.6,No,0.623725790604207,Medium,Targeted engagement and personalized offer,"num__tenure, cat__Contract_Month-to-month, cat__InternetService_Fiber optic",0.0
7130-VTEWQ,Female,1,No,No,8,Yes,Yes,Fiber optic,No,No,No,No,No,No,Month-to-month,Yes,Electronic check,75.75,606.25,Yes,0.7412735017794861,High,Immediate retention offer and customer support follow-up,"num__tenure, cat__Contract_Month-to-month, cat__InternetService_Fiber optic",75.75
9364-YKUVW,Male,0,No,No,15,Yes,No,No,No internet service,No internet service,No internet service,No internet service,No internet service,No internet service,Month-to-month,Yes,Mailed check,19.8,309.4,No,0.15223758937967674,Low,Continue regular customer engagement,"num__tenure, cat__Contract_Month-to-month, cat__Contract_Two year",0.0
2761-OCIAX,Male,1,No,No,2,Yes,No,Fiber optic,No,Yes,No,No,No,No,Month-to-month,Yes,Electronic check,74.7,165.4,Yes,0.6936952643848437,Medium,Targeted engagement and personalized offer,"num__tenure, cat__Contract_Month-to-month, cat__InternetService_Fiber optic",0.0
7996-BPXHY,Female,0,Yes,Yes,13,Yes,Yes,No,No internet service,No internet service,No internet service,No internet service,No internet service,No internet service,Two year,Yes,Bank transfer (automatic),25.0,332.5,No,0.048208801303778914,Low,Continue regular customer engagement,"num__tenure, cat__InternetService_DSL, cat__MultipleLines_No",0.0
4248-QPAVC,Female,1,Yes,No,17,Yes,Yes,Fiber optic,Yes,No,Yes,No,No,No,Month-to-month,Yes,Bank transfer (automatic),85.35,1463.45,Yes,0.4904899509660629,Medium,Targeted engagement and personalized offer,"num__tenure, cat__Contract_Month-to-month, cat__InternetService_Fiber optic",0.0
9357-UJRUN,Male,0,Yes,No,24,Yes,Yes,DSL,Yes,No,No,Yes,No,No,One year,Yes,Electronic check,58.35,1346.9,No,0.12000881013330614,Low,Continue regular customer engagement,"num__tenure, cat__PaymentMethod_Electronic check, cat__Contract_Two year",0.0
6340-DACFT,Female,0,Yes,Yes,50,Yes,No,No,No internet service,No internet service,No internet service,No internet service,No internet service,No internet service,Two year,No,Credit card (automatic),20.55,1070.25,No,0.0042906525430671145,Low,Continue regular customer engagement,"cat__InternetService_DSL, cat__OnlineSecurity_Yes, cat__Partner_No",0.0
1023-BQXZE,Male,0,No,No,57,Yes,No,DSL,Yes,No,Yes,No,Yes,Yes,Two year,Yes,Bank transfer (automatic),74.35,4317.35,No,0.027127333725276575,Low,Continue regular customer engagement,"num__TotalCharges, cat__PaperlessBilling_No, cat__TechSupport_No",0.0
5480-HPRRX,Female,1,No,No,3,No,No phone service,DSL,No,No,No,No,No,No,Month-to-month,No,Electronic check,25.3,77.75,Yes,0.5831654457098165,Medium,Targeted engagement and personalized offer,"num__tenure, cat__Contract_Month-to-month, cat__PhoneService_Yes",0.0
9576-SYUHJ,Male,0,No,No,37,Yes,Yes,Fiber optic,Yes,No,No,No,Yes,No,Month-to-month,Yes,Electronic check,91.15,3369.25,No,0.47030989209126284,Medium,Targeted engagement and personalized offer,"num__TotalCharges, cat__Contract_Month-to-month, cat__InternetService_Fiber optic",0.0
2169-RRLFW,Female,0,Yes,No,71,Yes,Yes,No,No internet service,No internet service,No internet service,No internet service,No internet service,No internet service,Two year,No,Credit card (automatic),25.6,1888.25,No,0.002891089573512276,Low,Continue regular customer engagement,"cat__InternetService_DSL, cat__MultipleLines_No, cat__OnlineSecurity_Yes",0.0
8338-QIUNR,Male,0,Yes,Yes,72,Yes,Yes,DSL,Yes,No,Yes,Yes,No,No,Two year,Yes,Credit card (automatic),66.5,4811.6,No,0.006642556422530028,Low,Continue regular customer engagement,"num__TotalCharges, cat__MultipleLines_No, cat__PaperlessBilling_No",0.0
0463-TXOAK,Male,0,No,Yes,52,Yes,Yes,No,No internet service,No internet service,No internet service,No internet service,No internet service,No internet service,Two year,No,Credit card (automatic),25.6,1334.5,No,0.005458499803243022,Low,Continue regular customer engagement,"cat__InternetService_DSL, cat__MultipleLines_No, cat__OnlineSecurity_Yes",0.0
4396-KLSEH,Male,0,No,No,4,Yes,No,No,No internet service,No internet service,No internet service,No internet service,No internet service,No internet service,Month-to-month,Yes,Electronic check,19.85,63,No,0.2935369699322272,Low,Continue regular customer engagement,"num__tenure, cat__Contract_Month-to-month, cat__PaymentMethod_Electronic check",0.0
5186-EJEGL,Male,0,No,No,9,Yes,No,DSL,Yes,No,Yes,Yes,Yes,No,Month-to-month,Yes,Mailed check,69.5,653.25,No,0.24410426577859726,Low,Continue regular customer engagement,"num__tenure, cat__Contract_Month-to-month, cat__Contract_Two year",0.0
9334-GWGOW,Male,1,Yes,No,7,Yes,Yes,Fiber optic,No,No,No,No,No,No,Month-to-month,Yes,Electronic check,74.85,485.25,No,0.7536346988695826,High,Immediate retention offer and customer support follow-up,"num__tenure, cat__Contract_Month-to-month, cat__InternetService_Fiber optic",74.85
5696-JVVQY,Female,0,Yes,Yes,48,Yes,No,DSL,Yes,Yes,Yes,No,No,Yes,Two year,Yes,Credit card (automatic),70.1,3238.4,No,0.017521517366842623,Low,Continue regular customer engagement,"num__TotalCharges, cat__PaperlessBilling_No, cat__TechSupport_No",0.0
9633-DENPU,Female,0,Yes,No,47,Yes,No,DSL,No,Yes,No,No,Yes,No,Month-to-month,Yes,Bank transfer (automatic),58.6,2723.4,No,0.11854101993166613,Low,Continue regular customer engagement,"cat__Contract_Month-to-month, num__TotalCharges, cat__Contract_Two year",0.0
0581-BXBUB,Female,1,No,No,4,Yes,No,Fiber optic,No,Yes,No,No,No,No,Month-to-month,No,Electronic check,72.75,317.75,No,0.5891064374441706,Medium,Targeted engagement and personalized offer,"num__tenure, cat__Contract_Month-to-month, cat__InternetService_Fiber optic",0.0
2750-BJLSB,Female,0,No,No,47,Yes,No,Fiber optic,Yes,No,Yes,Yes,Yes,Yes,One year,Yes,Electronic check,103.7,4730.6,No,0.18070038988785164,Low,Continue regular customer engagement,"num__TotalCharges, cat__InternetService_Fiber optic, cat__PaymentMethod_Electronic check",0.0
2770-NSVDG,Male,0,Yes,No,24,No,No phone service,DSL,No,No,Yes,No,No,No,Month-to-month,No,Electronic check,29.1,688,No,0.3155465859116096,Low,Continue regular customer engagement,"num__tenure, cat__Contract_Month-to-month, cat__PhoneService_Yes",0.0
8280-MQRQN,Female,0,No,No,1,Yes,No,DSL,No,No,Yes,No,No,No,Month-to-month,Yes,Mailed check,50.45,50.45,Yes,0.4298844281420736,Medium,Targeted engagement and personalized offer,"num__tenure, cat__Contract_Month-to-month, cat__Contract_Two year",0.0
7851-FLGGQ,Male,0,No,No,1,No,No phone service,DSL,No,Yes,No,Yes,No,Yes,Month-to-month,Yes,Mailed check,44.65,44.65,Yes,0.503789439994085,Medium,Targeted engagement and personalized offer,"num__tenure, cat__Contract_Month-to-month, cat__PhoneService_Yes",0.0
9374-YOLBJ,Female,0,Yes,Yes,1,Yes,No,No,No internet service,No internet service,No internet service,No internet service,No internet service,No internet service,Month-to-month,No,Electronic check,19.25,19.25,No,0.20994457963066995,Low,Continue regular customer engagement,"num__tenure, cat__Contract_Month-to-month, cat__PaymentMethod_Electronic check",0.0
6583-SZVGP,Male,0,No,No,48,Yes,Yes,Fiber optic,No,Yes,Yes,No,Yes,Yes,Two year,Yes,Bank transfer (automatic),108.1,5067.45,No,0.16879676805830363,Low,Continue regular customer engagement,"num__TotalCharges, cat__InternetService_Fiber optic, cat__InternetService_DSL",0.0
2150-OEGBV,Male,0,No,No,27,Yes,No,No,No internet service,No internet service,No internet service,No internet service,No internet service,No internet service,One year,No,Bank transfer (automatic),20.1,562.6,No,0.03156034431991303,Low,Continue regular customer engagement,"num__tenure, cat__Contract_Two year, cat__InternetService_DSL",0.0
9372-TXXPS,Female,0,Yes,No,60,Yes,No,DSL,Yes,Yes,No,Yes,No,No,Two year,No,Bank transfer (automatic),59.85,3483.45,No,0.0051690576809577836,Low,Continue regular customer engagement,"num__TotalCharges, cat__Partner_No, cat__Dependents_Yes",0.0
6933-FHBZC,Female,0,No,No,26,Yes,No,DSL,No,Yes,Yes,No,No,No,One year,Yes,Mailed check,56.05,1553.2,No,0.1090436773557912,Low,Continue regular customer engagement,"num__tenure, cat__Contract_Two year, cat__PaperlessBilling_No",0.0
4698-KVLLG,Female,1,No,No,51,Yes,No,No,No internet service,No internet service,No internet service,No internet service,No internet service,No internet service,Two year,No,Credit card (automatic),19.6,967.9,No,0.005623149409114817,Low,Continue regular customer engagement,"cat__InternetService_DSL, num__SeniorCitizen, cat__OnlineSecurity_Yes",0.0
8752-STIVR,Female,0,No,No,4,Yes,No,Fiber optic,No,No,No,No,Yes,No,Month-to-month,Yes,Electronic check,79.0,303.15,Yes,0.7249805236251804,High,Immediate retention offer and customer support follow-up,"num__tenure, cat__Contract_Month-to-month, cat__InternetService_Fiber optic",79.0
8623-ULFNQ,Female,1,No,No,26,Yes,Yes,DSL,No,No,No,Yes,No,Yes,Month-to-month,Yes,Electronic check,66.05,1652.4,No,0.3595491752357411,Low,Continue regular customer engagement,"cat__Contract_Month-to-month, num__tenure, cat__PaymentMethod_Electronic check",0.0
9822-WMWVG,Female,0,No,No,41,Yes,Yes,Fiber optic,Yes,Yes,Yes,Yes,Yes,No,Month-to-month,Yes,Electronic check,106.5,4282.4,No,0.3277791380824393,Low,Continue regular customer engagement,"num__TotalCharges, cat__Contract_Month-to-month, cat__InternetService_Fiber optic",0.0
4304-TSPVK,Female,0,Yes,No,68,Yes,Yes,Fiber optic,Yes,Yes,Yes,Yes,Yes,Yes,Two year,No,Bank transfer (automatic),114.9,7843.55,No,0.04251115085639627,Low,Continue regular customer engagement,"num__TotalCharges, cat__InternetService_Fiber optic, cat__InternetService_DSL",0.0
1716-LSAMB,Male,0,Yes,Yes,45,Yes,No,DSL,Yes,No,No,Yes,No,No,Two year,No,Bank transfer (automatic),54.65,2553.7,No,0.008733159614759256,Low,Continue regular customer engagement,"num__TotalCharges, cat__Partner_No, cat__OnlineBackup_No",0.0
3523-QRQLL,Female,0,Yes,Yes,22,Yes,No,DSL,No,Yes,No,No,Yes,Yes,One year,Yes,Bank transfer (automatic),69.5,1498.2,Yes,0.15378466941132626,Low,Continue regular customer engagement,"num__tenure, cat__Contract_Two year, cat__PaperlessBilling_No",0.0
2187-PKZAY,Male,0,No,No,12,Yes,No,Fiber optic,No,No,No,No,No,Yes,Month-to-month,Yes,Bank transfer (automatic),79.95,1043.4,No,0.5927360502569631,Medium,Targeted engagement and personalized offer,"num__tenure, cat__Contract_Month-to-month, cat__InternetService_Fiber optic",0.0
1895-QTKDO,Female,0,No,No,1,Yes,No,DSL,No,No,No,No,No,No,Month-to-month,No,Credit card (automatic),43.95,43.95,No,0.33098676870360055,Low,Continue regular customer engagement,"num__tenure, cat__Contract_Month-to-month, cat__Contract_Two year",0.0
8161-QYMTT,Male,0,No,No,7,Yes,Yes,Fiber optic,No,No,No,No,Yes,Yes,Month-to-month,Yes,Electronic check,94.1,701.3,No,0.8066033895088386,High,Immediate retention offer and customer support follow-up,"num__tenure, cat__Contract_Month-to-month, cat__InternetService_Fiber optic",94.1
2955-PSXOE,Female,0,No,No,1,Yes,No,No,No internet service,No internet service,No internet service,No internet service,No internet service,No internet service,Month-to-month,Yes,Bank transfer (automatic),20.2,20.2,Yes,0.24389118452775407,Low,Continue regular customer engagement,"num__tenure, cat__Contract_Month-to-month, cat__Contract_Two year",0.0
6834-NXDCA,Female,0,No,No,13,No,No phone service,DSL,No,No,No,No,No,No,Month-to-month,Yes,Electronic check,23.9,300.8,Yes,0.5205459274847922,Medium,Targeted engagement and personalized offer,"num__tenure, cat__Contract_Month-to-month, cat__PhoneService_Yes",0.0
8701-DGLVH,Male,0,No,No,51,Yes,No,No,No internet service,No internet service,No internet service,No internet service,No internet service,No internet service,Two year,No,Mailed check,20.45,1042.65,No,0.005567395550953198,Low,Continue regular customer engagement,"cat__InternetService_DSL, cat__OnlineSecurity_Yes, cat__Dependents_Yes",0.0
2480-SQIOB,Male,0,Yes,Yes,4,Yes,No,DSL,No,No,No,No,No,No,Month-to-month,No,Electronic check,44.8,169.65,No,0.35322994421673826,Low,Continue regular customer engagement,"num__tenure, cat__Contract_Month-to-month, cat__PaymentMethod_Electronic check",0.0
4993-JCRGJ,Male,0,No,No,26,Yes,Yes,Fiber optic,No,No,Yes,Yes,No,No,Month-to-month,Yes,Mailed check,84.3,2281.6,No,0.416259193113281,Medium,Targeted engagement and personalized offer,"cat__Contract_Month-to-month, num__tenure, cat__InternetService_Fiber optic",0.0
0581-MDMPW,Female,0,No,No,24,Yes,Yes,Fiber optic,No,No,Yes,No,Yes,No,Month-to-month,Yes,Credit card (automatic),88.95,2072.75,No,0.5470528055690611,Medium,Targeted engagement and personalized offer,"num__tenure, cat__Contract_Month-to-month, cat__InternetService_Fiber optic",0.0
7789-CRUVC,Female,1,Yes,No,61,Yes,Yes,Fiber optic,Yes,Yes,Yes,Yes,No,No,Month-to-month,Yes,Credit card (automatic),94.2,5895.45,No,0.13952407838504952,Low,Continue regular customer engagement,"num__TotalCharges, cat__Contract_Month-to-month, cat__InternetService_Fiber optic",0.0
0164-APGRB,Female,0,No,No,72,Yes,Yes,Fiber optic,Yes,Yes,Yes,Yes,Yes,Yes,Two year,Yes,Electronic check,114.9,8496.7,No,0.08088304593082876,Low,Continue regular customer engagement,"num__TotalCharges, cat__InternetService_Fiber optic, cat__PaymentMethod_Electronic check",0.0
8034-RYTVV,Female,0,No,No,55,Yes,Yes,Fiber optic,Yes,No,Yes,No,No,No,One year,Yes,Credit card (automatic),84.25,4589.85,No,0.10452325543850287,Low,Continue regular customer engagement,"num__TotalCharges, cat__InternetService_Fiber optic, cat__Contract_Two year",0.0
3018-TFTSU,Male,0,No,No,12,Yes,No,Fiber optic,Yes,No,Yes,No,No,No,Month-to-month,No,Bank transfer (automatic),81.7,858.6,Yes,0.3255206256092848,Low,Continue regular customer engagement,"num__tenure, cat__Contract_Month-to-month, cat__InternetService_Fiber optic",0.0
9777-IQHWP,Male,0,Yes,Yes,64,Yes,Yes,Fiber optic,Yes,No,Yes,No,No,Yes,Two year,No,Bank transfer (automatic),93.4,5822.3,No,0.03588758593212968,Low,Continue regular customer engagement,"num__TotalCharges, cat__InternetService_Fiber optic, cat__InternetService_DSL",0.0
6899-PPEEA,Female,1,No,No,37,Yes,Yes,Fiber optic,No,No,No,No,Yes,Yes,Month-to-month,Yes,Electronic check,96.55,3580.3,Yes,0.6690166911411052,Medium,Targeted engagement and personalized offer,"num__TotalCharges, cat__Contract_Month-to-month, cat__InternetService_Fiber optic",0.0
6701-YVNQG,Male,0,Yes,No,72,Yes,Yes,DSL,Yes,Yes,Yes,Yes,Yes,Yes,Two year,Yes,Credit card (automatic),88.7,6301.7,No,0.01559226797080487,Low,Continue regular customer engagement,"num__TotalCharges, cat__MultipleLines_No, cat__PaperlessBilling_No",0.0
7649-PHJVR,Male,0,No,No,11,Yes,No,No,No internet service,No internet service,No internet service,No internet service,No internet service,No internet service,One year,No,Mailed check,19.5,226.8,No,0.06970863482385216,Low,Continue regular customer engagement,"num__tenure, cat__Contract_Two year, cat__InternetService_DSL",0.0
9278-VZKCD,Female,1,Yes,No,52,Yes,Yes,Fiber optic,Yes,Yes,Yes,No,Yes,Yes,Month-to-month,Yes,Electronic check,109.1,5647.95,No,0.4529535953308295,Medium,Targeted engagement and personalized offer,"num__TotalCharges, cat__Contract_Month-to-month, cat__InternetService_Fiber optic",0.0
7636-PEPNS,Female,0,Yes,Yes,58,Yes,No,DSL,No,No,No,No,No,No,One year,Yes,Mailed check,44.1,2413.05,No,0.027437799066306584,Low,Continue regular customer engagement,"cat__Contract_Two year, num__TotalCharges, cat__PaperlessBilling_No",0.0
1575-KRZZE,Female,0,No,No,4,Yes,No,DSL,Yes,Yes,No,No,No,No,Month-to-month,No,Electronic check,55.2,220.65,No,0.2661238797859926,Low,Continue regular customer engagement,"num__tenure, cat__Contract_Month-to-month, cat__PaymentMethod_Electronic check",0.0
8590-OHDIW,Female,0,Yes,Yes,38,Yes,No,No,No internet service,No internet service,No internet service,No internet service,No internet service,No internet service,One year,No,Mailed check,20.3,749.35,No,0.015934533852871503,Low,Continue regular customer engagement,"cat__Contract_Two year, cat__InternetService_DSL, cat__OnlineSecurity_Yes",0.0
7764-BDPEE,Male,0,No,Yes,3,Yes,No,No,No internet service,No internet service,No internet service,No internet service,No internet service,No internet service,Month-to-month,No,Mailed check,20.85,60.65,No,0.14942218832290918,Low,Continue regular customer engagement,"num__tenure, cat__Contract_Month-to-month, cat__Contract_Two year",0.0
9480-BQJEI,Male,0,No,No,62,Yes,Yes,Fiber optic,Yes,Yes,No,No,No,Yes,One year,Yes,Bank transfer (automatic),92.3,5731.45,No,0.10956982803741419,Low,Continue regular customer engagement,"num__TotalCharges, cat__InternetService_Fiber optic, cat__Contract_Two year",0.0
3354-OADJP,Female,0,No,No,8,Yes,No,DSL,Yes,No,No,Yes,No,No,One year,No,Bank transfer (automatic),54.25,447.75,No,0.07949793369628726,Low,Continue regular customer engagement,"num__tenure, cat__Contract_Two year, cat__Dependents_Yes",0.0
3181-MIZBN,Male,0,Yes,Yes,16,Yes,No,No,No internet service,No internet service,No internet service,No internet service,No internet service,No internet service,Month-to-month,No,Electronic check,19.75,313.4,No,0.11621738954746101,Low,Continue regular customer engagement,"num__tenure, cat__Contract_Month-to-month, cat__PaymentMethod_Electronic check",0.0
9327-QSDED,Male,0,No,No,8,Yes,No,DSL,No,No,No,No,No,No,Month-to-month,No,Mailed check,43.55,335.4,No,0.29208571843865094,Low,Continue regular customer engagement,"num__tenure, cat__Contract_Month-to-month, cat__Contract_Two year",0.0
4892-VLANZ,Male,0,No,No,1,Yes,No,No,No internet service,No internet service,No internet service,No internet service,No internet service,No internet service,Month-to-month,No,Mailed check,19.8,19.8,Yes,0.19561345815933465,Low,Continue regular customer engagement,"num__tenure, cat__Contract_Month-to-month, cat__Contract_Two year",0.0
0298-XACET,Male,0,Yes,Yes,52,No,No phone service,DSL,No,Yes,Yes,Yes,Yes,No,Two year,No,Mailed check,50.2,2554,No,0.01725034513519315,Low,Continue regular customer engagement,"cat__PhoneService_Yes, num__TotalCharges, cat__MultipleLines_No",0.0
6917-FIJHC,Female,0,Yes,No,72,Yes,Yes,No,No internet service,No internet service,No internet service,No internet service,No internet service,No internet service,Two year,Yes,Mailed check,26.0,1776,No,0.0042302182959180435,Low,Continue regular customer engagement,"cat__InternetService_DSL, cat__MultipleLines_No, cat__PaperlessBilling_No",0.0
6557-BZXLQ,Male,1,No,No,16,Yes,No,Fiber optic,No,No,No,No,No,No,Month-to-month,No,Electronic check,69.65,1043.3,No,0.527100478266433,Medium,Targeted engagement and personalized offer,"num__tenure, cat__Contract_Month-to-month, cat__InternetService_Fiber optic",0.0
2432-TFSMK,Male,0,No,No,18,Yes,Yes,Fiber optic,No,No,Yes,No,Yes,No,One year,Yes,Credit card (automatic),89.6,1633,No,0.43000094111219084,Medium,Targeted engagement and personalized offer,"num__tenure, cat__InternetService_Fiber optic, cat__Contract_Two year",0.0
4211-MMAZN,Male,0,No,No,1,Yes,No,No,No internet service,No internet service,No internet service,No internet service,No internet service,No internet service,Month-to-month,No,Mailed check,20.25,20.25,Yes,0.19565442757230186,Low,Continue regular customer engagement,"num__tenure, cat__Contract_Month-to-month, cat__Contract_Two year",0.0
4751-ERMAN,Male,0,Yes,Yes,72,Yes,No,DSL,No,Yes,Yes,No,Yes,Yes,Two year,Yes,Bank transfer (automatic),75.4,5480.25,No,0.01743845194505993,Low,Continue regular customer engagement,"num__TotalCharges, cat__PaperlessBilling_No, cat__OnlineSecurity_No",0.0
8430-TWCBX,Female,0,Yes,No,49,Yes,No,No,No internet service,No internet service,No internet service,No internet service,No internet service,No internet service,One year,No,Credit card (automatic),20.7,1032.05,No,0.010953971886674607,Low,Continue regular customer engagement,"cat__Contract_Two year, cat__InternetService_DSL, cat__OnlineSecurity_Yes",0.0
1942-OQFRW,Male,0,No,No,1,Yes,No,DSL,No,No,No,No,No,No,Month-to-month,No,Electronic check,44.0,44,No,0.4325070816481589,Medium,Targeted engagement and personalized offer,"num__tenure, cat__Contract_Month-to-month, cat__PaymentMethod_Electronic check",0.0
4075-JFPGR,Female,0,Yes,No,51,Yes,No,Fiber optic,Yes,Yes,Yes,No,Yes,No,One year,Yes,Electronic check,93.5,4619.55,No,0.14910589372183924,Low,Continue regular customer engagement,"num__TotalCharges, cat__InternetService_Fiber optic, cat__PaymentMethod_Electronic check",0.0
3339-EAQNV,Male,1,Yes,No,72,Yes,Yes,Fiber optic,No,Yes,No,No,Yes,Yes,One year,Yes,Credit card (automatic),97.25,7133.1,No,0.18506826628861367,Low,Continue regular customer engagement,"num__TotalCharges, cat__InternetService_Fiber optic, cat__Contract_Two year",0.0
5329-KRDTM,Male,1,Yes,No,72,Yes,Yes,DSL,No,Yes,Yes,Yes,Yes,No,Two year,No,Credit card (automatic),77.35,5396.25,No,0.01230607771384304,Low,Continue regular customer engagement,"num__TotalCharges, num__SeniorCitizen, cat__MultipleLines_No",0.0
0307-BCOPK,Female,0,No,No,16,Yes,No,No,No internet service,No internet service,No internet service,No internet service,No internet service,No internet service,One year,No,Mailed check,19.05,326.65,No,0.05452979556794721,Low,Continue regular customer engagement,"num__tenure, cat__Contract_Two year, cat__InternetService_DSL",0.0
6473-ULUHT,Male,0,Yes,Yes,16,Yes,Yes,DSL,Yes,Yes,No,Yes,Yes,Yes,Month-to-month,No,Electronic check,84.9,1398.25,No,0.2301438469385515,Low,Continue regular customer engagement,"num__tenure, cat__Contract_Month-to-month, cat__PaymentMethod_Electronic check",0.0
1194-SPVSP,Male,0,No,No,1,Yes,No,No,No internet service,No internet service,No internet service,No internet service,No internet service,No internet service,Month-to-month,No,Bank transfer (automatic),19.65,19.65,No,0.18542858361948975,Low,Continue regular customer engagement,"num__tenure, cat__Contract_Month-to-month, cat__Contract_Two year",0.0
7249-WBIYX,Male,0,Yes,No,10,Yes,Yes,Fiber optic,No,No,No,No,Yes,No,Month-to-month,Yes,Electronic check,85.6,813.85,Yes,0.7519481816802245,High,Immediate retention offer and customer support follow-up,"num__tenure, cat__Contract_Month-to-month, cat__InternetService_Fiber optic",85.6
2293-IJWPS,Female,0,Yes,No,57,Yes,Yes,Fiber optic,No,No,Yes,No,Yes,Yes,One year,Yes,Credit card (automatic),100.75,5985,No,0.2662839686529954,Low,Continue regular customer engagement,"num__TotalCharges, cat__InternetService_Fiber optic, cat__Contract_Two year",0.0
4377-VDHYI,Male,0,Yes,Yes,32,Yes,No,Fiber optic,Yes,Yes,No,No,No,Yes,One year,Yes,Electronic check,90.8,3023.85,No,0.2132523073825831,Low,Continue regular customer engagement,"num__TotalCharges, cat__InternetService_Fiber optic, cat__PaymentMethod_Electronic check",0.0
0019-EFAEP,Female,0,No,No,72,Yes,Yes,Fiber optic,Yes,Yes,Yes,No,Yes,No,Two year,Yes,Bank transfer (automatic),101.3,7261.25,No,0.04896771413681228,Low,Continue regular customer engagement,"num__TotalCharges, cat__InternetService_Fiber optic, cat__InternetService_DSL",0.0
2480-EJWYP,Female,1,Yes,No,58,Yes,Yes,Fiber optic,No,Yes,No,No,Yes,Yes,One year,Yes,Bank transfer (automatic),97.8,5458.8,No,0.23820600809432588,Low,Continue regular customer engagement,"num__TotalCharges, cat__InternetService_Fiber optic, cat__Contract_Two year",0.0
8970-ANWXO,Female,0,No,No,23,Yes,Yes,DSL,No,No,No,Yes,Yes,Yes,One year,Yes,Mailed check,73.75,1756.6,No,0.2077824932148735,Low,Continue regular customer engagement,"num__tenure, cat__Contract_Two year, cat__MultipleLines_No",0.0
8739-WWKDU,Male,1,No,No,25,Yes,Yes,Fiber optic,No,Yes,No,No,Yes,No,Month-to-month,Yes,Electronic check,89.5,2196.15,Yes,0.6485864472642024,Medium,Targeted engagement and personalized offer,"num__tenure, cat__Contract_Month-to-month, cat__InternetService_Fiber optic",0.0
2171-UDMFD,Male,0,Yes,Yes,32,Yes,No,No,No internet service,No internet service,No internet service,No internet service,No internet service,No internet service,Month-to-month,Yes,Credit card (automatic),19.45,674.55,No,0.05563980003049458,Low,Continue regular customer engagement,"cat__Contract_Month-to-month, cat__Contract_Two year, cat__InternetService_DSL",0.0
7036-TYDEC,Female,0,No,No,69,Yes,Yes,Fiber optic,No,No,Yes,Yes,Yes,Yes,Two year,No,Electronic check,104.0,7028.5,No,0.08209268041381548,Low,Continue regular customer engagement,"num__TotalCharges, cat__InternetService_Fiber optic, cat__PaymentMethod_Electronic check",0.0
3831-YCPUO,Female,0,Yes,Yes,72,Yes,No,Fiber optic,Yes,Yes,Yes,Yes,Yes,Yes,Two year,Yes,Credit card (automatic),109.5,7854.9,No,0.029370736976653683,Low,Continue regular customer engagement,"num__TotalCharges, cat__InternetService_Fiber optic, cat__InternetService_DSL",0.0
0121-SNYRK,Male,0,No,No,50,No,No phone service,DSL,Yes,No,No,Yes,No,No,One year,Yes,Mailed check,35.4,1748.9,No,0.03498553995444219,Low,Continue regular customer engagement,"cat__PhoneService_Yes, cat__Contract_Two year, cat__MultipleLines_No",0.0
3325-FUYCG,Male,0,Yes,Yes,28,Yes,Yes,Fiber optic,Yes,Yes,No,No,Yes,Yes,One year,No,Electronic check,106.1,2847.4,Yes,0.2663949423367329,Low,Continue regular customer engagement,"num__TotalCharges, cat__InternetService_Fiber optic, cat__PaymentMethod_Electronic check",0.0
1952-DVVSW,Female,0,Yes,No,10,Yes,No,No,No internet service,No internet service,No internet service,No internet service,No internet service,No internet service,One year,No,Mailed check,20.1,184.4,No,0.07269612711913696,Low,Continue regular customer engagement,"num__tenure, cat__Contract_Two year, cat__InternetService_DSL",0.0
3571-DPYUH,Male,0,Yes,Yes,58,Yes,Yes,Fiber optic,No,Yes,No,Yes,Yes,No,One year,Yes,Credit card (automatic),94.7,5430.35,No,0.104728606969149,Low,Continue regular customer engagement,"num__TotalCharges, cat__InternetService_Fiber optic, cat__Contract_Two year",0.0
2077-MPJQO,Male,1,Yes,No,7,Yes,Yes,Fiber optic,No,No,No,No,No,No,Month-to-month,Yes,Electronic check,75.4,533.05,No,0.7559764189397594,High,Immediate retention offer and customer support follow-up,"num__tenure, cat__Contract_Month-to-month, cat__InternetService_Fiber optic",75.4
2391-SOORI,Male,0,No,Yes,4,Yes,No,DSL,Yes,No,No,No,No,No,Month-to-month,No,Electronic check,49.35,219.65,Yes,0.2601484695372922,Low,Continue regular customer engagement,"num__tenure, cat__Contract_Month-to-month, cat__PaymentMethod_Electronic check",0.0
4086-ATNFV,Female,0,Yes,Yes,34,Yes,No,DSL,Yes,Yes,Yes,No,No,No,One year,Yes,Mailed check,60.8,2042.05,No,0.04581410296592968,Low,Continue regular customer engagement,"cat__Contract_Two year, cat__PaperlessBilling_No, cat__TechSupport_No",0.0
3396-DKDEL,Female,0,Yes,Yes,70,Yes,Yes,Fiber optic,Yes,Yes,Yes,Yes,Yes,Yes,Two year,Yes,Credit card (automatic),115.15,8250,No,0.047182019844774006,Low,Continue regular customer engagement,"num__TotalCharges, cat__InternetService_Fiber optic, cat__InternetService_DSL",0.0
7471-MQPOS,Male,1,Yes,Yes,71,Yes,Yes,DSL,No,Yes,Yes,Yes,No,Yes,One year,Yes,Bank transfer (automatic),72.9,5139.65,No,0.027672934313277824,Low,Continue regular customer engagement,"num__TotalCharges, cat__Contract_Two year, num__SeniorCitizen",0.0
7181-OQCUT,Male,0,No,No,21,Yes,Yes,Fiber optic,Yes,No,Yes,No,Yes,Yes,Month-to-month,No,Mailed check,103.85,2215,No,0.47892210973283983,Medium,Targeted engagement and personalized offer,"num__tenure, cat__Contract_Month-to-month, cat__InternetService_Fiber optic",0.0
3489-VSFRD,Female,0,No,No,56,Yes,No,DSL,Yes,No,Yes,Yes,No,No,One year,Yes,Credit card (automatic),60.25,3282.75,No,0.018370942179149353,Low,Continue regular customer engagement,"num__TotalCharges, cat__Contract_Two year, cat__PaperlessBilling_No",0.0
6283-GITPX,Male,0,No,Yes,71,Yes,No,DSL,Yes,Yes,Yes,Yes,Yes,No,Two year,Yes,Credit card (automatic),76.9,5522.7,No,0.006423959087595643,Low,Continue regular customer engagement,"num__TotalCharges, cat__PaperlessBilling_No, cat__StreamingTV_Yes",0.0
2845-HSJCY,Female,0,Yes,Yes,14,Yes,Yes,Fiber optic,No,No,Yes,No,No,Yes,Month-to-month,Yes,Electronic check,87.25,1258.6,Yes,0.6716855986548388,Medium,Targeted engagement and personalized offer,"num__tenure, cat__Contract_Month-to-month, cat__InternetService_Fiber optic",0.0
7216-KAOID,Male,0,Yes,Yes,41,Yes,No,No,No internet service,No internet service,No internet service,No internet service,No internet service,No internet service,One year,No,Bank transfer (automatic),19.5,798.2,No,0.013174172930002287,Low,Continue regular customer engagement,"cat__Contract_Two year, cat__InternetService_DSL, cat__OnlineSecurity_Yes",0.0
6680-WKXRZ,Female,0,No,No,3,Yes,Yes,Fiber optic,No,No,No,No,No,No,Month-to-month,No,Bank transfer (automatic),74.4,215.8,Yes,0.5794629566404164,Medium,Targeted engagement and personalized offer,"num__tenure, cat__Contract_Month-to-month, cat__InternetService_Fiber optic",0.0
2346-LOCWC,Female,0,Yes,Yes,58,Yes,No,No,No internet service,No internet service,No internet service,No internet service,No internet service,No internet service,Two year,No,Credit card (automatic),20.5,1191.4,No,0.00289273939826573,Low,Continue regular customer engagement,"cat__InternetService_DSL, cat__OnlineSecurity_Yes, cat__Partner_No",0.0
0769-MURVM,Female,0,Yes,Yes,72,No,No phone service,DSL,Yes,Yes,Yes,Yes,Yes,Yes,Two year,No,Bank transfer (automatic),65.7,4575.35,No,0.007484942351003172,Low,Continue regular customer engagement,"num__TotalCharges, cat__PhoneService_Yes, cat__MultipleLines_No",0.0
3374-LXDEV,Female,0,No,No,13,Yes,Yes,Fiber optic,No,Yes,Yes,Yes,No,No,Month-to-month,No,Electronic check,89.4,1132.35,Yes,0.45113515483233413,Medium,Targeted engagement and personalized offer,"num__tenure, cat__Contract_Month-to-month, cat__InternetService_Fiber optic",0.0
5318-YKDPV,Male,0,Yes,Yes,43,Yes,No,DSL,Yes,No,Yes,Yes,Yes,Yes,Two year,Yes,Credit card (automatic),79.15,3566.6,No,0.025489512911221143,Low,Continue regular customer engagement,"num__TotalCharges, cat__PaperlessBilling_No, cat__StreamingTV_Yes",0.0
8190-ZTQFB,Male,0,No,No,41,No,No phone service,DSL,No,No,Yes,No,Yes,Yes,One year,Yes,Electronic check,51.35,2075.1,No,0.22310308620723202,Low,Continue regular customer engagement,"cat__PhoneService_Yes, cat__PaymentMethod_Electronic check, cat__Contract_Two year",0.0
4512-ZUIYL,Female,0,No,No,2,Yes,No,Fiber optic,No,No,No,No,No,No,Month-to-month,No,Bank transfer (automatic),70.0,153.05,Yes,0.5188436671565073,Medium,Targeted engagement and personalized offer,"num__tenure, cat__Contract_Month-to-month, cat__InternetService_Fiber optic",0.0
3090-QFUVD,Female,0,No,No,1,Yes,No,No,No internet service,No internet service,No internet service,No internet service,No internet service,No internet service,Month-to-month,No,Credit card (automatic),20.3,20.3,No,0.1779958156078852,Low,Continue regular customer engagement,"num__tenure, cat__Contract_Month-to-month, cat__Contract_Two year",0.0
4806-KEXQR,Male,0,No,No,4,Yes,No,Fiber optic,No,No,No,No,No,Yes,Month-to-month,Yes,Electronic check,79.9,324.3,Yes,0.7303688965348963,High,Immediate retention offer and customer support follow-up,"num__tenure, cat__Contract_Month-to-month, cat__InternetService_Fiber optic",79.9
2369-FEVNO,Male,0,No,No,1,Yes,No,No,No internet service,No internet service,No internet service,No internet service,No internet service,No internet service,Month-to-month,Yes,Mailed check,19.9,19.9,No,0.2601832809713051,Low,Continue regular customer engagement,"num__tenure, cat__Contract_Month-to-month, cat__Contract_Two year",0.0
9637-CDTKZ,Male,0,Yes,No,72,Yes,Yes,Fiber optic,Yes,Yes,Yes,Yes,Yes,Yes,Two year,Yes,Credit card (automatic),114.1,8086.4,No,0.05189590913502413,Low,Continue regular customer engagement,"num__TotalCharges, cat__InternetService_Fiber optic, cat__InternetService_DSL",0.0
2954-PIBKO,Female,0,Yes,Yes,69,Yes,Yes,DSL,Yes,No,Yes,Yes,No,No,Two year,Yes,Credit card (automatic),64.15,4254.1,No,0.006598366434180772,Low,Continue regular customer engagement,"num__TotalCharges, cat__MultipleLines_No, cat__PaperlessBilling_No",0.0
2212-LYASK,Male,0,Yes,Yes,27,No,No phone service,DSL,No,Yes,Yes,No,No,Yes,One year,Yes,Credit card (automatic),45.85,1246.4,No,0.1513961493852896,Low,Continue regular customer engagement,"num__tenure, cat__PhoneService_Yes, cat__Contract_Two year",0.0
9481-SFCQY,Female,0,No,Yes,14,Yes,No,DSL,No,No,Yes,No,Yes,No,Month-to-month,Yes,Credit card (automatic),59.8,824.85,No,0.29143174297940494,Low,Continue regular customer engagement,"num__tenure, cat__Contract_Month-to-month, cat__Contract_Two year",0.0
2828-SLQPF,Male,0,No,No,19,Yes,No,DSL,No,No,No,No,No,No,Month-to-month,Yes,Bank transfer (automatic),45.0,865.85,No,0.2629082294265866,Low,Continue regular customer engagement,"num__tenure, cat__Contract_Month-to-month, cat__Contract_Two year",0.0
4647-MUZON,Female,0,Yes,No,18,Yes,No,Fiber optic,No,No,Yes,No,Yes,Yes,Month-to-month,Yes,Credit card (automatic),95.95,1745.5,No,0.5932338020624864,Medium,Targeted engagement and personalized offer,"num__tenure, cat__Contract_Month-to-month, cat__InternetService_Fiber optic",0.0
8212-DJRCH,Male,0,Yes,Yes,5,Yes,No,Fiber optic,Yes,No,Yes,No,No,Yes,Month-to-month,Yes,Mailed check,90.35,434.5,No,0.4937363721484449,Medium,Targeted engagement and personalized offer,"num__tenure, cat__Contract_Month-to-month, cat__InternetService_Fiber optic",0.0
0516-OOHAR,Male,0,Yes,Yes,28,Yes,No,Fiber optic,No,Yes,Yes,No,Yes,Yes,One year,No,Bank transfer (automatic),100.35,2799,No,0.21327030521407866,Low,Continue regular customer engagement,"num__TotalCharges, cat__InternetService_Fiber optic, cat__Contract_Two year",0.0
4973-RLZVI,Female,0,No,No,30,Yes,No,DSL,Yes,Yes,Yes,Yes,Yes,No,One year,No,Credit card (automatic),74.65,2308.6,No,0.03990943462260283,Low,Continue regular customer engagement,"cat__Contract_Two year, num__TotalCharges, cat__StreamingTV_Yes",0.0
8089-UZWLX,Female,1,No,No,71,Yes,Yes,Fiber optic,No,No,Yes,No,Yes,Yes,Two year,No,Bank transfer (automatic),104.05,7413.55,No,0.0932403216952702,Low,Continue regular customer engagement,"num__TotalCharges, cat__InternetService_Fiber optic, cat__InternetService_DSL",0.0
9732-KPKBW,Male,0,No,No,1,Yes,No,DSL,Yes,No,No,Yes,No,No,Month-to-month,Yes,Electronic check,53.95,53.95,Yes,0.3296187643254188,Low,Continue regular customer engagement,"num__tenure, cat__Contract_Month-to-month, cat__PaymentMethod_Electronic check",0.0
9715-WZCLW,Male,0,Yes,Yes,71,Yes,Yes,Fiber optic,Yes,No,No,No,Yes,Yes,Two year,Yes,Electronic check,97.2,6910.3,No,0.08518786426576884,Low,Continue regular customer engagement,"num__TotalCharges, cat__InternetService_Fiber optic, cat__PaymentMethod_Electronic check",0.0
0257-KXZGU,Female,0,Yes,Yes,32,Yes,Yes,DSL,No,Yes,Yes,No,No,No,Month-to-month,No,Bank transfer (automatic),62.45,2045.55,No,0.124179894804212,Low,Continue regular customer engagement,"cat__Contract_Month-to-month, cat__Contract_Two year, cat__MultipleLines_No",0.0
0707-HOVVN,Female,1,No,No,70,Yes,Yes,DSL,No,Yes,Yes,Yes,Yes,No,Two year,Yes,Bank transfer (automatic),75.5,5212.65,No,0.018480871355955584,Low,Continue regular customer engagement,"num__TotalCharges, num__SeniorCitizen, cat__MultipleLines_No",0.0
5501-TVMGM,Male,0,No,No,1,Yes,No,DSL,No,No,No,No,No,Yes,Month-to-month,Yes,Electronic check,55.25,55.25,No,0.5775137249510371,Medium,Targeted engagement and personalized offer,"num__tenure, cat__Contract_Month-to-month, cat__PaymentMethod_Electronic check",0.0
3422-LYEPQ,Male,0,Yes,Yes,1,Yes,No,Fiber optic,No,No,No,No,No,No,Month-to-month,Yes,Electronic check,71.0,71,Yes,0.6621416833421975,Medium,Targeted engagement and personalized offer,"num__tenure, cat__Contract_Month-to-month, cat__InternetService_Fiber optic",0.0
2277-VWCNI,Female,1,No,No,4,Yes,Yes,DSL,No,No,No,No,No,No,Month-to-month,No,Mailed check,48.75,179.85,No,0.42449803404603687,Medium,Targeted engagement and personalized offer,"num__tenure, cat__Contract_Month-to-month, cat__Contract_Two year",0.0
5461-QKNTN,Male,1,Yes,No,43,Yes,Yes,Fiber optic,No,Yes,No,Yes,Yes,No,Month-to-month,Yes,Electronic check,94.3,3953.15,No,0.4387187945405121,Medium,Targeted engagement and personalized offer,"num__TotalCharges, cat__Contract_Month-to-month, cat__InternetService_Fiber optic",0.0
3967-KXAPS,Male,0,Yes,No,72,Yes,Yes,DSL,Yes,Yes,Yes,Yes,Yes,Yes,Two year,No,Credit card (automatic),92.3,6719.9,No,0.012082810297429481,Low,Continue regular customer engagement,"num__TotalCharges, cat__MultipleLines_No, cat__StreamingTV_Yes",0.0
6919-ELBGL,Male,1,Yes,Yes,72,Yes,Yes,Fiber optic,Yes,Yes,Yes,Yes,Yes,Yes,Two year,Yes,Bank transfer (automatic),114.95,8196.4,No,0.05070137927384158,Low,Continue regular customer engagement,"num__TotalCharges, cat__InternetService_Fiber optic, cat__InternetService_DSL",0.0
8361-LTMKD,Male,1,Yes,No,4,Yes,Yes,Fiber optic,No,No,No,No,No,No,Month-to-month,Yes,Mailed check,74.4,306.6,Yes,0.7141853547387598,High,Immediate retention offer and customer support follow-up,"num__tenure, cat__Contract_Month-to-month, cat__InternetService_Fiber optic",74.4
1131-ALZWV,Female,0,No,No,24,Yes,Yes,No,No internet service,No internet service,No internet service,No internet service,No internet service,No internet service,One year,No,Bank transfer (automatic),24.6,605.25,No,0.04783997437237136,Low,Continue regular customer engagement,"num__tenure, cat__Contract_Two year, cat__InternetService_DSL",0.0
5178-LMXOP,Male,1,Yes,No,1,Yes,Yes,Fiber optic,No,No,No,No,Yes,Yes,Month-to-month,Yes,Electronic check,95.1,95.1,Yes,0.8532145666766329,High,Immediate retention offer and customer support follow-up,"num__tenure, cat__Contract_Month-to-month, cat__InternetService_Fiber optic",95.1
8992-CEUEN,Female,0,No,No,1,Yes,No,No,No internet service,No internet service,No internet service,No internet service,No internet service,No internet service,Month-to-month,No,Electronic check,18.85,18.85,No,0.2461204013612692,Low,Continue regular customer engagement,"num__tenure, cat__Contract_Month-to-month, cat__PaymentMethod_Electronic check",0.0
3320-VEOYC,Male,1,No,No,14,Yes,Yes,Fiber optic,No,No,No,No,Yes,Yes,Month-to-month,Yes,Electronic check,95.6,1273.3,No,0.7941598009649594,High,Immediate retention offer and customer support follow-up,"num__tenure, cat__Contract_Month-to-month, cat__InternetService_Fiber optic",95.6
3672-YITQD,Male,1,Yes,No,36,Yes,Yes,Fiber optic,No,No,No,No,No,Yes,Month-to-month,Yes,Electronic check,84.1,3021.6,Yes,0.609022527759138,Medium,Targeted engagement and personalized offer,"cat__Contract_Month-to-month, num__TotalCharges, cat__InternetService_Fiber optic",0.0
6080-TCMYC,Male,0,Yes,Yes,40,Yes,Yes,Fiber optic,No,No,Yes,No,No,No,Month-to-month,Yes,Electronic check,81.2,3292.3,No,0.4177703316523493,Medium,Targeted engagement and personalized offer,"num__TotalCharges, cat__Contract_Month-to-month, cat__InternetService_Fiber optic",0.0
6734-FQAJX,Male,1,No,No,67,Yes,No,Fiber optic,Yes,Yes,No,Yes,Yes,Yes,Two year,Yes,Electronic check,105.05,7171.7,No,0.07047014420592725,Low,Continue regular customer engagement,"num__TotalCharges, cat__InternetService_Fiber optic, cat__PaymentMethod_Electronic check",0.0
1063-DHQJF,Male,0,Yes,Yes,69,Yes,No,Fiber optic,No,Yes,No,Yes,Yes,No,Two year,Yes,Mailed check,92.15,6480.9,No,0.03502642025060837,Low,Continue regular customer engagement,"num__TotalCharges, cat__InternetService_Fiber optic, cat__InternetService_DSL",0.0
3976-NLDEZ,Male,0,No,No,1,Yes,No,No,No internet service,No internet service,No internet service,No internet service,No internet service,No internet service,Month-to-month,No,Mailed check,20.6,20.6,No,0.1956862971603339,Low,Continue regular customer engagement,"num__tenure, cat__Contract_Month-to-month, cat__Contract_Two year",0.0
1729-VLAZJ,Female,0,No,Yes,10,No,No phone service,DSL,Yes,Yes,No,Yes,No,No,One year,No,Mailed check,40.25,411.45,No,0.08887024221873628,Low,Continue regular customer engagement,"num__tenure, cat__PhoneService_Yes, cat__Contract_Two year",0.0
3400-ESFUW,Male,0,Yes,Yes,55,Yes,No,DSL,Yes,Yes,No,Yes,No,No,Two year,No,Bank transfer (automatic),57.55,3046.4,Yes,0.00488637072445527,Low,Continue regular customer engagement,"num__TotalCharges, cat__Partner_No, cat__PaymentMethod_Credit card (automatic)",0.0
5271-YNWVR,Male,0,Yes,Yes,68,Yes,Yes,Fiber optic,Yes,Yes,Yes,Yes,Yes,Yes,Two year,Yes,Electronic check,113.15,7856,Yes,0.0710928681379289,Low,Continue regular customer engagement,"num__TotalCharges, cat__InternetService_Fiber optic, cat__PaymentMethod_Electronic check",0.0
1587-FKLZB,Male,1,Yes,Yes,66,Yes,Yes,Fiber optic,No,No,Yes,No,Yes,Yes,Month-to-month,Yes,Credit card (automatic),99.5,6822.15,Yes,0.34489721785107286,Low,Continue regular customer engagement,"num__TotalCharges, cat__Contract_Month-to-month, cat__InternetService_Fiber optic",0.0
0958-YHXGP,Female,0,No,No,7,Yes,No,Fiber optic,No,No,No,No,No,No,Month-to-month,Yes,Mailed check,69.9,497.3,No,0.5825006253067049,Medium,Targeted engagement and personalized offer,"num__tenure, cat__Contract_Month-to-month, cat__InternetService_Fiber optic",0.0
1494-EJZDW,Female,0,Yes,Yes,10,Yes,No,No,No internet service,No internet service,No internet service,No internet service,No internet service,No internet service,Two year,No,Mailed check,20.15,220.8,No,0.031159785965205262,Low,Continue regular customer engagement,"num__tenure, cat__InternetService_DSL, cat__OnlineSecurity_Yes",0.0
1816-FLZDK,Male,0,No,No,1,No,No phone service,DSL,No,No,No,Yes,No,No,Month-to-month,No,Mailed check,29.15,29.15,No,0.4033624527398226,Medium,Targeted engagement and personalized offer,"num__tenure, cat__Contract_Month-to-month, cat__PhoneService_Yes",0.0
2075-PUEPR,Male,0,Yes,Yes,55,Yes,No,No,No internet service,No internet service,No internet service,No internet service,No internet service,No internet service,Two year,No,Bank transfer (automatic),19.35,1153.25,No,0.003531864315451829,Low,Continue regular customer engagement,"cat__InternetService_DSL, cat__OnlineSecurity_Yes, cat__Partner_No",0.0
1833-TCXKK,Male,0,Yes,No,45,Yes,Yes,Fiber optic,No,Yes,Yes,No,Yes,Yes,Month-to-month,Yes,Bank transfer (automatic),107.75,4882.8,No,0.4773301314499505,Medium,Targeted engagement and personalized offer,"num__TotalCharges, cat__Contract_Month-to-month, cat__InternetService_Fiber optic",0.0
1436-ZMJAN,Female,0,Yes,No,10,Yes,No,DSL,No,No,Yes,No,Yes,Yes,Month-to-month,Yes,Credit card (automatic),67.8,653.15,No,0.43645167410194036,Medium,Targeted engagement and personalized offer,"num__tenure, cat__Contract_Month-to-month, cat__Contract_Two year",0.0
0106-UGRDO,Female,0,Yes,No,69,Yes,Yes,Fiber optic,Yes,Yes,Yes,Yes,Yes,Yes,Two year,Yes,Electronic check,116.0,8182.85,No,0.08879268257866423,Low,Continue regular customer engagement,"num__TotalCharges, cat__InternetService_Fiber optic, cat__PaymentMethod_Electronic check",0.0
1069-XAIEM,Female,1,No,No,1,Yes,Yes,Fiber optic,No,No,No,No,No,Yes,Month-to-month,Yes,Electronic check,85.05,85.05,Yes,0.817896914708734,High,Immediate retention offer and customer support follow-up,"num__tenure, cat__Contract_Month-to-month, cat__InternetService_Fiber optic",85.05
4213-HKBJO,Female,0,No,No,33,Yes,Yes,No,No internet service,No internet service,No internet service,No internet service,No internet service,No internet service,Two year,No,Credit card (automatic),25.7,826.1,No,0.01607398638061673,Low,Continue regular customer engagement,"cat__InternetService_DSL, cat__MultipleLines_No, cat__OnlineSecurity_Yes",0.0
8345-MVDYC,Female,0,No,No,45,Yes,No,DSL,Yes,No,Yes,Yes,Yes,Yes,Two year,No,Bank transfer (automatic),81.65,3618.7,No,0.020039410576350034,Low,Continue regular customer engagement,"num__TotalCharges, cat__StreamingTV_Yes, cat__StreamingMovies_Yes",0.0
2672-OJQZP,Female,0,No,No,1,Yes,No,DSL,No,No,No,No,No,No,Month-to-month,No,Mailed check,44.75,44.75,No,0.35261105765333417,Low,Continue regular customer engagement,"num__tenure, cat__Contract_Month-to-month, cat__Contract_Two year",0.0
5136-RGMZO,Male,0,No,No,31,Yes,Yes,DSL,No,Yes,No,Yes,Yes,No,Month-to-month,Yes,Electronic check,71.05,2168.15,No,0.2661248345203333,Low,Continue regular customer engagement,"cat__Contract_Month-to-month, cat__PaymentMethod_Electronic check, cat__Contract_Two year",0.0
5774-QPLTF,Male,0,Yes,Yes,50,Yes,No,No,No internet service,No internet service,No internet service,No internet service,No internet service,No internet service,One year,Yes,Mailed check,20.35,938.95,No,0.013060127013837982,Low,Continue regular customer engagement,"cat__Contract_Two year, cat__InternetService_DSL, cat__PaperlessBilling_No",0.0
5240-CAOYT,Female,0,No,No,57,Yes,Yes,Fiber optic,Yes,Yes,No,Yes,No,No,Month-to-month,Yes,Bank transfer (automatic),87.55,4884.85,No,0.12299349305526902,Low,Continue regular customer engagement,"num__TotalCharges, cat__Contract_Month-to-month, cat__InternetService_Fiber optic",0.0
3707-GNWHM,Male,0,No,No,1,Yes,Yes,Fiber optic,No,No,No,No,No,No,Month-to-month,Yes,Mailed check,74.25,74.25,Yes,0.6996995453711816,Medium,Targeted engagement and personalized offer,"num__tenure, cat__Contract_Month-to-month, cat__InternetService_Fiber optic",0.0
5159-YFPKQ,Female,0,No,No,2,Yes,No,Fiber optic,No,No,Yes,No,No,No,Month-to-month,Yes,Electronic check,75.8,160.75,Yes,0.6863092924362251,Medium,Targeted engagement and personalized offer,"num__tenure, cat__Contract_Month-to-month, cat__InternetService_Fiber optic",0.0
5052-PNLOS,Male,0,No,No,3,Yes,Yes,Fiber optic,No,Yes,Yes,No,Yes,Yes,Month-to-month,Yes,Bank transfer (automatic),105.35,323.25,Yes,0.7186875918991997,High,Immediate retention offer and customer support follow-up,"num__tenure, cat__Contract_Month-to-month, cat__InternetService_Fiber optic",105.35
6173-GOLSU,Male,1,Yes,No,67,Yes,Yes,Fiber optic,No,No,No,No,Yes,Yes,Month-to-month,Yes,Credit card (automatic),94.65,6079,No,0.3511010781377838,Low,Continue regular customer engagement,"num__TotalCharges, cat__Contract_Month-to-month, cat__InternetService_Fiber optic",0.0
6661-HBGWL,Female,1,No,No,42,Yes,Yes,Fiber optic,No,Yes,Yes,No,Yes,Yes,Month-to-month,Yes,Bank transfer (automatic),104.75,4323.45,Yes,0.5061702751298102,Medium,Targeted engagement and personalized offer,"num__TotalCharges, cat__Contract_Month-to-month, cat__InternetService_Fiber optic",0.0
8207-VVMYB,Female,0,Yes,No,70,Yes,Yes,No,No internet service,No internet service,No internet service,No internet service,No internet service,No internet service,Two year,Yes,Bank transfer (automatic),26.0,2006.95,No,0.0046783225244536935,Low,Continue regular customer engagement,"cat__InternetService_DSL, cat__MultipleLines_No, cat__PaperlessBilling_No",0.0
5324-KTGCG,Male,0,Yes,No,71,Yes,No,No,No internet service,No internet service,No internet service,No internet service,No internet service,No internet service,One year,No,Electronic check,20.85,1539.75,No,0.005980093128247835,Low,Continue regular customer engagement,"cat__PaymentMethod_Electronic check, cat__Contract_Two year, cat__InternetService_DSL",0.0
7354-OIJLX,Male,0,No,No,9,Yes,Yes,Fiber optic,No,No,No,No,No,No,Month-to-month,Yes,Electronic check,75.85,724.65,No,0.7119035947341812,High,Immediate retention offer and customer support follow-up,"num__tenure, cat__Contract_Month-to-month, cat__InternetService_Fiber optic",75.85
9286-BHDQG,Male,0,Yes,Yes,72,No,No phone service,DSL,Yes,Yes,Yes,Yes,No,No,Two year,No,Credit card (automatic),45.25,3139.8,No,0.0033528460788741056,Low,Continue regular customer engagement,"num__TotalCharges, cat__PhoneService_Yes, cat__MultipleLines_No",0.0
3567-PQTSO,Male,0,Yes,Yes,53,Yes,Yes,Fiber optic,No,Yes,Yes,No,Yes,Yes,One year,Yes,Electronic check,105.25,5576.3,No,0.29264995094051033,Low,Continue regular customer engagement,"num__TotalCharges, cat__InternetService_Fiber optic, cat__PaymentMethod_Electronic check",0.0
3197-ARFOY,Female,1,No,No,19,Yes,No,Fiber optic,Yes,Yes,No,Yes,Yes,Yes,Month-to-month,Yes,Mailed check,105.0,2007.25,No,0.4176645867353326,Medium,Targeted engagement and personalized offer,"num__tenure, cat__Contract_Month-to-month, cat__InternetService_Fiber optic",0.0
5698-BQJOH,Female,0,No,No,9,Yes,Yes,Fiber optic,No,No,No,No,Yes,Yes,Month-to-month,No,Electronic check,94.4,857.25,Yes,0.7256301804930962,High,Immediate retention offer and customer support follow-up,"num__tenure, cat__Contract_Month-to-month, cat__InternetService_Fiber optic",94.4
1090-ESELR,Male,0,Yes,Yes,72,Yes,No,Fiber optic,Yes,Yes,No,Yes,Yes,Yes,Two year,No,Bank transfer (automatic),105.5,7611.55,No,0.021158357581903074,Low,Continue regular customer engagement,"num__TotalCharges, cat__InternetService_Fiber optic, cat__InternetService_DSL",0.0
0056-EPFBG,Male,0,Yes,Yes,20,No,No phone service,DSL,Yes,No,Yes,Yes,No,No,Two year,Yes,Credit card (automatic),39.4,825.4,No,0.04858603369721468,Low,Continue regular customer engagement,"num__tenure, cat__PhoneService_Yes, cat__MultipleLines_No",0.0
4955-VCWBI,Female,0,Yes,Yes,43,Yes,No,No,No internet service,No internet service,No internet service,No internet service,No internet service,No internet service,One year,No,Mailed check,20.0,817.95,No,0.012463352360025456,Low,Continue regular customer engagement,"cat__Contract_Two year, cat__InternetService_DSL, cat__OnlineSecurity_Yes",0.0
4717-GHADL,Female,0,No,No,50,Yes,Yes,DSL,No,Yes,No,Yes,Yes,Yes,Two year,Yes,Mailed check,79.6,4024.2,No,0.04575458329025678,Low,Continue regular customer engagement,"num__TotalCharges, cat__MultipleLines_No, cat__PaperlessBilling_No",0.0
0058-EVZWM,Female,0,Yes,No,55,Yes,Yes,Fiber optic,Yes,No,No,No,Yes,No,Month-to-month,Yes,Bank transfer (automatic),89.8,4959.6,No,0.26027917463535954,Low,Continue regular customer engagement,"num__TotalCharges, cat__Contract_Month-to-month, cat__InternetService_Fiber optic",0.0
7218-HKQFK,Male,0,Yes,No,2,Yes,No,Fiber optic,No,No,No,Yes,Yes,Yes,Month-to-month,Yes,Electronic check,94.2,167.5,Yes,0.7144171462332555,High,Immediate retention offer and customer support follow-up,"num__tenure, cat__Contract_Month-to-month, cat__InternetService_Fiber optic",94.2
5057-RKGLH,Female,0,Yes,Yes,9,Yes,No,No,No internet service,No internet service,No internet service,No internet service,No internet service,No internet service,Two year,No,Mailed check,20.35,191.1,No,0.03256988660357907,Low,Continue regular customer engagement,"num__tenure, cat__InternetService_DSL, cat__OnlineSecurity_Yes",0.0
2309-OSFEU,Male,0,No,No,10,No,No phone service,DSL,No,No,No,No,No,Yes,Month-to-month,Yes,Mailed check,33.9,298.45,Yes,0.539607663418061,Medium,Targeted engagement and personalized offer,"num__tenure, cat__Contract_Month-to-month, cat__PhoneService_Yes",0.0
3429-IFLEM,Female,0,No,No,71,Yes,No,DSL,Yes,Yes,Yes,Yes,Yes,No,Two year,No,Credit card (automatic),77.35,5550.1,No,0.005518507783926816,Low,Continue regular customer engagement,"num__TotalCharges, cat__StreamingTV_Yes, cat__Dependents_Yes",0.0
1550-LOAHA,Female,0,Yes,No,32,Yes,No,Fiber optic,No,Yes,No,No,No,Yes,Month-to-month,No,Bank transfer (automatic),84.15,2585.95,Yes,0.3025767862727736,Low,Continue regular customer engagement,"cat__Contract_Month-to-month, cat__InternetService_Fiber optic, num__TotalCharges",0.0
1400-MMYXY,Male,1,Yes,No,3,Yes,Yes,Fiber optic,No,Yes,Yes,No,Yes,Yes,Month-to-month,Yes,Electronic check,105.9,334.65,Yes,0.8164166041579287,High,Immediate retention offer and customer support follow-up,"num__tenure, cat__Contract_Month-to-month, cat__InternetService_Fiber optic",105.9
7503-QQRVF,Male,1,Yes,No,16,Yes,No,Fiber optic,No,Yes,No,No,No,No,Month-to-month,Yes,Credit card (automatic),74.3,1178.25,Yes,0.4864888033652902,Medium,Targeted engagement and personalized offer,"num__tenure, cat__Contract_Month-to-month, cat__InternetService_Fiber optic",0.0
7504-UWHNB,Male,0,No,No,25,Yes,No,Fiber optic,No,No,No,No,No,No,Month-to-month,No,Electronic check,69.75,1729.35,No,0.4160138143807019,Medium,Targeted engagement and personalized offer,"num__tenure, cat__Contract_Month-to-month, cat__InternetService_Fiber optic",0.0
9565-JSNFM,Male,0,No,No,38,Yes,No,Fiber optic,No,No,No,No,No,No,One year,Yes,Bank transfer (automatic),70.45,2597.6,Yes,0.17997674470136657,Low,Continue regular customer engagement,"cat__InternetService_Fiber optic, num__TotalCharges, cat__Contract_Two year",0.0
4735-BJKOU,Female,0,No,No,40,Yes,No,No,No internet service,No internet service,No internet service,No internet service,No internet service,No internet service,Two year,No,Mailed check,20.15,804.85,No,0.009188184376566438,Low,Continue regular customer engagement,"cat__InternetService_DSL, cat__OnlineSecurity_Yes, cat__Dependents_Yes",0.0
3580-GICBM,Female,0,Yes,Yes,61,Yes,Yes,No,No internet service,No internet service,No internet service,No internet service,No internet service,No internet service,Two year,Yes,Mailed check,24.2,1445.2,No,0.005540527814287851,Low,Continue regular customer engagement,"cat__InternetService_DSL, cat__MultipleLines_No, cat__PaperlessBilling_No",0.0
7632-YUTXB,Female,0,Yes,Yes,25,Yes,No,No,No internet service,No internet service,No internet service,No internet service,No internet service,No internet service,One year,No,Mailed check,20.05,520.1,No,0.029631134283747668,Low,Continue regular customer engagement,"num__tenure, cat__Contract_Two year, cat__InternetService_DSL",0.0
9412-ARGBX,Female,0,No,Yes,48,Yes,No,Fiber optic,No,Yes,Yes,Yes,Yes,No,Two year,Yes,Mailed check,95.5,4627.85,Yes,0.059077178135918014,Low,Continue regular customer engagement,"num__TotalCharges, cat__InternetService_Fiber optic, cat__InternetService_DSL",0.0
9576-ANLXO,Female,0,No,No,3,Yes,No,Fiber optic,No,No,No,No,No,No,Month-to-month,Yes,Bank transfer (automatic),69.55,222.3,Yes,0.6008012309909244,Medium,Targeted engagement and personalized offer,"num__tenure, cat__Contract_Month-to-month, cat__InternetService_Fiber optic",0.0
1110-KYLGQ,Female,0,No,No,63,Yes,Yes,Fiber optic,Yes,Yes,Yes,No,Yes,Yes,Month-to-month,No,Credit card (automatic),108.25,6780.1,No,0.19299680832469965,Low,Continue regular customer engagement,"num__TotalCharges, cat__Contract_Month-to-month, cat__InternetService_Fiber optic",0.0
8696-JKZNU,Female,1,No,No,37,Yes,Yes,Fiber optic,No,No,No,No,No,No,Month-to-month,Yes,Electronic check,76.25,2841.55,Yes,0.5218641222536957,Medium,Targeted engagement and personalized offer,"cat__Contract_Month-to-month, num__TotalCharges, cat__InternetService_Fiber optic",0.0
8757-TFHHJ,Male,0,No,No,1,Yes,No,DSL,Yes,No,No,No,No,No,Month-to-month,Yes,Credit card (automatic),49.8,49.8,No,0.32249332844676476,Low,Continue regular customer engagement,"num__tenure, cat__Contract_Month-to-month, cat__Contract_Two year",0.0
2955-BJZHG,Male,0,Yes,Yes,17,Yes,No,Fiber optic,No,No,No,No,Yes,No,Month-to-month,No,Electronic check,80.85,1400.85,Yes,0.5019697401742734,Medium,Targeted engagement and personalized offer,"num__tenure, cat__Contract_Month-to-month, cat__InternetService_Fiber optic",0.0
9048-JVYVF,Male,0,No,No,3,Yes,No,DSL,No,No,No,Yes,Yes,Yes,Month-to-month,Yes,Electronic check,69.35,191.35,Yes,0.51811276499462,Medium,Targeted engagement and personalized offer,"num__tenure, cat__Contract_Month-to-month, cat__PaymentMethod_Electronic check",0.0
0682-USIXD,Female,0,Yes,No,21,Yes,No,Fiber optic,No,No,No,Yes,Yes,No,Month-to-month,Yes,Electronic check,86.05,1818.9,No,0.5252907498451743,Medium,Targeted engagement and personalized offer,"num__tenure, cat__Contract_Month-to-month, cat__InternetService_Fiber optic",0.0
3884-UEBXB,Female,0,Yes,Yes,67,No,No phone service,DSL,Yes,Yes,No,No,No,No,Two year,No,Bank transfer (automatic),36.15,2434.45,No,0.005611952944594868,Low,Continue regular customer engagement,"cat__PhoneService_Yes, num__TotalCharges, cat__MultipleLines_No",0.0
1776-SPBWV,Female,0,Yes,Yes,34,Yes,No,No,No internet service,No internet service,No internet service,No internet service,No internet service,No internet service,One year,Yes,Bank transfer (automatic),20.1,682.1,No,0.025975072312557614,Low,Continue regular customer engagement,"cat__Contract_Two year, cat__InternetService_DSL, cat__PaperlessBilling_No",0.0
9050-QLROH,Male,0,No,No,18,Yes,Yes,Fiber optic,No,No,Yes,No,No,Yes,Month-to-month,Yes,Credit card (automatic),90.7,1597.25,Yes,0.6003722339087935,Medium,Targeted engagement and personalized offer,"num__tenure, cat__Contract_Month-to-month, cat__InternetService_Fiber optic",0.0
2925-VDZHY,Male,0,Yes,Yes,72,Yes,Yes,DSL,Yes,Yes,Yes,Yes,Yes,Yes,Two year,No,Credit card (automatic),88.7,6501.35,No,0.009090464857186027,Low,Continue regular customer engagement,"num__TotalCharges, cat__MultipleLines_No, cat__StreamingTV_Yes",0.0
9512-UIBFX,Male,0,Yes,Yes,18,Yes,No,Fiber optic,No,No,Yes,No,Yes,Yes,Month-to-month,No,Mailed check,95.15,1779.95,Yes,0.4760616365696511,Medium,Targeted engagement and personalized offer,"num__tenure, cat__Contract_Month-to-month, cat__InternetService_Fiber optic",0.0
8676-TRMJS,Male,0,No,No,3,Yes,Yes,Fiber optic,No,No,No,No,No,No,Month-to-month,No,Mailed check,75.0,209.1,Yes,0.6000398518769218,Medium,Targeted engagement and personalized offer,"num__tenure, cat__Contract_Month-to-month, cat__InternetService_Fiber optic",0.0
3334-CTHOL,Female,0,No,No,1,Yes,Yes,DSL,No,No,No,No,No,No,Month-to-month,Yes,Bank transfer (automatic),49.95,49.95,Yes,0.4947783993952223,Medium,Targeted engagement and personalized offer,"num__tenure, cat__Contract_Month-to-month, cat__Contract_Two year",0.0
6331-LWDTQ,Male,0,No,No,10,Yes,Yes,DSL,No,No,No,No,Yes,Yes,Month-to-month,Yes,Credit card (automatic),72.15,794.25,Yes,0.5268937011588222,Medium,Targeted engagement and personalized offer,"num__tenure, cat__Contract_Month-to-month, cat__Contract_Two year",0.0
3847-BAERP,Female,0,No,No,10,Yes,No,No,No internet service,No internet service,No internet service,No internet service,No internet service,No internet service,Month-to-month,Yes,Mailed check,20.9,247,No,0.18441416462420382,Low,Continue regular customer engagement,"num__tenure, cat__Contract_Month-to-month, cat__Contract_Two year",0.0
4709-LKHYG,Female,0,Yes,Yes,29,Yes,No,No,No internet service,No internet service,No internet service,No internet service,No internet service,No internet service,One year,No,Electronic check,20.0,540.05,No,0.032877037664320034,Low,Continue regular customer engagement,"cat__PaymentMethod_Electronic check, cat__Contract_Two year, cat__InternetService_DSL",0.0
8621-MNIHH,Female,1,Yes,No,34,Yes,Yes,Fiber optic,No,Yes,Yes,No,No,Yes,Month-to-month,Yes,Electronic check,94.25,3217.55,Yes,0.5882664181660267,Medium,Targeted engagement and personalized offer,"num__TotalCharges, cat__Contract_Month-to-month, cat__InternetService_Fiber optic",0.0
8884-ADFVN,Male,1,Yes,No,7,Yes,Yes,Fiber optic,No,No,Yes,No,Yes,Yes,Month-to-month,Yes,Electronic check,101.95,700.85,Yes,0.8253475011167487,High,Immediate retention offer and customer support follow-up,"num__tenure, cat__Contract_Month-to-month, cat__InternetService_Fiber optic",101.95
2885-HIJDH,Male,0,Yes,Yes,69,Yes,Yes,DSL,Yes,No,Yes,Yes,Yes,Yes,Two year,No,Bank transfer (automatic),86.9,6194.1,No,0.012101951576294918,Low,Continue regular customer engagement,"num__TotalCharges, cat__MultipleLines_No, cat__StreamingTV_Yes",0.0
8570-KLJYJ,Female,0,No,No,36,Yes,Yes,DSL,Yes,No,No,No,No,No,One year,No,Mailed check,54.45,1893.5,No,0.05525594460892064,Low,Continue regular customer engagement,"cat__Contract_Two year, cat__MultipleLines_No, cat__TechSupport_No",0.0
9339-FIIJL,Male,0,Yes,No,72,Yes,Yes,DSL,No,Yes,Yes,Yes,Yes,Yes,Two year,No,Bank transfer (automatic),85.95,6151.9,No,0.01641709819228526,Low,Continue regular customer engagement,"num__TotalCharges, cat__MultipleLines_No, cat__OnlineSecurity_No",0.0
6223-DHJGV,Female,0,No,No,42,Yes,No,No,No internet service,No internet service,No internet service,No internet service,No internet service,No internet service,One year,Yes,Mailed check,20.65,958.1,No,0.023956262205603217,Low,Continue regular customer engagement,"cat__Contract_Two year, cat__InternetService_DSL, cat__PaperlessBilling_No",0.0
0959-WHOKV,Male,0,No,No,42,Yes,Yes,Fiber optic,Yes,Yes,Yes,No,No,Yes,One year,Yes,Electronic check,99.0,4298.45,No,0.2565097153197608,Low,Continue regular customer engagement,"num__TotalCharges, cat__InternetService_Fiber optic, cat__PaymentMethod_Electronic check",0.0
9610-WCESF,Male,0,No,No,67,No,No phone service,DSL,Yes,No,No,Yes,Yes,No,Two year,No,Electronic check,43.9,3097.2,No,0.012290291398391169,Low,Continue regular customer engagement,"num__TotalCharges, cat__PhoneService_Yes, cat__PaymentMethod_Electronic check",0.0
9279-CJEOJ,Female,1,No,No,21,Yes,Yes,Fiber optic,No,No,No,No,Yes,Yes,Month-to-month,Yes,Bank transfer (automatic),95.4,2025.1,No,0.6835611204164399,Medium,Targeted engagement and personalized offer,"num__tenure, cat__Contract_Month-to-month, cat__InternetService_Fiber optic",0.0
2985-FMWYF,Female,0,No,No,23,Yes,Yes,Fiber optic,No,No,No,No,Yes,Yes,Month-to-month,Yes,Electronic check,93.5,2341.55,No,0.7272944748172031,High,Immediate retention offer and customer support follow-up,"num__tenure, cat__Contract_Month-to-month, cat__InternetService_Fiber optic",93.5
3540-RZJYU,Female,0,No,No,15,Yes,No,Fiber optic,Yes,No,No,No,Yes,No,Month-to-month,No,Electronic check,86.2,1270.2,Yes,0.4591393586916947,Medium,Targeted engagement and personalized offer,"num__tenure, cat__Contract_Month-to-month, cat__InternetService_Fiber optic",0.0
2522-WLNSF,Female,1,Yes,No,34,Yes,No,DSL,No,No,Yes,Yes,Yes,No,One year,No,Bank transfer (automatic),64.2,2106.3,No,0.0666416430420236,Low,Continue regular customer engagement,"cat__Contract_Two year, num__SeniorCitizen, cat__OnlineSecurity_No",0.0
6861-XWTWQ,Male,1,Yes,No,7,Yes,Yes,Fiber optic,No,No,Yes,No,Yes,Yes,Month-to-month,Yes,Electronic check,99.25,665.45,Yes,0.8238870205296256,High,Immediate retention offer and customer support follow-up,"num__tenure, cat__Contract_Month-to-month, cat__InternetService_Fiber optic",99.25
8735-NBLWT,Male,0,No,Yes,9,Yes,No,No,No internet service,No internet service,No internet service,No internet service,No internet service,No internet service,Month-to-month,No,Mailed check,20.4,184.1,No,0.11634647897107424,Low,Continue regular customer engagement,"num__tenure, cat__Contract_Month-to-month, cat__Contract_Two year",0.0
1744-JHKYS,Female,0,Yes,No,34,Yes,Yes,No,No internet service,No internet service,No internet service,No internet service,No internet service,No internet service,Month-to-month,No,Electronic check,24.7,780.2,No,0.08493504124967381,Low,Continue regular customer engagement,"cat__Contract_Month-to-month, cat__PaymentMethod_Electronic check, cat__Contract_Two year",0.0
0841-NULXI,Male,0,No,No,1,No,No phone service,DSL,No,No,No,No,No,Yes,Month-to-month,Yes,Electronic check,35.55,35.55,Yes,0.7082794847787399,High,Immediate retention offer and customer support follow-up,"num__tenure, cat__Contract_Month-to-month, cat__PhoneService_Yes",35.55
4016-BJKTZ,Female,0,No,No,25,Yes,Yes,Fiber optic,No,Yes,Yes,Yes,Yes,Yes,Two year,No,Electronic check,108.9,2809.05,No,0.20679471841934619,Low,Continue regular customer engagement,"num__tenure, num__TotalCharges, cat__InternetService_Fiber optic",0.0
9298-WGMRW,Female,0,Yes,No,72,Yes,Yes,Fiber optic,Yes,Yes,Yes,Yes,Yes,Yes,Two year,Yes,Bank transfer (automatic),115.5,8312.75,No,0.05537655272433658,Low,Continue regular customer engagement,"num__TotalCharges, cat__InternetService_Fiber optic, cat__InternetService_DSL",0.0
7893-IXHRQ,Male,0,No,No,1,Yes,No,No,No internet service,No internet service,No internet service,No internet service,No internet service,No internet service,Month-to-month,No,Electronic check,20.55,20.55,Yes,0.2501572373968583,Low,Continue regular customer engagement,"num__tenure, cat__Contract_Month-to-month, cat__PaymentMethod_Electronic check",0.0
8785-CJSHH,Female,0,Yes,No,60,Yes,Yes,Fiber optic,No,Yes,No,No,Yes,Yes,Month-to-month,Yes,Electronic check,99.8,5985.75,No,0.45054196942047303,Medium,Targeted engagement and personalized offer,"num__TotalCharges, cat__Contract_Month-to-month, cat__InternetService_Fiber optic",0.0
7654-YWJUF,Male,0,Yes,No,43,Yes,No,Fiber optic,Yes,No,Yes,Yes,No,No,One year,Yes,Bank transfer (automatic),84.25,3539.25,No,0.08550219549062629,Low,Continue regular customer engagement,"num__TotalCharges, cat__InternetService_Fiber optic, cat__Contract_Two year",0.0
8909-BOLNL,Male,0,No,No,3,Yes,No,No,No internet service,No internet service,No internet service,No internet service,No internet service,No internet service,One year,No,Mailed check,21.2,52.05,No,0.09894480584664592,Low,Continue regular customer engagement,"num__tenure, cat__Contract_Two year, cat__InternetService_DSL",0.0
9919-FZDED,Male,1,Yes,No,72,Yes,Yes,DSL,Yes,Yes,Yes,No,Yes,Yes,Two year,Yes,Credit card (automatic),84.1,5981.65,No,0.02406236907506776,Low,Continue regular customer engagement,"num__TotalCharges, num__SeniorCitizen, cat__MultipleLines_No",0.0
0322-CHQRU,Male,0,No,No,2,Yes,No,DSL,No,No,No,No,No,No,Month-to-month,No,Electronic check,45.35,89.5,Yes,0.42244873741669564,Medium,Targeted engagement and personalized offer,"num__tenure, cat__Contract_Month-to-month, cat__PaymentMethod_Electronic check",0.0
3587-PMCOY,Male,0,No,No,10,Yes,No,Fiber optic,Yes,No,Yes,No,Yes,Yes,One year,Yes,Electronic check,98.9,1064.95,No,0.47701711032716865,Medium,Targeted engagement and personalized offer,"num__tenure, cat__InternetService_Fiber optic, cat__PaymentMethod_Electronic check",0.0
0655-RBDUG,Male,0,No,No,7,Yes,Yes,Fiber optic,No,No,Yes,No,Yes,Yes,Month-to-month,Yes,Bank transfer (automatic),98.05,713,Yes,0.7318041792137427,High,Immediate retention offer and customer support follow-up,"num__tenure, cat__Contract_Month-to-month, cat__InternetService_Fiber optic",98.05
0983-TATYJ,Female,0,Yes,No,33,Yes,No,DSL,No,No,No,Yes,No,No,One year,Yes,Mailed check,51.45,1758.9,No,0.07220541785777072,Low,Continue regular customer engagement,"cat__Contract_Two year, cat__PaperlessBilling_No, cat__OnlineSecurity_No",0.0
5650-YLIBA,Male,0,No,No,31,Yes,Yes,Fiber optic,No,Yes,No,No,No,No,Month-to-month,Yes,Electronic check,81.15,2640.55,No,0.5128762351926004,Medium,Targeted engagement and personalized offer,"cat__Contract_Month-to-month, cat__InternetService_Fiber optic, num__TotalCharges",0.0
5144-TVGLP,Male,1,No,No,38,Yes,Yes,Fiber optic,No,No,No,No,Yes,Yes,Month-to-month,No,Electronic check,94.75,3653,No,0.5794536741660505,Medium,Targeted engagement and personalized offer,"num__TotalCharges, cat__Contract_Month-to-month, cat__InternetService_Fiber optic",0.0
3569-EDBPQ,Female,0,No,No,24,Yes,Yes,Fiber optic,Yes,No,No,Yes,No,No,Month-to-month,Yes,Electronic check,84.35,1938.05,No,0.39878263216557946,Low,Continue regular customer engagement,"num__tenure, cat__Contract_Month-to-month, cat__InternetService_Fiber optic",0.0
4945-RVMTE,Female,0,No,No,28,Yes,No,DSL,No,No,Yes,No,Yes,No,Month-to-month,Yes,Bank transfer (automatic),59.55,1646.45,No,0.23819098844990852,Low,Continue regular customer engagement,"cat__Contract_Month-to-month, cat__Contract_Two year, num__tenure",0.0
3511-BFTJW,Male,0,Yes,Yes,72,No,No phone service,DSL,Yes,Yes,Yes,No,No,No,Two year,No,Credit card (automatic),38.5,2763,No,0.0044353273950249895,Low,Continue regular customer engagement,"num__TotalCharges, cat__PhoneService_Yes, cat__MultipleLines_No",0.0
5537-UXXVS,Female,0,Yes,No,20,Yes,No,No,No internet service,No internet service,No internet service,No internet service,No internet service,No internet service,Month-to-month,No,Bank transfer (automatic),19.25,375.25,No,0.08322215107492438,Low,Continue regular customer engagement,"num__tenure, cat__Contract_Month-to-month, cat__Contract_Two year",0.0
8782-NUUOL,Male,0,No,No,60,Yes,No,DSL,Yes,No,Yes,Yes,Yes,Yes,One year,No,Mailed check,79.0,4801.1,No,0.025948656298078486,Low,Continue regular customer engagement,"num__TotalCharges, cat__Contract_Two year, cat__StreamingTV_Yes",0.0
2865-TCHJW,Female,1,No,No,4,Yes,Yes,Fiber optic,No,No,Yes,No,Yes,No,Month-to-month,Yes,Electronic check,89.2,346.2,Yes,0.7963769052837699,High,Immediate retention offer and customer support follow-up,"num__tenure, cat__Contract_Month-to-month, cat__InternetService_Fiber optic",89.2
9931-KGHOA,Female,0,Yes,No,46,Yes,Yes,DSL,Yes,No,No,No,No,No,Month-to-month,No,Bank transfer (automatic),55.0,2473.95,No,0.0713033407486187,Low,Continue regular customer engagement,"cat__Contract_Month-to-month, cat__Contract_Two year, num__TotalCharges",0.0
3071-MVJCD,Male,0,Yes,Yes,72,Yes,Yes,DSL,Yes,Yes,Yes,Yes,Yes,No,Two year,No,Bank transfer (automatic),82.3,5815.15,No,0.006357896501036641,Low,Continue regular customer engagement,"num__TotalCharges, cat__MultipleLines_No, cat__StreamingTV_Yes",0.0
7279-BUYWN,Female,1,No,No,41,Yes,Yes,Fiber optic,Yes,Yes,Yes,No,Yes,Yes,Month-to-month,Yes,Electronic check,113.2,4689.5,Yes,0.531585785150391,Medium,Targeted engagement and personalized offer,"num__TotalCharges, cat__Contract_Month-to-month, cat__InternetService_Fiber optic",0.0
3756-VNWDH,Male,1,Yes,No,65,Yes,Yes,Fiber optic,Yes,No,No,No,Yes,Yes,One year,Yes,Electronic check,100.75,6674.65,No,0.25594023338459926,Low,Continue regular customer engagement,"num__TotalCharges, cat__InternetService_Fiber optic, cat__PaymentMethod_Electronic check",0.0
1395-OFUWC,Male,0,Yes,Yes,43,No,No phone service,DSL,No,Yes,No,No,No,No,Month-to-month,No,Credit card (automatic),29.3,1224.05,No,0.08143897607632651,Low,Continue regular customer engagement,"cat__Contract_Month-to-month, cat__PhoneService_Yes, cat__Contract_Two year",0.0
4223-BKEOR,Female,0,No,Yes,21,Yes,No,DSL,Yes,No,Yes,No,No,Yes,One year,No,Mailed check,64.85,1336.8,No,0.07391026161506768,Low,Continue regular customer engagement,"num__tenure, cat__Contract_Two year, cat__TechSupport_No",0.0
0040-HALCW,Male,0,Yes,Yes,54,Yes,No,No,No internet service,No internet service,No internet service,No internet service,No internet service,No internet service,Two year,No,Credit card (automatic),20.4,1090.6,No,0.003558959936350056,Low,Continue regular customer engagement,"cat__InternetService_DSL, cat__OnlineSecurity_Yes, cat__Partner_No",0.0
7124-UGSUR,Female,1,Yes,No,61,Yes,Yes,Fiber optic,No,Yes,Yes,No,Yes,Yes,One year,Yes,Credit card (automatic),104.4,6405,Yes,0.2404390716253996,Low,Continue regular customer engagement,"num__TotalCharges, cat__InternetService_Fiber optic, cat__Contract_Two year",0.0
7395-XWZOY,Male,0,No,No,20,No,No phone service,DSL,Yes,Yes,Yes,Yes,Yes,No,Month-to-month,Yes,Credit card (automatic),55.0,1165.55,No,0.21780760527715656,Low,Continue regular customer engagement,"num__tenure, cat__Contract_Month-to-month, cat__PhoneService_Yes",0.0
5440-VHLUL,Male,0,No,No,69,Yes,Yes,Fiber optic,No,Yes,No,Yes,Yes,Yes,One year,Yes,Bank transfer (automatic),105.2,7386.05,No,0.14495608682161817,Low,Continue regular customer engagement,"num__TotalCharges, cat__InternetService_Fiber optic, cat__Contract_Two year",0.0
4706-DGAHW,Male,1,No,No,1,Yes,No,DSL,No,No,No,No,No,No,Month-to-month,No,Electronic check,45.2,45.2,No,0.4688414888792209,Medium,Targeted engagement and personalized offer,"num__tenure, cat__Contract_Month-to-month, cat__PaymentMethod_Electronic check",0.0
8166-ORCHU,Male,1,Yes,No,33,Yes,No,Fiber optic,Yes,Yes,No,Yes,No,Yes,One year,Yes,Electronic check,93.55,3055.5,No,0.20496236358306738,Low,Continue regular customer engagement,"num__TotalCharges, cat__InternetService_Fiber optic, cat__PaymentMethod_Electronic check",0.0
3978-YNKDD,Male,0,No,Yes,19,Yes,No,No,No internet service,No internet service,No internet service,No internet service,No internet service,No internet service,Two year,No,Credit card (automatic),20.85,467.5,No,0.018866227305181546,Low,Continue regular customer engagement,"num__tenure, cat__InternetService_DSL, cat__OnlineSecurity_Yes",0.0
7198-GLXTC,Male,0,No,No,2,Yes,No,Fiber optic,No,No,No,No,Yes,No,Month-to-month,No,Electronic check,79.0,143.65,Yes,0.665135797261425,Medium,Targeted engagement and personalized offer,"num__tenure, cat__Contract_Month-to-month, cat__InternetService_Fiber optic",0.0
6366-XIVKZ,Female,0,Yes,Yes,13,Yes,No,DSL,Yes,No,Yes,No,No,Yes,Month-to-month,Yes,Mailed check,63.15,816.8,No,0.2408784234154253,Low,Continue regular customer engagement,"num__tenure, cat__Contract_Month-to-month, cat__Contract_Two year",0.0
5133-POWUA,Male,0,No,No,1,Yes,No,DSL,No,No,No,No,No,No,Month-to-month,Yes,Mailed check,45.8,45.8,No,0.44584961353623875,Medium,Targeted engagement and personalized offer,"num__tenure, cat__Contract_Month-to-month, cat__Contract_Two year",0.0
8400-WZICQ,Female,0,Yes,Yes,55,Yes,No,DSL,Yes,Yes,No,No,No,No,Month-to-month,No,Electronic check,55.7,3131.8,No,0.03977060378955971,Low,Continue regular customer engagement,"num__TotalCharges, cat__Contract_Month-to-month, cat__PaymentMethod_Electronic check",0.0
5382-SOYZL,Male,0,No,No,22,Yes,Yes,Fiber optic,No,No,No,No,Yes,Yes,Month-to-month,Yes,Electronic check,95.1,2162.6,No,0.7327836722464652,High,Immediate retention offer and customer support follow-up,"num__tenure, cat__Contract_Month-to-month, cat__InternetService_Fiber optic",95.1
1989-PRJHP,Male,1,Yes,No,27,Yes,Yes,Fiber optic,No,No,No,No,No,No,Month-to-month,Yes,Electronic check,75.5,1893.95,Yes,0.6029860170369701,Medium,Targeted engagement and personalized offer,"cat__Contract_Month-to-month, cat__InternetService_Fiber optic, num__tenure",0.0
4154-AQUGT,Male,1,Yes,No,13,Yes,No,Fiber optic,No,Yes,No,Yes,No,Yes,Month-to-month,Yes,Bank transfer (automatic),89.05,1169.35,Yes,0.491420630464994,Medium,Targeted engagement and personalized offer,"num__tenure, cat__Contract_Month-to-month, cat__InternetService_Fiber optic",0.0
0980-FEXWF,Male,0,Yes,Yes,26,Yes,No,DSL,No,No,Yes,No,No,No,One year,No,Mailed check,50.35,1285.8,No,0.07266730330117409,Low,Continue regular customer engagement,"num__tenure, cat__Contract_Two year, cat__OnlineSecurity_No",0.0
5845-BZZIB,Male,0,Yes,Yes,35,Yes,No,No,No internet service,No internet service,No internet service,No internet service,No internet service,No internet service,Two year,No,Mailed check,20.1,655.3,No,0.009583744037751996,Low,Continue regular customer engagement,"cat__InternetService_DSL, cat__OnlineSecurity_Yes, cat__Partner_No",0.0
4840-ORQXB,Female,1,No,No,56,Yes,Yes,Fiber optic,No,Yes,Yes,No,Yes,Yes,Month-to-month,No,Electronic check,104.75,5841.35,No,0.4221586475989782,Medium,Targeted engagement and personalized offer,"num__TotalCharges, cat__Contract_Month-to-month, cat__InternetService_Fiber optic",0.0
0295-PPHDO,Male,0,No,No,1,Yes,Yes,Fiber optic,No,No,No,No,Yes,Yes,Month-to-month,Yes,Electronic check,95.45,95.45,Yes,0.8307279568068272,High,Immediate retention offer and customer support follow-up,"num__tenure, cat__Contract_Month-to-month, cat__InternetService_Fiber optic",95.45
8775-ERLNB,Male,1,Yes,No,1,Yes,Yes,Fiber optic,No,No,No,No,No,No,Month-to-month,No,Electronic check,74.3,74.3,No,0.7235638944861943,High,Immediate retention offer and customer support follow-up,"num__tenure, cat__Contract_Month-to-month, cat__InternetService_Fiber optic",74.3
0376-YMCJC,Male,0,No,No,23,Yes,Yes,Fiber optic,No,No,No,Yes,Yes,No,Month-to-month,Yes,Electronic check,90.6,1943.2,Yes,0.57602218584177,Medium,Targeted engagement and personalized offer,"num__tenure, cat__Contract_Month-to-month, cat__InternetService_Fiber optic",0.0
7410-YTJIK,Female,0,No,No,7,Yes,Yes,Fiber optic,No,No,No,No,No,No,Month-to-month,No,Mailed check,75.45,480.75,Yes,0.5603075608200973,Medium,Targeted engagement and personalized offer,"num__tenure, cat__Contract_Month-to-month, cat__InternetService_Fiber optic",0.0
9927-DSWDF,Male,0,Yes,No,22,Yes,No,Fiber optic,Yes,Yes,No,Yes,Yes,Yes,Month-to-month,Yes,Electronic check,104.6,2180.55,No,0.4417853801866953,Medium,Targeted engagement and personalized offer,"num__tenure, cat__Contract_Month-to-month, cat__InternetService_Fiber optic",0.0
6681-ZSEXG,Male,0,Yes,No,56,Yes,Yes,DSL,No,Yes,Yes,No,No,No,Two year,No,Credit card (automatic),59.5,3389.25,No,0.017408480075804426,Low,Continue regular customer engagement,"num__TotalCharges, cat__MultipleLines_No, cat__OnlineSecurity_No",0.0
5702-KVQRD,Male,0,Yes,No,71,Yes,No,DSL,Yes,No,Yes,Yes,Yes,Yes,Two year,Yes,Electronic check,82.55,5832.65,No,0.019731672432383857,Low,Continue regular customer engagement,"num__TotalCharges, cat__PaymentMethod_Electronic check, cat__PaperlessBilling_No",0.0
8711-LOBKY,Male,0,Yes,Yes,59,Yes,No,No,No internet service,No internet service,No internet service,No internet service,No internet service,No internet service,Two year,No,Mailed check,19.85,1188.25,No,0.0030768915029593114,Low,Continue regular customer engagement,"cat__InternetService_DSL, cat__OnlineSecurity_Yes, cat__Partner_No",0.0
9692-TUSXH,Female,0,No,No,18,Yes,No,Fiber optic,Yes,No,No,No,Yes,Yes,Month-to-month,Yes,Electronic check,96.05,1740.7,Yes,0.5937821050351764,Medium,Targeted engagement and personalized offer,"num__tenure, cat__Contract_Month-to-month, cat__InternetService_Fiber optic",0.0
4012-YCFAI,Male,0,Yes,No,60,Yes,No,DSL,Yes,Yes,No,Yes,No,No,Two year,Yes,Mailed check,61.35,3766.2,No,0.00874831296190015,Low,Continue regular customer engagement,"num__TotalCharges, cat__PaperlessBilling_No, cat__Partner_No",0.0
8455-HIRAQ,Female,0,No,No,8,Yes,No,DSL,No,No,No,No,No,No,Month-to-month,No,Mailed check,44.45,369.3,No,0.2897096421542837,Low,Continue regular customer engagement,"num__tenure, cat__Contract_Month-to-month, cat__Contract_Two year",0.0
7853-WNZSY,Male,0,No,No,1,Yes,No,No,No internet service,No internet service,No internet service,No internet service,No internet service,No internet service,Month-to-month,Yes,Credit card (automatic),19.75,19.75,No,0.24217646332049186,Low,Continue regular customer engagement,"num__tenure, cat__Contract_Month-to-month, cat__Contract_Two year",0.0
0390-DCFDQ,Female,1,Yes,No,1,Yes,No,Fiber optic,No,No,No,No,No,No,Month-to-month,Yes,Mailed check,70.45,70.45,Yes,0.670771012119593,Medium,Targeted engagement and personalized offer,"num__tenure, cat__Contract_Month-to-month, cat__InternetService_Fiber optic",0.0
6421-SZVEM,Female,0,Yes,Yes,28,Yes,No,Fiber optic,Yes,No,No,No,No,Yes,One year,Yes,Bank transfer (automatic),82.85,2320.8,No,0.18239787234172358,Low,Continue regular customer engagement,"cat__InternetService_Fiber optic, cat__Contract_Two year, num__tenure",0.0
3094-JOJAI,Male,0,No,No,18,Yes,Yes,Fiber optic,No,No,No,No,No,No,Month-to-month,No,Mailed check,74.15,1387,No,0.4779553943039223,Medium,Targeted engagement and personalized offer,"num__tenure, cat__Contract_Month-to-month, cat__InternetService_Fiber optic",0.0
4873-ILOLJ,Male,0,No,No,24,Yes,No,Fiber optic,No,No,No,No,Yes,Yes,Month-to-month,Yes,Electronic check,90.35,2238.5,Yes,0.6546401658886756,Medium,Targeted engagement and personalized offer,"num__tenure, cat__Contract_Month-to-month, cat__InternetService_Fiber optic",0.0
8181-YHCMF,Female,0,Yes,Yes,68,No,No phone service,DSL,No,Yes,Yes,Yes,Yes,Yes,Two year,No,Credit card (automatic),60.3,4109,No,0.01218391259899509,Low,Continue regular customer engagement,"num__TotalCharges, cat__PhoneService_Yes, cat__MultipleLines_No",0.0
3324-OIRTO,Male,0,Yes,Yes,71,Yes,No,Fiber optic,Yes,Yes,Yes,No,Yes,Yes,One year,Yes,Bank transfer (automatic),104.65,7288.4,No,0.07648446323044071,Low,Continue regular customer engagement,"num__TotalCharges, cat__InternetService_Fiber optic, cat__Contract_Two year",0.0
9135-HSWOC,Male,0,Yes,Yes,64,Yes,No,No,No internet service,No internet service,No internet service,No internet service,No internet service,No internet service,Two year,Yes,Bank transfer (automatic),19.7,1274.05,No,0.0032607426812553725,Low,Continue regular customer engagement,"cat__InternetService_DSL, cat__PaperlessBilling_No, cat__OnlineSecurity_Yes",0.0
2272-WUSPA,Female,0,Yes,No,72,Yes,Yes,Fiber optic,Yes,Yes,Yes,No,Yes,Yes,Two year,Yes,Electronic check,110.75,7751.7,No,0.09783476043458658,Low,Continue regular customer engagement,"num__TotalCharges, cat__InternetService_Fiber optic, cat__PaymentMethod_Electronic check",0.0
4627-MIHJH,Female,1,No,No,69,Yes,Yes,Fiber optic,Yes,No,Yes,Yes,Yes,Yes,Two year,No,Credit card (automatic),110.25,7467.55,No,0.04767783536455044,Low,Continue regular customer engagement,"num__TotalCharges, cat__InternetService_Fiber optic, cat__InternetService_DSL",0.0
3896-RCYYE,Female,0,No,No,67,No,No phone service,DSL,No,No,Yes,Yes,Yes,Yes,Month-to-month,Yes,Credit card (automatic),53.4,3579.15,No,0.08633087786102109,Low,Continue regular customer engagement,"num__TotalCharges, cat__Contract_Month-to-month, cat__PhoneService_Yes",0.0
6729-GDNGC,Female,1,No,No,20,Yes,No,Fiber optic,No,No,No,No,Yes,No,Month-to-month,No,Bank transfer (automatic),80.7,1614.2,No,0.4633596297251214,Medium,Targeted engagement and personalized offer,"num__tenure, cat__Contract_Month-to-month, cat__InternetService_Fiber optic",0.0
9945-PSVIP,Female,0,Yes,Yes,25,Yes,No,No,No internet service,No internet service,No internet service,No internet service,No internet service,No internet service,Two year,Yes,Mailed check,18.7,383.65,No,0.021307780961033577,Low,Continue regular customer engagement,"num__tenure, cat__InternetService_DSL, cat__PaperlessBilling_No",0.0
4137-JOPHL,Female,0,No,No,50,Yes,No,Fiber optic,No,No,Yes,Yes,No,Yes,Two year,Yes,Bank transfer (automatic),89.7,4304.5,No,0.06805868242795955,Low,Continue regular customer engagement,"num__TotalCharges, cat__InternetService_Fiber optic, cat__InternetService_DSL",0.0
2720-FVBQP,Female,0,Yes,Yes,6,Yes,Yes,DSL,No,No,No,No,No,No,Month-to-month,Yes,Credit card (automatic),48.95,273.25,No,0.3856260100305982,Low,Continue regular customer engagement,"num__tenure, cat__Contract_Month-to-month, cat__Contract_Two year",0.0
7854-EKTJL,Female,0,No,Yes,2,Yes,No,No,No internet service,No internet service,No internet service,No internet service,No internet service,No internet service,Month-to-month,Yes,Electronic check,19.6,35.85,Yes,0.26334348349960246,Low,Continue regular customer engagement,"num__tenure, cat__Contract_Month-to-month, cat__PaymentMethod_Electronic check",0.0
1133-KXCGE,Female,0,No,No,18,Yes,No,No,No internet service,No internet service,No internet service,No internet service,No internet service,No internet service,One year,No,Mailed check,20.1,407.05,No,0.05028642804284322,Low,Continue regular customer engagement,"num__tenure, cat__Contract_Two year, cat__InternetService_DSL",0.0
6048-QBXKL,Female,1,No,No,2,Yes,Yes,DSL,No,Yes,No,No,No,No,Month-to-month,Yes,Credit card (automatic),56.55,118.25,No,0.47054055181330134,Medium,Targeted engagement and personalized offer,"num__tenure, cat__Contract_Month-to-month, cat__Contract_Two year",0.0
6338-AVWCY,Male,0,No,No,3,No,No phone service,DSL,No,No,Yes,No,Yes,No,Month-to-month,Yes,Mailed check,40.15,130.75,Yes,0.6090157148042779,Medium,Targeted engagement and personalized offer,"num__tenure, cat__Contract_Month-to-month, cat__PhoneService_Yes",0.0
0013-MHZWF,Female,0,No,Yes,9,Yes,No,DSL,No,No,No,Yes,Yes,Yes,Month-to-month,Yes,Credit card (automatic),69.4,571.45,No,0.307855437450771,Low,Continue regular customer engagement,"num__tenure, cat__Contract_Month-to-month, cat__Contract_Two year",0.0
9804-ICWBG,Male,0,No,No,1,Yes,No,Fiber optic,No,No,No,No,No,No,Month-to-month,Yes,Electronic check,69.9,69.9,Yes,0.7064689080837803,High,Immediate retention offer and customer support follow-up,"num__tenure, cat__Contract_Month-to-month, cat__InternetService_Fiber optic",69.9
2368-GAKKQ,Female,0,No,No,70,Yes,Yes,Fiber optic,Yes,Yes,Yes,Yes,Yes,Yes,Two year,Yes,Bank transfer (automatic),113.65,7939.25,No,0.05461852128788586,Low,Continue regular customer engagement,"num__TotalCharges, cat__InternetService_Fiber optic, cat__InternetService_DSL",0.0
4829-AUOAX,Female,0,No,No,46,Yes,Yes,Fiber optic,No,No,No,No,Yes,Yes,Month-to-month,No,Bank transfer (automatic),96.05,4399.5,Yes,0.3870046965557056,Low,Continue regular customer engagement,"num__TotalCharges, cat__Contract_Month-to-month, cat__InternetService_Fiber optic",0.0
7876-BEUTG,Female,0,No,No,15,Yes,Yes,DSL,No,No,No,No,No,No,Month-to-month,Yes,Mailed check,48.8,720.1,No,0.3709772848388124,Low,Continue regular customer engagement,"num__tenure, cat__Contract_Month-to-month, cat__Contract_Two year",0.0
6349-JDHQP,Female,0,No,No,53,Yes,No,No,No internet service,No internet service,No internet service,No internet service,No internet service,No internet service,Two year,No,Credit card (automatic),19.85,1049.6,No,0.004466077732947459,Low,Continue regular customer engagement,"cat__InternetService_DSL, cat__OnlineSecurity_Yes, cat__Dependents_Yes",0.0
3063-QFSZL,Female,0,No,No,1,Yes,No,DSL,No,No,No,No,No,Yes,Month-to-month,Yes,Electronic check,55.4,55.4,Yes,0.5724875630602494,Medium,Targeted engagement and personalized offer,"num__tenure, cat__Contract_Month-to-month, cat__PaymentMethod_Electronic check",0.0
9142-XMYJH,Female,0,No,No,29,Yes,No,No,No internet service,No internet service,No internet service,No internet service,No internet service,No internet service,Month-to-month,No,Credit card (automatic),19.35,601.6,No,0.05345861559974751,Low,Continue regular customer engagement,"cat__Contract_Month-to-month, cat__Contract_Two year, cat__InternetService_DSL",0.0
2609-IAICY,Female,0,No,No,1,Yes,Yes,Fiber optic,No,No,No,No,No,No,Month-to-month,Yes,Electronic check,77.15,77.15,Yes,0.7581608153982772,High,Immediate retention offer and customer support follow-up,"num__tenure, cat__Contract_Month-to-month, cat__InternetService_Fiber optic",77.15
8626-PTQGE,Male,0,No,No,69,No,No phone service,DSL,Yes,Yes,No,Yes,Yes,Yes,Two year,Yes,Bank transfer (automatic),60.05,4176.7,No,0.014913094360336705,Low,Continue regular customer engagement,"num__TotalCharges, cat__PhoneService_Yes, cat__MultipleLines_No",0.0
0230-UBYPQ,Male,1,Yes,No,63,No,No phone service,DSL,Yes,No,No,Yes,No,No,One year,No,Bank transfer (automatic),36.1,2298.9,No,0.01578054814093582,Low,Continue regular customer engagement,"cat__PhoneService_Yes, cat__Contract_Two year, num__SeniorCitizen",0.0
6814-ZPWFQ,Male,1,No,No,51,Yes,Yes,No,No internet service,No internet service,No internet service,No internet service,No internet service,No internet service,One year,No,Bank transfer (automatic),25.0,1260.7,No,0.016385983208333264,Low,Continue regular customer engagement,"cat__Contract_Two year, cat__InternetService_DSL, num__SeniorCitizen",0.0
5921-NGYRH,Male,0,Yes,No,64,Yes,No,Fiber optic,Yes,No,No,No,No,No,Month-to-month,Yes,Mailed check,73.55,4764,No,0.12092919745661235,Low,Continue regular customer engagement,"num__TotalCharges, cat__Contract_Month-to-month, cat__InternetService_Fiber optic",0.0
7803-XOCCZ,Female,0,Yes,Yes,52,Yes,No,Fiber optic,Yes,No,Yes,Yes,No,No,Month-to-month,Yes,Bank transfer (automatic),84.05,4326.8,No,0.09994074930837957,Low,Continue regular customer engagement,"num__TotalCharges, cat__Contract_Month-to-month, cat__InternetService_Fiber optic",0.0
1459-QNFQT,Male,0,Yes,Yes,70,No,No phone service,DSL,Yes,No,Yes,Yes,Yes,Yes,Two year,No,Bank transfer (automatic),59.5,4144.8,No,0.00906511075524721,Low,Continue regular customer engagement,"num__TotalCharges, cat__PhoneService_Yes, cat__MultipleLines_No",0.0
3948-FVVRP,Male,0,Yes,Yes,9,Yes,No,DSL,No,Yes,No,Yes,No,No,Month-to-month,No,Mailed check,54.8,452.8,No,0.15816314811489732,Low,Continue regular customer engagement,"num__tenure, cat__Contract_Month-to-month, cat__Contract_Two year",0.0
0923-PNFUB,Female,0,No,No,3,Yes,No,Fiber optic,No,Yes,No,No,Yes,No,Month-to-month,No,Electronic check,83.75,247.25,Yes,0.6131867493861912,Medium,Targeted engagement and personalized offer,"num__tenure, cat__Contract_Month-to-month, cat__InternetService_Fiber optic",0.0
4654-ULTTN,Male,0,Yes,No,70,Yes,Yes,DSL,Yes,No,Yes,Yes,No,Yes,Two year,Yes,Credit card (automatic),74.8,5315.8,No,0.013018154720956774,Low,Continue regular customer engagement,"num__TotalCharges, cat__MultipleLines_No, cat__PaperlessBilling_No",0.0
5628-FCGYG,Male,0,No,No,21,Yes,Yes,Fiber optic,No,No,No,No,No,Yes,Month-to-month,Yes,Electronic check,84.1,1737.45,No,0.6769125188436632,Medium,Targeted engagement and personalized offer,"num__tenure, cat__Contract_Month-to-month, cat__InternetService_Fiber optic",0.0
0506-LVNGN,Female,1,No,No,5,Yes,No,Fiber optic,No,No,Yes,No,No,No,Month-to-month,Yes,Credit card (automatic),75.55,349.65,Yes,0.6002875073785402,Medium,Targeted engagement and personalized offer,"num__tenure, cat__Contract_Month-to-month, cat__InternetService_Fiber optic",0.0
4329-YPDDQ,Male,0,No,No,20,Yes,No,Fiber optic,Yes,Yes,Yes,Yes,Yes,Yes,Month-to-month,Yes,Bank transfer (automatic),108.2,2203.7,No,0.36081475789873196,Low,Continue regular customer engagement,"num__tenure, cat__Contract_Month-to-month, cat__InternetService_Fiber optic",0.0
9866-OCCKE,Female,1,Yes,No,72,Yes,Yes,Fiber optic,Yes,No,Yes,Yes,Yes,Yes,Two year,Yes,Mailed check,109.75,8075.35,No,0.07527887613824409,Low,Continue regular customer engagement,"num__TotalCharges, cat__InternetService_Fiber optic, cat__InternetService_DSL",0.0
0794-YVSGE,Male,0,Yes,Yes,72,Yes,No,No,No internet service,No internet service,No internet service,No internet service,No internet service,No internet service,Two year,No,Bank transfer (automatic),20.3,1401.15,No,0.001523412591733095,Low,Continue regular customer engagement,"cat__InternetService_DSL, cat__OnlineSecurity_Yes, cat__Partner_No",0.0
4342-HENTK,Female,1,No,No,2,Yes,No,Fiber optic,No,No,No,No,No,No,Month-to-month,Yes,Electronic check,70.65,142.35,Yes,0.7250250304120112,High,Immediate retention offer and customer support follow-up,"num__tenure, cat__Contract_Month-to-month, cat__InternetService_Fiber optic",70.65
5934-TSSAU,Female,0,Yes,Yes,23,Yes,No,Fiber optic,No,No,Yes,No,No,No,Month-to-month,Yes,Credit card (automatic),75.3,1702.9,No,0.36501235921897474,Low,Continue regular customer engagement,"num__tenure, cat__Contract_Month-to-month, cat__InternetService_Fiber optic",0.0
9986-BONCE,Female,0,No,No,4,Yes,No,No,No internet service,No internet service,No internet service,No internet service,No internet service,No internet service,Month-to-month,No,Bank transfer (automatic),20.95,85.5,Yes,0.1620217179108092,Low,Continue regular customer engagement,"num__tenure, cat__Contract_Month-to-month, cat__Contract_Two year",0.0
5301-GAUUY,Male,0,No,No,32,Yes,Yes,Fiber optic,No,Yes,No,No,No,No,Month-to-month,Yes,Bank transfer (automatic),80.35,2596.15,Yes,0.4024102952553739,Medium,Targeted engagement and personalized offer,"cat__Contract_Month-to-month, cat__InternetService_Fiber optic, num__TotalCharges",0.0
0725-CXOTM,Female,0,No,No,36,Yes,Yes,DSL,Yes,No,Yes,Yes,Yes,Yes,One year,Yes,Credit card (automatic),89.65,3348.1,No,0.10099567686747778,Low,Continue regular customer engagement,"num__TotalCharges, cat__Contract_Two year, cat__MultipleLines_No",0.0
2843-CQMEG,Male,0,No,No,24,Yes,No,DSL,No,Yes,No,No,No,No,Month-to-month,Yes,Mailed check,49.7,1218.25,No,0.2110653557733322,Low,Continue regular customer engagement,"num__tenure, cat__Contract_Month-to-month, cat__Contract_Two year",0.0
5600-PDUJF,Male,0,No,No,6,Yes,No,DSL,No,No,No,Yes,No,No,Month-to-month,Yes,Credit card (automatic),49.5,312.7,No,0.29096490672834835,Low,Continue regular customer engagement,"num__tenure, cat__Contract_Month-to-month, cat__Contract_Two year",0.0
4500-HKANN,Male,0,Yes,Yes,23,Yes,Yes,DSL,No,Yes,No,Yes,No,No,Two year,No,Mailed check,59.7,1414.2,No,0.037163661541188435,Low,Continue regular customer engagement,"num__tenure, cat__MultipleLines_No, cat__OnlineSecurity_No",0.0
1862-QRWPE,Female,0,Yes,Yes,48,Yes,No,No,No internet service,No internet service,No internet service,No internet service,No internet service,No internet service,Two year,No,Bank transfer (automatic),20.65,1057,No,0.004898494565471057,Low,Continue regular customer engagement,"cat__InternetService_DSL, cat__OnlineSecurity_Yes, cat__Partner_No",0.0
2155-AMQRX,Female,0,No,No,28,Yes,Yes,DSL,No,No,No,Yes,No,No,Month-to-month,Yes,Credit card (automatic),54.9,1505.15,No,0.18354731333471003,Low,Continue regular customer engagement,"cat__Contract_Month-to-month, cat__Contract_Two year, num__tenure",0.0
0823-HSCDJ,Male,1,No,No,52,No,No phone service,DSL,No,Yes,No,No,Yes,Yes,Month-to-month,Yes,Electronic check,49.15,2550.9,Yes,0.2686463337234322,Low,Continue regular customer engagement,"cat__Contract_Month-to-month, cat__PhoneService_Yes, cat__PaymentMethod_Electronic check",0.0
4090-KPJIP,Female,0,No,No,3,Yes,Yes,Fiber optic,No,No,No,No,No,No,Month-to-month,Yes,Electronic check,74.95,212.4,No,0.7446766435985622,High,Immediate retention offer and customer support follow-up,"num__tenure, cat__Contract_Month-to-month, cat__InternetService_Fiber optic",74.95
2737-YNGYW,Female,0,No,No,2,Yes,No,Fiber optic,No,No,No,No,No,Yes,Month-to-month,No,Electronic check,80.55,184.1,Yes,0.6631568553541335,Medium,Targeted engagement and personalized offer,"num__tenure, cat__Contract_Month-to-month, cat__InternetService_Fiber optic",0.0
5619-XZZKR,Male,0,No,No,4,Yes,No,No,No internet service,No internet service,No internet service,No internet service,No internet service,No internet service,One year,No,Mailed check,19.95,68.2,No,0.09461097035885595,Low,Continue regular customer engagement,"num__tenure, cat__Contract_Two year, cat__InternetService_DSL",0.0
6047-YHPVI,Male,0,No,No,5,Yes,No,Fiber optic,No,No,No,No,No,No,Month-to-month,Yes,Electronic check,69.7,316.9,Yes,0.6746050868448036,Medium,Targeted engagement and personalized offer,"num__tenure, cat__Contract_Month-to-month, cat__InternetService_Fiber optic",0.0
8375-DKEBR,Female,1,No,No,1,Yes,No,Fiber optic,No,No,No,No,No,No,Month-to-month,Yes,Electronic check,69.6,69.6,Yes,0.7317672050737295,High,Immediate retention offer and customer support follow-up,"num__tenure, cat__Contract_Month-to-month, cat__InternetService_Fiber optic",69.6
7729-XBTWX,Male,0,Yes,Yes,66,Yes,No,No,No internet service,No internet service,No internet service,No internet service,No internet service,No internet service,Two year,Yes,Mailed check,19.75,1344.5,No,0.003188620560129756,Low,Continue regular customer engagement,"cat__InternetService_DSL, cat__PaperlessBilling_No, cat__OnlineSecurity_Yes",0.0
4983-CLMLV,Female,0,Yes,No,52,Yes,Yes,Fiber optic,No,Yes,No,Yes,Yes,Yes,Month-to-month,Yes,Credit card (automatic),102.7,5138.1,No,0.3133740315472651,Low,Continue regular customer engagement,"num__TotalCharges, cat__Contract_Month-to-month, cat__InternetService_Fiber optic",0.0
9227-LUNBG,Female,0,No,No,1,No,No phone service,DSL,No,No,No,No,No,No,Month-to-month,No,Electronic check,24.6,24.6,Yes,0.5701239579662499,Medium,Targeted engagement and personalized offer,"num__tenure, cat__Contract_Month-to-month, cat__PhoneService_Yes",0.0
2758-RNWXS,Male,0,No,No,35,Yes,No,Fiber optic,Yes,No,No,Yes,No,Yes,One year,Yes,Electronic check,89.2,3251.3,No,0.19748985272423755,Low,Continue regular customer engagement,"num__TotalCharges, cat__InternetService_Fiber optic, cat__PaymentMethod_Electronic check",0.0
7055-HNEOJ,Male,0,Yes,No,3,Yes,No,DSL,No,No,Yes,Yes,No,No,Month-to-month,Yes,Mailed check,55.8,154.55,No,0.3323255361554728,Low,Continue regular customer engagement,"num__tenure, cat__Contract_Month-to-month, cat__Contract_Two year",0.0
7134-MJPDY,Female,1,No,No,66,Yes,Yes,Fiber optic,No,No,Yes,Yes,Yes,Yes,One year,Yes,Credit card (automatic),102.85,6976.75,No,0.18344171264152875,Low,Continue regular customer engagement,"num__TotalCharges, cat__InternetService_Fiber optic, cat__Contract_Two year",0.0
4560-WQAQW,Female,0,No,No,59,Yes,Yes,DSL,Yes,No,No,Yes,No,Yes,One year,No,Bank transfer (automatic),68.7,4070.95,No,0.02336564211773987,Low,Continue regular customer engagement,"num__TotalCharges, cat__Contract_Two year, cat__MultipleLines_No",0.0
8532-UEFWH,Male,0,Yes,Yes,52,Yes,Yes,No,No internet service,No internet service,No internet service,No internet service,No internet service,No internet service,Two year,No,Mailed check,25.75,1345.85,No,0.006162388357054814,Low,Continue regular customer engagement,"cat__InternetService_DSL, cat__MultipleLines_No, cat__OnlineSecurity_Yes",0.0
8541-QVFKM,Female,0,No,No,8,Yes,Yes,Fiber optic,No,No,No,No,No,No,Month-to-month,Yes,Electronic check,73.5,632.2,No,0.7135152548104722,High,Immediate retention offer and customer support follow-up,"num__tenure, cat__Contract_Month-to-month, cat__InternetService_Fiber optic",73.5
7129-ACFOG,Female,0,No,No,5,Yes,Yes,DSL,Yes,No,No,No,No,No,Month-to-month,Yes,Electronic check,53.8,283.95,No,0.4447216892944191,Medium,Targeted engagement and personalized offer,"num__tenure, cat__Contract_Month-to-month, cat__PaymentMethod_Electronic check",0.0
2495-INZWQ,Male,0,No,No,4,No,No phone service,DSL,No,No,No,No,Yes,Yes,Month-to-month,Yes,Electronic check,44.55,174.3,Yes,0.7259166563164614,High,Immediate retention offer and customer support follow-up,"num__tenure, cat__Contract_Month-to-month, cat__PhoneService_Yes",44.55
0263-FJTQO,Male,0,Yes,Yes,50,Yes,Yes,DSL,Yes,No,No,Yes,Yes,No,Two year,Yes,Credit card (automatic),70.5,3486.65,No,0.019411867204171585,Low,Continue regular customer engagement,"num__TotalCharges, cat__MultipleLines_No, cat__PaperlessBilling_No",0.0
0181-RITDD,Male,0,Yes,Yes,62,Yes,No,Fiber optic,Yes,Yes,Yes,Yes,Yes,Yes,Two year,No,Mailed check,108.15,6825.65,No,0.029726696017118023,Low,Continue regular customer engagement,"num__TotalCharges, cat__InternetService_Fiber optic, cat__InternetService_DSL",0.0
8241-JUIQO,Female,0,No,No,61,Yes,No,No,No internet service,No internet service,No internet service,No internet service,No internet service,No internet service,One year,No,Bank transfer (automatic),19.45,1336.35,No,0.006315190590470697,Low,Continue regular customer engagement,"cat__Contract_Two year, cat__InternetService_DSL, cat__OnlineSecurity_Yes",0.0
0913-XWSCN,Male,0,Yes,Yes,55,Yes,Yes,Fiber optic,No,No,No,No,No,Yes,Month-to-month,No,Bank transfer (automatic),85.5,4713.4,No,0.22174866326354856,Low,Continue regular customer engagement,"num__TotalCharges, cat__Contract_Month-to-month, cat__InternetService_Fiber optic",0.0
2159-TURXX,Male,0,No,No,5,Yes,No,No,No internet service,No internet service,No internet service,No internet service,No internet service,No internet service,Month-to-month,No,Credit card (automatic),20.05,95.55,No,0.15402297098882556,Low,Continue regular customer engagement,"num__tenure, cat__Contract_Month-to-month, cat__Contract_Two year",0.0
6461-PPAXN,Female,0,Yes,Yes,35,Yes,No,DSL,Yes,No,No,Yes,No,No,One year,Yes,Bank transfer (automatic),54.95,1916,No,0.034064123353716606,Low,Continue regular customer engagement,"cat__Contract_Two year, cat__PaperlessBilling_No, cat__Partner_No",0.0
1452-KIOVK,Male,0,No,Yes,22,Yes,Yes,Fiber optic,No,Yes,No,No,Yes,No,Month-to-month,Yes,Credit card (automatic),89.1,1949.4,No,0.480402514911897,Medium,Targeted engagement and personalized offer,"num__tenure, cat__Contract_Month-to-month, cat__InternetService_Fiber optic",0.0
1139-WUOAH,Male,0,No,No,57,No,No phone service,DSL,No,No,Yes,Yes,Yes,Yes,Two year,No,Credit card (automatic),53.35,3090.05,No,0.024859177674482483,Low,Continue regular customer engagement,"num__TotalCharges, cat__PhoneService_Yes, cat__MultipleLines_No",0.0
3207-OYBWH,Male,1,Yes,No,57,Yes,Yes,Fiber optic,No,Yes,Yes,No,No,Yes,Month-to-month,Yes,Bank transfer (automatic),95.25,5427.05,Yes,0.3417589018226305,Low,Continue regular customer engagement,"num__TotalCharges, cat__Contract_Month-to-month, cat__InternetService_Fiber optic",0.0
8347-GDTMP,Female,0,Yes,No,64,Yes,No,No,No internet service,No internet service,No internet service,No internet service,No internet service,No internet service,Two year,No,Credit card (automatic),19.45,1225.65,No,0.00266443011704638,Low,Continue regular customer engagement,"cat__InternetService_DSL, cat__OnlineSecurity_Yes, cat__Partner_No",0.0
9909-DFRJA,Female,0,No,No,26,Yes,No,Fiber optic,Yes,No,Yes,Yes,No,Yes,One year,Yes,Bank transfer (automatic),95.85,2475.35,No,0.17205799463623928,Low,Continue regular customer engagement,"num__tenure, cat__InternetService_Fiber optic, cat__Contract_Two year",0.0
6383-ZTSIW,Female,1,Yes,No,39,Yes,No,Fiber optic,Yes,Yes,No,No,Yes,Yes,One year,No,Mailed check,99.1,3877.95,No,0.17146223623380752,Low,Continue regular customer engagement,"num__TotalCharges, cat__InternetService_Fiber optic, cat__Contract_Two year",0.0
5438-QMDDL,Female,0,Yes,No,19,Yes,No,DSL,No,Yes,No,No,No,Yes,Month-to-month,Yes,Mailed check,59.8,1130.85,No,0.29742055217318664,Low,Continue regular customer engagement,"num__tenure, cat__Contract_Month-to-month, cat__Contract_Two year",0.0
8914-RBTSB,Male,0,Yes,No,31,Yes,Yes,Fiber optic,No,Yes,Yes,No,Yes,No,Month-to-month,No,Electronic check,93.8,3019.5,Yes,0.4925245734260788,Medium,Targeted engagement and personalized offer,"cat__Contract_Month-to-month, num__TotalCharges, cat__InternetService_Fiber optic",0.0
6164-HXUGH,Female,0,Yes,Yes,6,Yes,No,No,No internet service,No internet service,No internet service,No internet service,No internet service,No internet service,Month-to-month,No,Mailed check,19.85,119.3,No,0.1321922880046329,Low,Continue regular customer engagement,"num__tenure, cat__Contract_Month-to-month, cat__Contract_Two year",0.0
6900-RBKER,Male,0,No,No,52,Yes,Yes,Fiber optic,No,No,Yes,No,No,Yes,Two year,Yes,Credit card (automatic),89.45,4577.75,No,0.11927164749100345,Low,Continue regular customer engagement,"num__TotalCharges, cat__InternetService_Fiber optic, cat__InternetService_DSL",0.0
1492-QGCLU,Male,0,Yes,Yes,53,Yes,Yes,DSL,Yes,No,Yes,Yes,Yes,Yes,Month-to-month,No,Electronic check,85.7,4616.1,No,0.09884594711637001,Low,Continue regular customer engagement,"num__TotalCharges, cat__Contract_Month-to-month, cat__PaymentMethod_Electronic check",0.0
6664-FPDAC,Female,1,No,No,56,Yes,Yes,Fiber optic,No,Yes,Yes,Yes,Yes,Yes,One year,Yes,Electronic check,111.95,6418.9,Yes,0.2951505855263596,Low,Continue regular customer engagement,"num__TotalCharges, cat__InternetService_Fiber optic, cat__PaymentMethod_Electronic check",0.0
1088-AUUZZ,Male,0,Yes,Yes,56,Yes,Yes,DSL,Yes,Yes,No,Yes,No,Yes,Two year,Yes,Credit card (automatic),75.85,4261.2,No,0.014512760018463786,Low,Continue regular customer engagement,"num__TotalCharges, cat__MultipleLines_No, cat__PaperlessBilling_No",0.0
6651-AZVTJ,Male,0,Yes,Yes,49,Yes,Yes,Fiber optic,No,No,Yes,No,Yes,Yes,Month-to-month,Yes,Electronic check,99.8,4872.45,Yes,0.5056875221775793,Medium,Targeted engagement and personalized offer,"num__TotalCharges, cat__Contract_Month-to-month, cat__InternetService_Fiber optic",0.0
8219-VYBVI,Male,0,No,Yes,39,Yes,Yes,No,No internet service,No internet service,No internet service,No internet service,No internet service,No internet service,Two year,No,Mailed check,25.0,1004.35,No,0.010970382559481798,Low,Continue regular customer engagement,"cat__InternetService_DSL, cat__MultipleLines_No, cat__OnlineSecurity_Yes",0.0
0310-MVLET,Female,0,Yes,Yes,61,Yes,Yes,Fiber optic,No,Yes,No,No,Yes,Yes,Month-to-month,Yes,Electronic check,99.15,6010.05,Yes,0.3834013356906091,Low,Continue regular customer engagement,"num__TotalCharges, cat__Contract_Month-to-month, cat__InternetService_Fiber optic",0.0
7233-IOQNP,Female,0,Yes,No,43,No,No phone service,DSL,Yes,No,No,Yes,No,No,Month-to-month,No,Bank transfer (automatic),34.0,1505.35,No,0.06051432850297502,Low,Continue regular customer engagement,"cat__Contract_Month-to-month, cat__PhoneService_Yes, cat__Contract_Two year",0.0
7311-MQJCH,Female,0,No,No,5,Yes,No,No,No internet service,No internet service,No internet service,No internet service,No internet service,No internet service,One year,No,Electronic check,19.55,99.6,No,0.11827684405747411,Low,Continue regular customer engagement,"num__tenure, cat__PaymentMethod_Electronic check, cat__Contract_Two year",0.0
9256-JTBNZ,Female,0,No,No,11,Yes,No,No,No internet service,No internet service,No internet service,No internet service,No internet service,No internet service,Month-to-month,No,Bank transfer (automatic),20.3,246.3,No,0.12181718673408587,Low,Continue regular customer engagement,"num__tenure, cat__Contract_Month-to-month, cat__Contract_Two year",0.0
8713-IGZSO,Male,0,No,No,2,Yes,Yes,No,No internet service,No internet service,No internet service,No internet service,No internet service,No internet service,Month-to-month,No,Mailed check,24.85,62,No,0.23614375901024318,Low,Continue regular customer engagement,"num__tenure, cat__Contract_Month-to-month, cat__Contract_Two year",0.0
6821-BUXUX,Female,0,No,No,13,Yes,Yes,Fiber optic,Yes,Yes,No,No,Yes,No,Month-to-month,Yes,Electronic check,96.65,1244.5,Yes,0.6009041587708642,Medium,Targeted engagement and personalized offer,"num__tenure, cat__Contract_Month-to-month, cat__InternetService_Fiber optic",0.0
9114-DPSIA,Male,0,Yes,Yes,72,Yes,Yes,DSL,Yes,Yes,Yes,Yes,No,Yes,Two year,No,Credit card (automatic),81.0,5750,No,0.00607135289058975,Low,Continue regular customer engagement,"num__TotalCharges, cat__MultipleLines_No, cat__StreamingMovies_Yes",0.0
4501-UYKBC,Female,1,No,No,46,Yes,Yes,DSL,No,No,Yes,Yes,No,Yes,One year,Yes,Credit card (automatic),69.1,3255.35,No,0.08459799282434019,Low,Continue regular customer engagement,"num__TotalCharges, cat__Contract_Two year, num__SeniorCitizen",0.0
2798-NYLMZ,Male,0,Yes,No,71,Yes,Yes,Fiber optic,Yes,No,Yes,Yes,Yes,Yes,Two year,Yes,Credit card (automatic),108.55,7616,No,0.057521827940882606,Low,Continue regular customer engagement,"num__TotalCharges, cat__InternetService_Fiber optic, cat__InternetService_DSL",0.0
6711-VTNRE,Female,0,No,No,36,Yes,No,Fiber optic,No,No,Yes,Yes,No,Yes,Month-to-month,Yes,Electronic check,87.55,3078.1,Yes,0.3917104587096608,Low,Continue regular customer engagement,"num__TotalCharges, cat__Contract_Month-to-month, cat__InternetService_Fiber optic",0.0
5966-EMAZU,Male,0,Yes,No,64,Yes,Yes,Fiber optic,Yes,No,Yes,Yes,Yes,Yes,One year,Yes,Mailed check,108.5,6880.85,No,0.1361498318553743,Low,Continue regular customer engagement,"num__TotalCharges, cat__InternetService_Fiber optic, cat__Contract_Two year",0.0
3627-FHKBK,Female,0,No,No,1,Yes,No,Fiber optic,Yes,No,No,No,No,No,Month-to-month,No,Mailed check,75.3,75.3,Yes,0.4365077847348816,Medium,Targeted engagement and personalized offer,"num__tenure, cat__Contract_Month-to-month, cat__InternetService_Fiber optic",0.0
7861-UVUFT,Female,0,Yes,No,15,Yes,No,Fiber optic,No,No,Yes,No,Yes,No,Month-to-month,Yes,Electronic check,84.3,1308.4,Yes,0.650751683726572,Medium,Targeted engagement and personalized offer,"num__tenure, cat__Contract_Month-to-month, cat__InternetService_Fiber optic",0.0
9824-QCJPK,Male,0,Yes,No,36,Yes,No,No,No internet service,No internet service,No internet service,No internet service,No internet service,No internet service,One year,No,Mailed check,20.0,666.75,No,0.022139376118426785,Low,Continue regular customer engagement,"cat__Contract_Two year, cat__InternetService_DSL, cat__OnlineSecurity_Yes",0.0
7816-VGHTO,Female,0,Yes,Yes,6,No,No phone service,DSL,No,Yes,Yes,Yes,No,No,Two year,No,Mailed check,40.55,217.5,No,0.0810912741815829,Low,Continue regular customer engagement,"num__tenure, cat__PhoneService_Yes, cat__MultipleLines_No",0.0
3794-NFNCH,Male,0,Yes,No,30,Yes,No,DSL,No,No,Yes,No,No,No,Month-to-month,Yes,Mailed check,50.0,1474.9,No,0.1953800364809768,Low,Continue regular customer engagement,"cat__Contract_Month-to-month, cat__Contract_Two year, cat__PaperlessBilling_No",0.0
3877-JRJIP,Male,0,No,No,1,Yes,Yes,DSL,No,No,No,No,Yes,No,Month-to-month,Yes,Electronic check,59.85,59.85,Yes,0.6445786065486544,Medium,Targeted engagement and personalized offer,"num__tenure, cat__Contract_Month-to-month, cat__PaymentMethod_Electronic check",0.0
5228-EXCET,Male,0,No,No,13,Yes,No,Fiber optic,No,No,No,No,No,Yes,Month-to-month,Yes,Electronic check,80.85,1008.7,Yes,0.6670353190180508,Medium,Targeted engagement and personalized offer,"num__tenure, cat__Contract_Month-to-month, cat__InternetService_Fiber optic",0.0
6248-BSHKG,Male,0,Yes,Yes,61,Yes,No,No,No internet service,No internet service,No internet service,No internet service,No internet service,No internet service,One year,No,Mailed check,20.4,1226.45,No,0.005451984193855469,Low,Continue regular customer engagement,"cat__Contract_Two year, cat__InternetService_DSL, cat__OnlineSecurity_Yes",0.0
8915-NNTRC,Male,0,Yes,Yes,72,Yes,Yes,Fiber optic,Yes,Yes,No,Yes,Yes,Yes,Two year,Yes,Credit card (automatic),107.7,7919.8,No,0.04175718863280536,Low,Continue regular customer engagement,"num__TotalCharges, cat__InternetService_Fiber optic, cat__InternetService_DSL",0.0
3470-OBUET,Female,0,Yes,Yes,67,Yes,Yes,DSL,Yes,Yes,No,Yes,Yes,No,Two year,No,Credit card (automatic),74.0,4868.4,No,0.006445535150754078,Low,Continue regular customer engagement,"num__TotalCharges, cat__MultipleLines_No, cat__StreamingTV_Yes",0.0
3229-USWAR,Female,0,No,No,34,Yes,No,DSL,Yes,No,Yes,Yes,Yes,Yes,One year,Yes,Bank transfer (automatic),79.95,2727.3,No,0.07616641591449122,Low,Continue regular customer engagement,"num__TotalCharges, cat__Contract_Two year, cat__PaperlessBilling_No",0.0
1927-QEWMY,Female,0,Yes,No,72,Yes,No,No,No internet service,No internet service,No internet service,No internet service,No internet service,No internet service,Two year,No,Credit card (automatic),20.5,1502.25,No,0.0018702614602730343,Low,Continue regular customer engagement,"cat__InternetService_DSL, cat__OnlineSecurity_Yes, cat__Partner_No",0.0
6374-AFWOX,Male,0,Yes,No,46,Yes,No,DSL,Yes,Yes,Yes,Yes,No,No,Two year,No,Mailed check,65.65,3047.15,No,0.010105315745125814,Low,Continue regular customer engagement,"num__TotalCharges, cat__Partner_No, cat__Dependents_Yes",0.0
7912-SYRQT,Female,0,No,No,7,Yes,Yes,Fiber optic,No,No,No,No,No,No,Month-to-month,Yes,Bank transfer (automatic),75.1,552.95,Yes,0.6373882931573546,Medium,Targeted engagement and personalized offer,"num__tenure, cat__Contract_Month-to-month, cat__InternetService_Fiber optic",0.0
2070-FNEXE,Female,1,No,No,7,Yes,No,Fiber optic,Yes,No,No,No,No,No,Month-to-month,No,Bank transfer (automatic),76.45,503.6,Yes,0.40529838196164686,Medium,Targeted engagement and personalized offer,"num__tenure, cat__Contract_Month-to-month, cat__InternetService_Fiber optic",0.0
5803-NQJZO,Male,0,Yes,No,72,Yes,Yes,DSL,Yes,Yes,Yes,Yes,No,No,Two year,Yes,Bank transfer (automatic),67.8,4804.65,No,0.007175184267778663,Low,Continue regular customer engagement,"num__TotalCharges, cat__MultipleLines_No, cat__PaperlessBilling_No",0.0
5651-YLPRD,Female,0,Yes,Yes,32,Yes,No,Fiber optic,No,Yes,No,No,Yes,No,Month-to-month,Yes,Electronic check,86.1,2723.75,No,0.43093956494409336,Medium,Targeted engagement and personalized offer,"cat__Contract_Month-to-month, cat__InternetService_Fiber optic, num__TotalCharges",0.0
1271-UODNO,Male,0,No,No,39,Yes,Yes,DSL,No,No,No,Yes,No,No,Two year,Yes,Credit card (automatic),53.85,2200.7,No,0.03746030179342024,Low,Continue regular customer engagement,"cat__MultipleLines_No, cat__PaperlessBilling_No, cat__OnlineSecurity_No",0.0
5014-WUQMG,Male,0,Yes,Yes,47,Yes,No,Fiber optic,Yes,Yes,Yes,No,No,Yes,One year,Yes,Electronic check,96.1,4391.45,No,0.14249400968453196,Low,Continue regular customer engagement,"num__TotalCharges, cat__InternetService_Fiber optic, cat__PaymentMethod_Electronic check",0.0
5889-JTMUL,Female,1,Yes,No,50,Yes,Yes,Fiber optic,No,Yes,Yes,No,Yes,No,Month-to-month,Yes,Electronic check,95.05,4888.7,Yes,0.4845269547397453,Medium,Targeted engagement and personalized offer,"num__TotalCharges, cat__Contract_Month-to-month, cat__InternetService_Fiber optic",0.0
0788-DXBFY,Male,0,Yes,Yes,58,Yes,No,No,No internet service,No internet service,No internet service,No internet service,No internet service,No internet service,One year,Yes,Electronic check,19.55,1108.8,No,0.012218909553857365,Low,Continue regular customer engagement,"cat__PaymentMethod_Electronic check, cat__Contract_Two year, cat__InternetService_DSL",0.0
2669-QVCRG,Female,0,No,No,41,Yes,Yes,Fiber optic,Yes,No,No,No,No,No,Month-to-month,Yes,Credit card (automatic),81.3,3190.65,No,0.26455181895968694,Low,Continue regular customer engagement,"num__TotalCharges, cat__Contract_Month-to-month, cat__InternetService_Fiber optic",0.0
6630-UJZMY,Female,1,Yes,No,4,Yes,Yes,Fiber optic,No,No,No,No,Yes,No,Month-to-month,Yes,Electronic check,83.25,308.05,No,0.80567753852246,High,Immediate retention offer and customer support follow-up,"num__tenure, cat__Contract_Month-to-month, cat__InternetService_Fiber optic",83.25
5061-PBXFW,Female,0,Yes,Yes,32,Yes,No,DSL,Yes,Yes,No,Yes,No,No,Month-to-month,No,Bank transfer (automatic),61.4,1864.65,No,0.04531375623523599,Low,Continue regular customer engagement,"cat__Contract_Month-to-month, cat__Contract_Two year, cat__Partner_No",0.0
2700-LUEVA,Male,0,No,No,1,Yes,No,No,No internet service,No internet service,No internet service,No internet service,No internet service,No internet service,Month-to-month,No,Credit card (automatic),20.75,20.75,No,0.1810765575887723,Low,Continue regular customer engagement,"num__tenure, cat__Contract_Month-to-month, cat__Contract_Two year",0.0
3865-ZFZIB,Male,0,No,No,19,Yes,No,No,No internet service,No internet service,No internet service,No internet service,No internet service,No internet service,Two year,No,Mailed check,19.65,358.15,No,0.025204735652712598,Low,Continue regular customer engagement,"num__tenure, cat__InternetService_DSL, cat__OnlineSecurity_Yes",0.0
0471-ARVMX,Female,1,Yes,No,62,Yes,Yes,Fiber optic,Yes,No,Yes,No,Yes,Yes,One year,Yes,Electronic check,104.85,6312.9,No,0.255849888548638,Low,Continue regular customer engagement,"num__TotalCharges, cat__InternetService_Fiber optic, cat__PaymentMethod_Electronic check",0.0
8985-OOPOS,Female,0,No,No,1,Yes,No,DSL,No,No,Yes,Yes,Yes,Yes,One year,No,Credit card (automatic),74.1,74.1,No,0.1986492300149593,Low,Continue regular customer engagement,"num__tenure, cat__Contract_Two year, cat__OnlineSecurity_No",0.0
0719-SYFRB,Female,0,No,No,12,Yes,Yes,DSL,Yes,No,Yes,Yes,No,No,Month-to-month,Yes,Mailed check,61.65,713.75,Yes,0.22702395091953073,Low,Continue regular customer engagement,"num__tenure, cat__Contract_Month-to-month, cat__Contract_Two year",0.0
0447-BEMNG,Female,0,Yes,No,48,No,No phone service,DSL,Yes,No,Yes,No,No,Yes,Month-to-month,Yes,Bank transfer (automatic),45.3,2145,Yes,0.1271124930177375,Low,Continue regular customer engagement,"cat__Contract_Month-to-month, cat__PhoneService_Yes, cat__Contract_Two year",0.0
5630-AHZIL,Female,0,No,Yes,3,Yes,No,DSL,Yes,No,No,Yes,No,Yes,Month-to-month,Yes,Bank transfer (automatic),64.5,177.4,No,0.23075503860724017,Low,Continue regular customer engagement,"num__tenure, cat__Contract_Month-to-month, cat__Contract_Two year",0.0
2190-BCXEC,Female,0,Yes,No,40,Yes,Yes,Fiber optic,No,No,No,Yes,No,No,Month-to-month,Yes,Credit card (automatic),78.85,3126.85,No,0.2863794615227211,Low,Continue regular customer engagement,"num__TotalCharges, cat__Contract_Month-to-month, cat__InternetService_Fiber optic",0.0
1559-DTODC,Male,0,No,No,19,No,No phone service,DSL,No,No,No,No,No,No,Month-to-month,Yes,Bank transfer (automatic),25.15,468.35,No,0.364678874085779,Low,Continue regular customer engagement,"num__tenure, cat__Contract_Month-to-month, cat__PhoneService_Yes",0.0
3244-DCJWY,Female,0,No,No,1,Yes,No,Fiber optic,No,No,No,No,No,No,Month-to-month,Yes,Electronic check,70.25,70.25,Yes,0.702209948951582,High,Immediate retention offer and customer support follow-up,"num__tenure, cat__Contract_Month-to-month, cat__InternetService_Fiber optic",70.25
3967-VQOGC,Female,0,Yes,Yes,67,Yes,Yes,No,No internet service,No internet service,No internet service,No internet service,No internet service,No internet service,Two year,Yes,Mailed check,24.9,1680.25,No,0.0042823438623870265,Low,Continue regular customer engagement,"cat__InternetService_DSL, cat__MultipleLines_No, cat__PaperlessBilling_No",0.0
0265-PSUAE,Female,0,Yes,Yes,16,Yes,No,Fiber optic,Yes,No,Yes,No,Yes,Yes,Month-to-month,No,Bank transfer (automatic),100.7,1522.7,No,0.3606498746829419,Low,Continue regular customer engagement,"num__tenure, cat__Contract_Month-to-month, cat__InternetService_Fiber optic",0.0
1622-HSHSF,Female,0,No,No,1,Yes,No,No,No internet service,No internet service,No internet service,No internet service,No internet service,No internet service,Month-to-month,Yes,Mailed check,19.55,19.55,No,0.25618870488946716,Low,Continue regular customer engagement,"num__tenure, cat__Contract_Month-to-month, cat__Contract_Two year",0.0
9867-XOBQA,Female,0,No,Yes,21,No,No phone service,DSL,Yes,Yes,Yes,Yes,Yes,No,Two year,No,Mailed check,53.15,1183.2,No,0.03844489652324527,Low,Continue regular customer engagement,"num__tenure, cat__PhoneService_Yes, cat__MultipleLines_No",0.0
6773-LQTVT,Female,1,Yes,Yes,29,No,No phone service,DSL,No,Yes,Yes,No,No,No,Month-to-month,Yes,Mailed check,35.65,1025.15,No,0.23468389831903094,Low,Continue regular customer engagement,"cat__Contract_Month-to-month, cat__PhoneService_Yes, cat__Contract_Two year",0.0
4332-MUOEZ,Male,1,Yes,Yes,20,Yes,No,Fiber optic,Yes,No,Yes,Yes,No,Yes,One year,No,Credit card (automatic),94.3,1818.3,No,0.1346381055261088,Low,Continue regular customer engagement,"num__tenure, cat__InternetService_Fiber optic, cat__Contract_Two year",0.0
0023-XUOPT,Female,0,Yes,No,13,Yes,Yes,Fiber optic,No,Yes,Yes,No,Yes,No,Month-to-month,No,Electronic check,94.1,1215.6,Yes,0.6082430618198617,Medium,Targeted engagement and personalized offer,"num__tenure, cat__Contract_Month-to-month, cat__InternetService_Fiber optic",0.0
6543-CPZMK,Male,0,Yes,Yes,9,No,No phone service,DSL,No,Yes,No,No,No,No,Month-to-month,Yes,Electronic check,29.95,248.95,Yes,0.4797070295496098,Medium,Targeted engagement and personalized offer,"num__tenure, cat__Contract_Month-to-month, cat__PhoneService_Yes",0.0
6418-HNFED,Male,0,Yes,No,51,Yes,No,DSL,Yes,Yes,Yes,Yes,Yes,Yes,Two year,Yes,Credit card (automatic),83.25,4089.45,No,0.020158420081350957,Low,Continue regular customer engagement,"num__TotalCharges, cat__PaperlessBilling_No, cat__StreamingTV_Yes",0.0
1036-GUDCL,Male,0,Yes,Yes,60,Yes,No,DSL,Yes,Yes,No,Yes,Yes,Yes,Month-to-month,Yes,Credit card (automatic),79.05,4663.4,No,0.046080875250862414,Low,Continue regular customer engagement,"num__TotalCharges, cat__Contract_Month-to-month, cat__Contract_Two year",0.0
4818-QIUFN,Female,1,No,No,20,Yes,Yes,Fiber optic,Yes,No,No,No,No,No,Month-to-month,Yes,Electronic check,79.15,1520.9,Yes,0.5547942970328489,Medium,Targeted engagement and personalized offer,"num__tenure, cat__Contract_Month-to-month, cat__InternetService_Fiber optic",0.0
0778-NELLA,Male,0,No,No,9,No,No phone service,DSL,No,No,No,No,Yes,No,Month-to-month,Yes,Credit card (automatic),34.7,296.1,Yes,0.5288175841917833,Medium,Targeted engagement and personalized offer,"num__tenure, cat__Contract_Month-to-month, cat__PhoneService_Yes",0.0
7495-OOKFY,Female,1,Yes,No,8,Yes,Yes,Fiber optic,No,Yes,No,No,No,No,Month-to-month,Yes,Credit card (automatic),80.65,633.3,Yes,0.6208313526519045,Medium,Targeted engagement and personalized offer,"num__tenure, cat__Contract_Month-to-month, cat__InternetService_Fiber optic",0.0
4737-HOBAX,Male,0,Yes,No,63,Yes,Yes,DSL,No,No,Yes,Yes,Yes,Yes,Two year,No,Credit card (automatic),79.8,5034.05,No,0.022850248540869002,Low,Continue regular customer engagement,"num__TotalCharges, cat__MultipleLines_No, cat__OnlineSecurity_No",0.0
7919-ZODZZ,Female,0,Yes,Yes,10,Yes,No,DSL,No,Yes,Yes,No,No,Yes,One year,Yes,Mailed check,65.9,660.05,No,0.186436975903556,Low,Continue regular customer engagement,"num__tenure, cat__Contract_Two year, cat__PaperlessBilling_No",0.0
2988-PLAHS,Female,0,No,No,3,Yes,No,DSL,No,No,Yes,No,Yes,Yes,One year,Yes,Electronic check,69.95,220.45,No,0.42481974056047683,Medium,Targeted engagement and personalized offer,"num__tenure, cat__PaymentMethod_Electronic check, cat__Contract_Two year",0.0
9067-SQTNS,Male,0,Yes,Yes,44,Yes,No,No,No internet service,No internet service,No internet service,No internet service,No internet service,No internet service,One year,No,Bank transfer (automatic),20.6,926,No,0.011626868410268736,Low,Continue regular customer engagement,"cat__Contract_Two year, cat__InternetService_DSL, cat__OnlineSecurity_Yes",0.0
6483-OATDN,Male,0,Yes,Yes,8,Yes,No,DSL,Yes,No,No,No,No,No,Month-to-month,Yes,Credit card (automatic),51.3,411.6,No,0.22664849189492547,Low,Continue regular customer engagement,"num__tenure, cat__Contract_Month-to-month, cat__Contract_Two year",0.0
5469-CTCWN,Male,0,Yes,Yes,61,Yes,Yes,Fiber optic,Yes,Yes,No,No,Yes,Yes,One year,Yes,Electronic check,106.0,6547.7,Yes,0.1914549552876906,Low,Continue regular customer engagement,"num__TotalCharges, cat__InternetService_Fiber optic, cat__PaymentMethod_Electronic check",0.0
3524-WQDSG,Female,0,Yes,Yes,43,Yes,Yes,Fiber optic,No,No,Yes,No,Yes,Yes,Month-to-month,Yes,Bank transfer (automatic),99.3,4209.95,No,0.4421919409298268,Medium,Targeted engagement and personalized offer,"num__TotalCharges, cat__Contract_Month-to-month, cat__InternetService_Fiber optic",0.0
6968-URWQU,Male,0,Yes,No,43,Yes,No,DSL,No,No,No,No,Yes,No,One year,Yes,Mailed check,56.35,2391.15,No,0.09024815580026205,Low,Continue regular customer engagement,"cat__Contract_Two year, num__TotalCharges, cat__PaperlessBilling_No",0.0
8601-QACRS,Female,0,No,No,5,Yes,Yes,DSL,No,No,No,No,No,No,Month-to-month,Yes,Mailed check,50.6,249.95,Yes,0.4710004971703738,Medium,Targeted engagement and personalized offer,"num__tenure, cat__Contract_Month-to-month, cat__Contract_Two year",0.0
8690-UPCZI,Male,0,Yes,Yes,29,Yes,Yes,DSL,Yes,No,No,Yes,Yes,No,One year,No,Bank transfer (automatic),69.05,1958.45,No,0.05374903955185944,Low,Continue regular customer engagement,"cat__Contract_Two year, cat__MultipleLines_No, num__tenure",0.0
5331-RGMTT,Male,1,Yes,No,54,Yes,Yes,Fiber optic,No,No,Yes,No,Yes,Yes,Month-to-month,Yes,Credit card (automatic),99.05,5295.7,No,0.45762345931264914,Medium,Targeted engagement and personalized offer,"num__TotalCharges, cat__Contract_Month-to-month, cat__InternetService_Fiber optic",0.0
1357-BIJKI,Male,0,Yes,No,50,Yes,Yes,Fiber optic,No,Yes,No,No,Yes,Yes,One year,Yes,Electronic check,98.25,4858.7,No,0.3462431808702896,Low,Continue regular customer engagement,"num__TotalCharges, cat__InternetService_Fiber optic, cat__PaymentMethod_Electronic check",0.0
2088-IEBAU,Female,0,No,No,68,Yes,Yes,DSL,Yes,Yes,Yes,Yes,Yes,Yes,Two year,Yes,Electronic check,88.15,6148.45,No,0.02648407686958648,Low,Continue regular customer engagement,"num__TotalCharges, cat__PaymentMethod_Electronic check, cat__MultipleLines_No",0.0
0679-IDSTG,Female,1,Yes,Yes,1,Yes,No,Fiber optic,No,No,No,No,No,No,Month-to-month,Yes,Electronic check,69.25,69.25,Yes,0.6894021081166019,Medium,Targeted engagement and personalized offer,"num__tenure, cat__Contract_Month-to-month, cat__InternetService_Fiber optic",0.0
6519-ZHPXP,Female,0,Yes,Yes,72,Yes,No,Fiber optic,Yes,Yes,Yes,Yes,Yes,Yes,Two year,Yes,Bank transfer (automatic),108.3,7679.65,No,0.028906355006615952,Low,Continue regular customer engagement,"num__TotalCharges, cat__InternetService_Fiber optic, cat__InternetService_DSL",0.0
2101-RANCD,Female,0,No,No,55,Yes,Yes,Fiber optic,No,No,No,No,No,No,Month-to-month,Yes,Electronic check,73.1,4144.9,No,0.33610655605265616,Low,Continue regular customer engagement,"num__TotalCharges, cat__Contract_Month-to-month, cat__InternetService_Fiber optic",0.0
4029-HPFVY,Male,0,No,No,3,Yes,No,Fiber optic,No,No,No,No,No,No,Month-to-month,Yes,Mailed check,70.3,220.4,No,0.6213229725295027,Medium,Targeted engagement and personalized offer,"num__tenure, cat__Contract_Month-to-month, cat__InternetService_Fiber optic",0.0
1015-OWJKI,Male,0,No,No,1,Yes,No,No,No internet service,No internet service,No internet service,No internet service,No internet service,No internet service,Month-to-month,No,Mailed check,19.05,19.05,No,0.19554519023310718,Low,Continue regular customer engagement,"num__tenure, cat__Contract_Month-to-month, cat__Contract_Two year",0.0
8314-HTWVE,Female,0,Yes,Yes,7,Yes,No,No,No internet service,No internet service,No internet service,No internet service,No internet service,No internet service,Two year,No,Mailed check,19.85,144.15,No,0.03567913216001472,Low,Continue regular customer engagement,"num__tenure, cat__InternetService_DSL, cat__OnlineSecurity_Yes",0.0
5357-TZHPP,Male,1,No,No,9,Yes,Yes,Fiber optic,No,No,No,No,No,Yes,Month-to-month,Yes,Credit card (automatic),84.4,732.5,Yes,0.7011895791419227,High,Immediate retention offer and customer support follow-up,"num__tenure, cat__Contract_Month-to-month, cat__InternetService_Fiber optic",84.4
8727-XDPUD,Male,0,No,No,37,No,No phone service,DSL,No,No,No,No,Yes,No,Two year,No,Credit card (automatic),35.8,1316.9,No,0.05466934660339199,Low,Continue regular customer engagement,"cat__PhoneService_Yes, cat__MultipleLines_No, cat__OnlineSecurity_No",0.0
9073-ZZIAY,Male,0,Yes,Yes,62,Yes,No,DSL,Yes,Yes,Yes,Yes,Yes,Yes,Two year,No,Electronic check,86.1,5215.25,No,0.012576410334776134,Low,Continue regular customer engagement,"num__TotalCharges, cat__PaymentMethod_Electronic check, cat__StreamingTV_Yes",0.0
5181-OABFK,Female,0,Yes,Yes,56,Yes,No,DSL,Yes,Yes,Yes,No,No,No,Two year,Yes,Credit card (automatic),61.3,3346.8,No,0.009591655012387908,Low,Continue regular customer engagement,"num__TotalCharges, cat__PaperlessBilling_No, cat__TechSupport_No",0.0
3812-LRZIR,Female,0,Yes,Yes,27,Yes,Yes,No,No internet service,No internet service,No internet service,No internet service,No internet service,No internet service,Two year,No,Electronic check,24.5,761.95,No,0.02644965998330579,Low,Continue regular customer engagement,"num__tenure, cat__PaymentMethod_Electronic check, cat__InternetService_DSL",0.0
5204-HMGYF,Female,0,Yes,Yes,49,Yes,No,DSL,Yes,Yes,Yes,Yes,Yes,Yes,One year,Yes,Mailed check,87.2,4345,No,0.03945880523398994,Low,Continue regular customer engagement,"num__TotalCharges, cat__Contract_Two year, cat__PaperlessBilling_No",0.0
9950-MTGYX,Male,0,Yes,Yes,28,Yes,No,No,No internet service,No internet service,No internet service,No internet service,No internet service,No internet service,Two year,Yes,Credit card (automatic),20.3,487.95,No,0.017384244775204987,Low,Continue regular customer engagement,"num__tenure, cat__InternetService_DSL, cat__PaperlessBilling_No",0.0
3675-EQOZA,Male,0,No,No,5,Yes,No,No,No internet service,No internet service,No internet service,No internet service,No internet service,No internet service,Month-to-month,No,Bank transfer (automatic),20.65,93.55,No,0.15789064110372575,Low,Continue regular customer engagement,"num__tenure, cat__Contract_Month-to-month, cat__Contract_Two year",0.0
3646-ITDGM,Female,0,No,No,56,Yes,No,No,No internet service,No internet service,No internet service,No internet service,No internet service,No internet service,Two year,No,Bank transfer (automatic),19.7,1051.9,No,0.00392397185844534,Low,Continue regular customer engagement,"cat__InternetService_DSL, cat__OnlineSecurity_Yes, cat__Dependents_Yes",0.0
3913-FCUUW,Female,0,Yes,Yes,72,Yes,Yes,DSL,Yes,Yes,Yes,Yes,No,No,Two year,Yes,Bank transfer (automatic),70.45,5165.7,No,0.006151604678207924,Low,Continue regular customer engagement,"num__TotalCharges, cat__MultipleLines_No, cat__PaperlessBilling_No",0.0
